fraction,policy,share_full_vulnerability,share_full_vulnerability_absolute_control_gate,source
0.1,cluster_threshold,0.4533333333333333,0.4177777777777778,low_score_benign
0.2,cluster_threshold,0.88,0.8444444444444444,low_score_benign
0.4,cluster_threshold,0.7866666666666666,0.6177777777777778,low_score_benign
0.1,cluster_threshold,0.9866666666666667,0.9511111111111111,high_score_benign
0.2,cluster_threshold,1.0,0.8977777777777778,high_score_benign
0.4,cluster_threshold,1.0,0.8666666666666667,high_score_benign
0.1,cluster_threshold,0.5333333333333333,0.2,high_score_train_feature_benign
0.2,cluster_threshold,0.72,0.08,high_score_train_feature_benign
0.4,cluster_threshold,0.96,0.04,high_score_train_feature_benign
0.1,global_threshold,0.3466666666666667,0.3466666666666667,low_score_benign
0.2,global_threshold,0.56,0.56,low_score_benign
0.4,global_threshold,0.8,0.8,low_score_benign
0.1,global_threshold,0.9333333333333333,0.9333333333333333,high_score_benign
0.2,global_threshold,0.9866666666666667,0.9866666666666667,high_score_benign
0.4,global_threshold,1.0,1.0,high_score_benign
0.1,global_threshold,0.3466666666666667,0.16,high_score_train_feature_benign
0.2,global_threshold,0.7333333333333333,0.32,high_score_train_feature_benign
0.4,global_threshold,0.9066666666666666,0.32,high_score_train_feature_benign
0.1,local_threshold,0.9066666666666666,0.6711111111111111,low_score_benign
0.2,local_threshold,1.0,0.72,low_score_benign
0.4,local_threshold,1.0,0.5644444444444444,low_score_benign
0.1,local_threshold,1.0,0.8,high_score_benign
0.2,local_threshold,0.9866666666666667,0.6933333333333334,high_score_benign
0.4,local_threshold,0.9733333333333334,0.64,high_score_benign
0.1,local_threshold,0.96,0.22666666666666666,high_score_train_feature_benign
0.2,local_threshold,0.9733333333333334,0.14666666666666667,high_score_train_feature_benign
0.4,local_threshold,0.8666666666666667,0.013333333333333334,high_score_train_feature_benign
