claim_class,dataset,fraction,gate1_pass,gate2_pass,gate3_pass,objective,policy,random_control_unstable,source
full_vulnerability,nbaiot,0.1,True,True,True,threshold_lower,cluster_threshold,False,low_score_benign
full_vulnerability,nbaiot,0.2,True,True,True,threshold_lower,cluster_threshold,False,low_score_benign
full_vulnerability,nbaiot,0.4,True,True,True,threshold_lower,cluster_threshold,False,low_score_benign
full_vulnerability,nbaiot,0.1,True,True,True,threshold_raise,cluster_threshold,False,high_score_benign
full_vulnerability,nbaiot,0.2,True,True,True,threshold_raise,cluster_threshold,False,high_score_benign
full_vulnerability,nbaiot,0.4,True,True,True,threshold_raise,cluster_threshold,False,high_score_benign
null_or_conditional,nbaiot,0.1,False,True,True,threshold_lower,global_threshold,False,low_score_benign
full_vulnerability,nbaiot,0.2,True,True,True,threshold_lower,global_threshold,False,low_score_benign
full_vulnerability,nbaiot,0.4,True,True,True,threshold_lower,global_threshold,False,low_score_benign
full_vulnerability,nbaiot,0.1,True,True,True,threshold_raise,global_threshold,False,high_score_benign
full_vulnerability,nbaiot,0.2,True,True,True,threshold_raise,global_threshold,False,high_score_benign
full_vulnerability,nbaiot,0.4,True,True,True,threshold_raise,global_threshold,False,high_score_benign
full_vulnerability,nbaiot,0.1,True,True,True,threshold_lower,local_threshold,False,low_score_benign
full_vulnerability,nbaiot,0.2,True,True,True,threshold_lower,local_threshold,False,low_score_benign
calibration_instability,nbaiot,0.4,True,True,True,threshold_lower,local_threshold,True,low_score_benign
full_vulnerability,nbaiot,0.1,True,True,True,threshold_raise,local_threshold,False,high_score_benign
full_vulnerability,nbaiot,0.2,True,True,True,threshold_raise,local_threshold,False,high_score_benign
full_vulnerability,nbaiot,0.4,True,True,True,threshold_raise,local_threshold,False,high_score_benign
