cluster_churn,dataset,fraction,frozen_scaler_effect,non_victim_effect,objective,policy,refit_minus_frozen_scaler,source,spillover_count,victim_effect
0.0,nbaiot,0.0,0.0,0.0,threshold_lower,cluster_threshold,0.0,low_score_benign,0.0,0.0
-0.03728618231533028,nbaiot,0.1,-0.05732560900522887,0.00023674390162338883,threshold_lower,cluster_threshold,0.003335862535017509,low_score_benign,2.4555555555555557,-0.05398974647021137
-0.0799944786949566,nbaiot,0.2,-0.1121680016627328,0.0020610991688358917,threshold_lower,cluster_threshold,0.0013746170644406907,low_score_benign,2.5444444444444443,-0.1107933845982921
-0.10479383319623206,nbaiot,0.4,-0.16342685214367994,-0.0008916777673660568,threshold_lower,cluster_threshold,0.005472977622032694,low_score_benign,2.7111111111111112,-0.15795387452164725
0.0,nbaiot,0.0,0.0,0.0,threshold_lower,cluster_threshold,0.0,random_benign,0.0,0.0
0.003414451734818195,nbaiot,0.1,-0.0006706920835294073,-0.0008064608068498798,threshold_lower,cluster_threshold,0.001958109408065125,random_benign,0.9111111111111111,0.001287417324535718
-0.005721941367481601,nbaiot,0.2,-0.003199038609724378,0.0007084058176864048,threshold_lower,cluster_threshold,-0.0025538545081185003,random_benign,1.1111111111111112,-0.005752893117842878
-0.010730569150367813,nbaiot,0.4,-0.015088624037250285,0.0008136292950388225,threshold_lower,cluster_threshold,0.0033345962750415035,random_benign,1.3444444444444446,-0.011754027762208786
0.0,nbaiot,0.0,0.0,0.0,threshold_raise,cluster_threshold,0.0,high_score_benign,0.0,0.0
0.17025499646841635,nbaiot,0.1,0.2953251789326049,0.0027129838218377437,threshold_raise,cluster_threshold,-0.02572887800951234,high_score_benign,4.622222222222222,0.26959630092309256
0.29475982193434935,nbaiot,0.2,0.5287787334729944,0.00703183484844066,threshold_raise,cluster_threshold,-0.045184848655635955,high_score_benign,5.277777777777778,0.4835938848173586
0.5779967965624394,nbaiot,0.4,0.9186277394688644,-0.0002578980931494698,threshold_raise,cluster_threshold,-0.01603060127387711,high_score_benign,5.588888888888889,0.9025971381949874
0.0,nbaiot,0.0,0.0,0.0,threshold_raise,cluster_threshold,0.0,random_benign,0.0,0.0
-0.005689674291621781,nbaiot,0.1,-0.007296498695871425,0.0007429035394279794,threshold_raise,cluster_threshold,0.0016703962307009236,random_benign,1.1222222222222222,-0.005626102465170502
-0.004759261046225827,nbaiot,0.2,-0.011405215187136249,0.00020197120831451135,threshold_raise,cluster_threshold,0.004342347201718793,random_benign,1.4,-0.007062867985417457
0.0027937743635503,nbaiot,0.4,0.00498575794427748,-0.00044463236603233626,threshold_raise,cluster_threshold,-0.0026894463171009647,random_benign,2.0,0.002296311627176515
