dataset,fixed_delta_cv_fpr,fixed_nonvictim_delta_fpr,fixed_nonvictim_delta_tpr,fixed_victim_delta_fpr,fixed_victim_delta_tau,fixed_victim_delta_tpr,fraction,max_n_reassigned,mean_n_reassigned,mean_silhouette_clean,mean_silhouette_poisoned,mean_victim_size_clean,mean_victim_size_poisoned,modal_sizes_clean,modal_sizes_poisoned,n_rows,objective,policy,reassignment_rate,recomputed_delta_cv_fpr,recomputed_nonvictim_delta_fpr,recomputed_nonvictim_delta_tpr,recomputed_victim_delta_fpr,recomputed_victim_delta_tau,recomputed_victim_delta_tpr,source,victim_singleton_clean_rate,victim_singleton_poisoned_rate
nbaiot,-0.0010542282581197506,0.0006996469079689839,0.003615559729320249,0.0015147230399335015,-0.016703564154881074,0.02105190197011724,0.1,9.0,2.311111111111111,0.2840318541301438,0.2850508055479631,3.2444444444444445,3.2444444444444445,"[4, 3, 2]","[4, 3, 2]",90,threshold_lower,cluster_threshold,0.3,-0.029185844217308812,-0.00043434316044043786,0.0018001776141999752,0.004918456481318045,-0.05398974647021137,0.04401430320857328,low_score_benign,0.011111111111111112,0.0
nbaiot,-0.0024808477078996226,0.0012879040398487312,0.004280205861187819,0.0036159175748904913,-0.030798905903335526,0.03090148850121191,0.2,9.0,3.488888888888889,0.2840318541301438,0.29567533579231864,3.2444444444444445,3.2888888888888888,"[4, 3, 2]","[4, 3, 2]",90,threshold_lower,cluster_threshold,0.4444444444444444,0.003999497202579103,2.033332091860562e-06,0.0011635827743886314,0.019545933184408323,-0.1107933845982921,0.08145420586664123,low_score_benign,0.011111111111111112,0.0
nbaiot,-0.0017043338230032907,0.002435539247237805,0.010701109649161175,0.010021360629825664,-0.05316004132541519,0.03091484132209506,0.4,9.0,4.411111111111111,0.2840318541301438,0.309664054971676,3.2444444444444445,3.2555555555555555,"[4, 3, 2]","[4, 3, 2]",90,threshold_lower,cluster_threshold,0.5555555555555556,0.052110126580566705,0.0018092176974740634,0.006531684230624826,0.036513125470125356,-0.15795387452164725,0.09931340125997044,low_score_benign,0.011111111111111112,0.011111111111111112
nbaiot,0.00010934432639194074,3.141712856995781e-05,0.000364807120136807,9.623984717662625e-05,-0.002127034410282477,-0.005079667625841907,0.1,9.0,0.8666666666666667,0.2840318541301438,0.2849576659242088,3.2444444444444445,3.2111111111111112,"[4, 3, 2]","[4, 3, 2]",90,threshold_lower,cluster_threshold,0.1111111111111111,0.0047087518899144,-0.00010895464588767135,-0.00046099471058021733,-0.00029546722791242146,0.001287417324535718,-0.0023948414632156603,random_benign,0.011111111111111112,0.011111111111111112
nbaiot,0.0006338590893991728,1.3394648564450464e-05,5.544883672513269e-05,2.541505366078799e-05,-3.0951750361276866e-05,-0.0026844670422146604,0.2,9.0,0.7333333333333333,0.2840318541301438,0.2856109742651589,3.2444444444444445,3.2333333333333334,"[4, 3, 2]","[4, 3, 2]",90,threshold_lower,cluster_threshold,0.08888888888888889,-0.0024915061518184164,-0.00026024234949209823,-0.0001922851878074924,0.0001946908847115573,-0.005752893117842878,1.4702482405401815e-06,random_benign,0.011111111111111112,0.022222222222222223
nbaiot,0.0005061127455379553,6.484316982261181e-05,-0.0003364901959492292,-7.283763701206013e-05,-0.001023458611840971,-0.0023846298748503554,0.4,9.0,1.9333333333333333,0.2840318541301438,0.28248201350500346,3.2444444444444445,3.2333333333333334,"[4, 3, 2]","[4, 3, 2]",90,threshold_lower,cluster_threshold,0.24444444444444444,-0.017690997153466666,-0.0005252492380102864,0.0029809051719206186,1.7228194367164028e-05,-0.011754027762208786,0.012885785420424126,random_benign,0.011111111111111112,0.03333333333333333
nbaiot,0.0015380183578625269,-0.0031886797868006045,-0.007598281148393332,-0.00788101434676443,0.0993413044546762,-0.03170081561619388,0.1,9.0,5.844444444444444,0.2840318541301438,0.29943925989806924,3.2444444444444445,2.8555555555555556,"[4, 3, 2]","[4, 3, 2]",90,threshold_raise,cluster_threshold,0.7444444444444445,0.10971186760934895,0.001507032936198722,0.006636950290264116,-0.01805238194587611,0.26959630092309256,-0.041581346159893506,high_score_benign,0.011111111111111112,0.2
nbaiot,0.02716402467479152,-0.004705254351172829,-0.007902514008800439,-0.011674130041278504,0.18883406288300922,-0.03732181535122597,0.2,9.0,6.966666666666667,0.2840318541301438,0.3025956807003256,3.2444444444444445,2.7,"[4, 3, 2]","[4, 3, 2]",90,threshold_raise,cluster_threshold,0.8444444444444444,0.15284522344371865,0.000629665754942684,0.007272560007742115,-0.024312292187466174,0.4835938848173586,-0.05013570630927301,high_score_benign,0.011111111111111112,0.28888888888888886
nbaiot,0.0658092293372706,-0.006023834220726829,-0.01165953127728996,-0.016947035692358878,0.32460034163254803,-0.04211152793947025,0.4,9.0,7.533333333333333,0.2840318541301438,0.3118261579665061,3.2444444444444445,2.433333333333333,"[4, 3, 2]","[4, 3, 2]",90,threshold_raise,cluster_threshold,0.9,0.17399678699897828,-0.00031649831409858565,0.008139061002194343,-0.03237482500255618,0.9025971381949874,-0.052457397189213516,high_score_benign,0.011111111111111112,0.4777777777777778
nbaiot,8.13051913900526e-05,6.558913945885246e-06,-0.00030927368710457196,-4.728818749286631e-05,6.357182645128079e-05,-0.005068992705243996,0.1,9.0,0.43333333333333335,0.2840318541301438,0.28375129682098754,3.2444444444444445,3.2666666666666666,"[4, 3, 2]","[4, 3, 2]",90,threshold_raise,cluster_threshold,0.05555555555555555,-0.002869107572474702,-0.00017580291507491053,-0.00030978960637545786,0.00024707069088923786,-0.005626102465170502,-0.002384369167784137,random_benign,0.011111111111111112,0.011111111111111112
nbaiot,0.0005509104170129342,3.3306481513697054e-05,2.7776675891329822e-05,9.718606261296101e-05,-0.0023036069391916304,2.6353655444319753e-07,0.2,9.0,0.9,0.2840318541301438,0.2858539251940151,3.2444444444444445,3.311111111111111,"[4, 3, 2]","[4, 3, 2]",90,threshold_raise,cluster_threshold,0.12222222222222222,-0.01522174373836712,-0.0004526840573073166,0.00021015835094529523,0.0013956587426247277,-0.007062867985417457,5.511147782328369e-06,random_benign,0.011111111111111112,0.011111111111111112
nbaiot,-0.00092575175270999,3.0770070289543675e-05,0.0005856853430519405,-0.0001429362717086126,-0.0004974627363737845,0.00023262582277587077,0.4,9.0,1.5888888888888888,0.2840318541301438,0.28568886521509185,3.2444444444444445,3.3333333333333335,"[4, 3, 2]","[4, 3, 2]",90,threshold_raise,cluster_threshold,0.2,-0.014495410910633251,-6.0927546023438045e-06,0.0059987162422838625,-0.0024899356433170767,0.002296311627176515,-0.00738938742786576,random_benign,0.011111111111111112,0.022222222222222223
