fraction,k,mean_fixed_victim_delta_tau,mean_init_sd_victim_delta_tau,mean_n_reassigned,mean_silhouette_clean,mean_silhouette_poisoned,mean_victim_delta_tau,n_init,n_rows,objective,reassignment_rate,source,victim_singleton_poisoned_rate
0.1,2,0.06458083011914993,0.13135552024519992,4.54,0.26531748255543064,0.2867194632428981,0.14573718856171872,1,450,threshold_raise,0.5044444444444445,high_score_benign,0.05333333333333334
0.1,2,0.061277801633087936,0.016198268222440967,5.12,0.29542582048590893,0.32089217446204,0.1971963734159451,10,450,threshold_raise,0.5688888888888889,high_score_benign,0.08888888888888889
0.1,3,0.09772742981413968,0.12899801237068664,4.293333333333333,0.24859778598728818,0.2580676619968517,0.19795605438432998,1,450,threshold_raise,0.5711111111111111,high_score_benign,0.09111111111111111
0.1,3,0.09615775197558073,0.028688468128717802,5.457777777777777,0.28405396162493113,0.29870903404622395,0.2659455621877749,10,450,threshold_raise,0.6888888888888889,high_score_benign,0.19777777777777777
0.1,4,0.12195123246779822,0.08310614608755919,4.226666666666667,0.20702631031375443,0.2388825685746803,0.2615511855707395,1,450,threshold_raise,0.6488888888888888,high_score_benign,0.20666666666666667
0.1,4,0.12865264610532212,0.03236737762087959,4.515555555555555,0.25915491051956857,0.28454972429327957,0.2828100499445912,10,450,threshold_raise,0.6955555555555556,high_score_benign,0.23333333333333334
0.2,2,0.11877986675939807,0.19358714484478215,6.5,0.26531748255543064,0.2952258630178894,0.27919533208867797,1,450,threshold_raise,0.7222222222222222,high_score_benign,0.10888888888888888
0.2,2,0.1167504121111083,0.010698071912575002,6.7,0.29542582048590893,0.34200215339771944,0.38844089041796914,10,450,threshold_raise,0.7444444444444445,high_score_benign,0.18888888888888888
0.2,3,0.18485422308006189,0.18251832621901898,5.762222222222222,0.24859778598728818,0.2596228375136682,0.3807251440810793,1,450,threshold_raise,0.7377777777777778,high_score_benign,0.19111111111111112
0.2,3,0.18620445862750457,0.03462967038831281,6.928888888888889,0.28405396162493113,0.30090272551679437,0.4815325029492374,10,450,threshold_raise,0.8466666666666667,high_score_benign,0.28888888888888886
0.2,4,0.24665976586594293,0.11864792435499011,5.286666666666667,0.20702631031375443,0.24496816258755197,0.4959986869797101,1,450,threshold_raise,0.7622222222222222,high_score_benign,0.35777777777777775
0.2,4,0.24310664212841643,0.02993729382514446,5.171111111111111,0.25915491051956857,0.28948405783684833,0.5107630947959361,10,450,threshold_raise,0.7822222222222223,high_score_benign,0.37777777777777777
0.4,2,0.1986692654039591,0.2809595314861853,7.6,0.26531748255543064,0.3309604497834118,0.6376956876465072,1,450,threshold_raise,0.8444444444444444,high_score_benign,0.23555555555555555
0.4,2,0.19392951586203702,0.015223091180103803,7.6,0.29542582048590893,0.3984306689067102,0.8918321159588097,10,450,threshold_raise,0.8444444444444444,high_score_benign,0.4577777777777778
0.4,3,0.3136428923761125,0.17381809617949134,7.115555555555556,0.24859778598728818,0.26816057677786154,0.8194932235762884,1,450,threshold_raise,0.8822222222222222,high_score_benign,0.3977777777777778
0.4,3,0.31595627665650766,0.024513111591923695,7.293333333333333,0.28405396162493113,0.31080848142573675,0.9006649708510679,10,450,threshold_raise,0.88,high_score_benign,0.47555555555555556
0.4,4,0.41981881887624356,0.08536007568604695,6.444444444444445,0.20702631031375443,0.253001295626013,0.9016629862589547,1,450,threshold_raise,0.8977777777777778,high_score_benign,0.5222222222222223
0.4,4,0.41909466288073166,0.030958499886941333,6.431111111111111,0.25915491051956857,0.28540388823108503,0.9011742636138497,10,450,threshold_raise,0.9155555555555556,high_score_benign,0.5666666666666667
0.1,2,-0.011192441578558338,0.041881325007862125,2.0,0.26531748255543064,0.267872076212534,-0.042786485367207264,1,450,threshold_lower,0.2222222222222222,low_score_benign,0.0
0.1,2,-0.010905531368004569,0.007612413592440766,1.4,0.29542582048590893,0.29441401667793393,-0.04905116711200746,10,450,threshold_lower,0.15555555555555556,low_score_benign,0.0
0.1,3,-0.017253668038257376,0.03575363369694514,1.6311111111111112,0.24859778598728818,0.2476963208147389,-0.05175003665670482,1,450,threshold_lower,0.2311111111111111,low_score_benign,0.013333333333333334
0.1,3,-0.016190097225899,0.018956021819407722,2.2066666666666666,0.28405396162493113,0.2854394510195737,-0.05692845097055873,10,450,threshold_lower,0.28888888888888886,low_score_benign,0.0044444444444444444
0.1,4,-0.02022441997042423,0.04549633991952626,1.6155555555555556,0.20702631031375443,0.2111088325439221,-0.05382425201024732,1,450,threshold_lower,0.24666666666666667,low_score_benign,0.12666666666666668
0.1,4,-0.0219693905229647,0.03030489370925569,1.6977777777777778,0.25915491051956857,0.2593111078480256,-0.06001170101140946,10,450,threshold_lower,0.2777777777777778,low_score_benign,0.06666666666666667
0.2,2,-0.020427027767593118,0.06456253312606093,2.98,0.26531748255543064,0.27149806974854723,-0.07274261584775568,1,450,threshold_lower,0.33111111111111113,low_score_benign,0.0
0.2,2,-0.0199140459611874,0.013824959784373038,2.62,0.29542582048590893,0.2974582609586143,-0.08108651918561129,10,450,threshold_lower,0.2911111111111111,low_score_benign,0.0
0.2,3,-0.03135580493022723,0.06212070695738048,2.8444444444444446,0.24859778598728818,0.2511542525752183,-0.0876174764167793,1,450,threshold_lower,0.38,low_score_benign,0.013333333333333334
0.2,3,-0.029712384399233592,0.025591726412205675,3.28,0.28405396162493113,0.2954287304974369,-0.10938820021320822,10,450,threshold_lower,0.4177777777777778,low_score_benign,0.0
0.2,4,-0.03796477430225525,0.06849542144800551,2.9133333333333336,0.20702631031375443,0.21857376684955032,-0.09933690066398289,1,450,threshold_lower,0.44222222222222224,low_score_benign,0.1111111111111111
0.2,4,-0.04044682409462556,0.030501123796844925,2.8844444444444446,0.25915491051956857,0.26919157594663834,-0.10169505028019624,10,450,threshold_lower,0.4666666666666667,low_score_benign,0.051111111111111114
0.4,2,-0.035658081560323726,0.08319413162442055,4.88,0.26531748255543064,0.2777229631196713,-0.12488129302742318,1,450,threshold_lower,0.5422222222222223,low_score_benign,0.0
0.4,2,-0.034805148465641686,0.01379281883793733,4.58,0.29542582048590893,0.30178586308252336,-0.1318857908464386,10,450,threshold_lower,0.5088888888888888,low_score_benign,0.0
0.4,3,-0.053938054835320375,0.07357001043061859,4.671111111111111,0.24859778598728818,0.270474395804345,-0.15067843975835818,1,450,threshold_lower,0.6155555555555555,low_score_benign,0.008888888888888889
0.4,3,-0.05144611280090695,0.02273440850969995,4.346666666666667,0.28405396162493113,0.3101003550516532,-0.16148012699592437,10,450,threshold_lower,0.54,low_score_benign,0.008888888888888889
0.4,4,-0.06574325966312795,0.07195932133703183,4.7,0.20702631031375443,0.23943251710005983,-0.1618646843329209,1,450,threshold_lower,0.7066666666666667,low_score_benign,0.08222222222222222
0.4,4,-0.07009431760151084,0.0414818047670132,4.148888888888889,0.25915491051956857,0.2831133159038034,-0.16558291509319778,10,450,threshold_lower,0.6666666666666666,low_score_benign,0.028888888888888888
0.1,2,-0.0010777877897537253,0.01833520529078669,0.96,0.26531748255543064,0.26729386146688705,0.005516257610229118,1,450,threshold_lower,0.10666666666666667,random_benign,0.0
0.1,2,-0.0009549921307437451,0.00587084051779867,0.82,0.29542582048590893,0.29513380367158365,0.002564267332161955,10,450,threshold_lower,0.09111111111111111,random_benign,0.0
0.1,3,-0.001873981264744167,0.022437807213188388,0.9844444444444445,0.24859778598728818,0.2468744213572796,0.0035528733375998506,1,450,threshold_lower,0.13555555555555557,random_benign,0.022222222222222223
0.1,3,-0.0019508950462634401,0.012935321448855477,1.0866666666666667,0.28405396162493113,0.28494732653421617,-0.003888193005834,10,450,threshold_lower,0.14,random_benign,0.0044444444444444444
0.1,4,-0.002215489144581978,0.020804564419341434,0.9422222222222222,0.20702631031375443,0.2085960551762406,-0.0010218547380633934,1,450,threshold_lower,0.14444444444444443,random_benign,0.13555555555555557
0.1,4,-0.0027047626813529856,0.014797959057636754,0.7133333333333334,0.25915491051956857,0.25741271707529095,-0.006861203364959013,10,450,threshold_lower,0.12,random_benign,0.08444444444444445
0.2,2,0.00010037777338116474,0.025524244435527955,1.3,0.26531748255543064,0.26751636449446586,0.002569947891629164,1,450,threshold_lower,0.14444444444444443,random_benign,0.0
0.2,2,-8.316843913937338e-05,0.004802550725860873,1.36,0.29542582048590893,0.29536606296522583,0.01484996573364841,10,450,threshold_lower,0.1511111111111111,random_benign,0.0
0.2,3,0.00013967869259691543,0.022950305316721747,0.9822222222222222,0.24859778598728818,0.24961016804791702,0.008413428671851169,1,450,threshold_lower,0.13555555555555557,random_benign,0.017777777777777778
0.2,3,-2.3306630758795848e-05,0.013029029981299716,1.0555555555555556,0.28405396162493113,0.28542515911677196,-0.006755562063817088,10,450,threshold_lower,0.14,random_benign,0.02
0.2,4,7.563494361107083e-05,0.025487880463768143,0.8733333333333333,0.20702631031375443,0.20924430428302243,0.006549475472475608,1,450,threshold_lower,0.13777777777777778,random_benign,0.1111111111111111
0.2,4,0.0004121498411727844,0.01925779264979645,0.9533333333333334,0.25915491051956857,0.26368374574152,0.0009306863533953557,10,450,threshold_lower,0.16666666666666666,random_benign,0.06444444444444444
0.4,2,-0.0010230246000642231,0.04009656186752529,1.58,0.26531748255543064,0.2699922772528791,-0.0029610715564261556,1,450,threshold_lower,0.17555555555555555,random_benign,0.0044444444444444444
0.4,2,-0.0010708856720201257,0.010264075432435753,1.48,0.29542582048590893,0.29475348091390846,-0.0009685120836452175,10,450,threshold_lower,0.16444444444444445,random_benign,0.0
0.4,3,-0.0017533478801172982,0.037559882529843956,1.3177777777777777,0.24859778598728818,0.24439754390682034,0.0007316518258027197,1,450,threshold_lower,0.18888888888888888,random_benign,0.02666666666666667
0.4,3,-0.0010242310095302087,0.015738685618286605,1.8888888888888888,0.28405396162493113,0.2824929746091818,-0.013819698297867014,10,450,threshold_lower,0.24666666666666667,random_benign,0.03333333333333333
0.4,4,-0.0017841842602386382,0.036145242874577196,1.3,0.20702631031375443,0.20847944149602846,-0.00233377944867093,1,450,threshold_lower,0.2,random_benign,0.13111111111111112
0.4,4,-0.002226729937863568,0.029884895800023514,1.7422222222222221,0.25915491051956857,0.2590767871568679,-0.00710248025851666,10,450,threshold_lower,0.29333333333333333,random_benign,0.08888888888888889
0.1,2,-6.457963966327153e-06,0.019055822313410145,0.9,0.26531748255543064,0.2663401294935302,-0.004342339791651257,1,450,threshold_raise,0.1,random_benign,0.0
0.1,2,7.724154093469111e-05,0.002212456506079908,0.42,0.29542582048590893,0.295707196921884,0.008038871504959617,10,450,threshold_raise,0.04666666666666667,random_benign,0.0
0.1,3,-0.0001344578676892429,0.016668502750596937,0.6355555555555555,0.24859778598728818,0.24734284356285471,0.0005774051040410061,1,450,threshold_raise,0.09111111111111111,random_benign,0.013333333333333334
0.1,3,4.956159768274028e-05,0.009711805684168965,0.64,0.28405396162493113,0.2839571868349782,-0.005606573052566445,10,450,threshold_raise,0.08888888888888889,random_benign,0.0044444444444444444
0.1,4,-0.00025730930176333497,0.013528151472941818,0.5466666666666666,0.20702631031375443,0.20843940076582754,0.0031765241104004627,1,450,threshold_raise,0.08222222222222222,random_benign,0.12
0.1,4,-0.00036436140592464806,0.009596196447416888,0.5733333333333334,0.25915491051956857,0.25935278434254777,-0.0022594748124205627,10,450,threshold_raise,0.09777777777777778,random_benign,0.06222222222222222
0.2,2,-0.001252386776547114,0.014836557840675378,0.82,0.26531748255543064,0.2686790486520946,-0.006078217098008468,1,450,threshold_raise,0.09111111111111111,random_benign,0.0
0.2,2,-0.001197193004701431,0.002266937757709411,0.92,0.29542582048590893,0.29565419757768685,0.004247159318046399,10,450,threshold_raise,0.10222222222222223,random_benign,0.0
0.2,3,-0.002065127435023036,0.017470011197555233,0.6533333333333333,0.24859778598728818,0.25100372900712536,-0.004981166018352479,1,450,threshold_raise,0.09555555555555556,random_benign,0.011111111111111112
0.2,3,-0.002061173007582076,0.01330253801288154,0.8755555555555555,0.28405396162493113,0.28588578471667825,-0.01131534157051808,10,450,threshold_raise,0.11777777777777777,random_benign,0.006666666666666667
0.2,4,-0.002339433161955756,0.02134723378318154,0.8244444444444444,0.20702631031375443,0.2102621943240017,-0.005624205481647348,1,450,threshold_raise,0.12666666666666668,random_benign,0.11777777777777777
0.2,4,-0.002826321260244766,0.013808535808927378,0.8622222222222222,0.25915491051956857,0.2630101106060639,-0.006298346333067746,10,450,threshold_raise,0.15333333333333332,random_benign,0.05333333333333334
0.4,2,-0.0002640451315554666,0.02192994913143087,1.26,0.26531748255543064,0.2674584627043625,0.00245609422022339,1,450,threshold_raise,0.14,random_benign,0.0
0.4,2,-0.00043983753985836705,0.0062036449024321086,1.0,0.29542582048590893,0.2965095778906852,0.014330639049383111,10,450,threshold_raise,0.1111111111111111,random_benign,0.0
0.4,3,-0.0001446743567647715,0.024334319724200092,1.0777777777777777,0.24859778598728818,0.2449357030073239,0.0019111626933844602,1,450,threshold_raise,0.14666666666666667,random_benign,0.02
0.4,3,-0.0004601615189264996,0.01663923468131618,1.4955555555555555,0.28405396162493113,0.2866862779071193,-0.0015036325551984378,10,450,threshold_raise,0.19333333333333333,random_benign,0.022222222222222223
0.4,4,-0.00020967583014746402,0.032543936406273524,1.2666666666666666,0.20702631031375443,0.21246404668253632,0.0033945410846420317,1,450,threshold_raise,0.18888888888888888,random_benign,0.11555555555555555
0.4,4,-6.00142034668986e-05,0.01981766013462906,1.2466666666666666,0.25915491051956857,0.26204908472588123,0.00993627571997528,10,450,threshold_raise,0.20444444444444446,random_benign,0.06444444444444444
