bootstrap_ci_lower,bootstrap_ci_upper,bootstrap_mean,bootstrap_n_seed_aggregates,control_objective,control_source,dataset,directional_excess_seed_support,exact_binomial_p,exact_support_count,exact_support_n,fraction,gate2_pass,mean_directional_excess,median_directional_excess,objective,per_seed_directional_excess,permutation_p,policy,source
0.23801463677675663,0.28153073034260756,0.2614018440489069,20,threshold_raise,random_benign,nbaiot,20,9.5367431640625e-07,20,20,0.1,True,0.2614018440489069,0.2652166665897326,threshold_raise,"{'0': 0.3018006508342092, '1': 0.30450602645675073, '2': 0.2466913709210013, '3': 0.2519271518483197, '4': 0.28237733523809794, '5': 0.2285797684384444, '6': 0.2587545565350189, '7': 0.2526167876466557, '8': 0.29777442944822297, '9': 0.10972497189693492, '10': 0.24344991738390614, '11': 0.3202877044056855, '12': 0.18531993568219526, '13': 0.33943651976684713, '14': 0.2716787766444463, '15': 0.25269599511391677, '16': 0.29562003260685354, '17': 0.2832993460522483, '18': 0.276170739138292, '19': 0.22532486492009085}",1.9073486328125e-06,cluster_threshold,high_score_benign
0.5071325921437113,0.5474295095215448,0.527105651950291,20,threshold_raise,random_benign,nbaiot,20,9.5367431640625e-07,20,20,0.2,True,0.527105651950291,0.5196061114442556,threshold_raise,"{'0': 0.5272416271959188, '1': 0.5084039721672458, '2': 0.6076835883629544, '3': 0.4832622722067213, '4': 0.5301558169398324, '5': 0.511788862587677, '6': 0.4592606269430224, '7': 0.491185001063126, '8': 0.5025505294788767, '9': 0.4886466972253948, '10': 0.5837885890466475, '11': 0.5827034583660189, '12': 0.5428208200743899, '13': 0.5607596206996175, '14': 0.5119705956925925, '15': 0.5703311603654302, '16': 0.5771412302774414, '17': 0.44993602859339216, '18': 0.5852986412743728, '19': 0.46718390044514785}",1.9073486328125e-06,cluster_threshold,high_score_benign
0.8972981354133995,0.9669466231736822,0.9309238492866834,20,threshold_raise,random_benign,nbaiot,20,9.5367431640625e-07,20,20,0.4,True,0.9309238492866834,0.9205513756773918,threshold_raise,"{'0': 0.9785090673990803, '1': 0.9581191126360665, '2': 0.9865813429336312, '3': 0.9172932555140173, '4': 0.8663277493217197, '5': 0.9464398460145342, '6': 0.8659231990596488, '7': 0.9217900730476265, '8': 0.9017624410766144, '9': 0.8970914596526163, '10': 0.8412075749812303, '11': 0.9615797695600352, '12': 1.1461081076137445, '13': 0.8792622361884069, '14': 0.9975465260197773, '15': 0.8334448312719664, '16': 1.0281345060578029, '17': 0.9193126783071569, '18': 0.9974071951238093, '19': 0.774636013954182}",1.9073486328125e-06,cluster_threshold,high_score_benign
0.03315804164845751,0.035869873588324164,0.03447511828493005,20,threshold_raise,random_benign,nbaiot,20,9.5367431640625e-07,20,20,0.1,True,0.03447511828493005,0.03389815462546214,threshold_raise,"{'0': 0.03436051028562176, '1': 0.03479933018025765, '2': 0.035760950830615465, '3': 0.029850582171369395, '4': 0.03688797788395554, '5': 0.03289523660492763, '6': 0.033435798965302514, '7': 0.03328396692688085, '8': 0.03881291358007306, '9': 0.030021151753119542, '10': 0.03198686293613774, '11': 0.0330416108493084, '12': 0.03574379591018331, '13': 0.03303631699563548, '14': 0.03456408569566261, '15': 0.03962984037252158, '16': 0.03651391946607166, '17': 0.03181352460825894, '18': 0.042330082404760695, '19': 0.030733907277937327}",1.9073486328125e-06,global_threshold,high_score_benign
0.06079365010893568,0.06451751428049769,0.06258692394620105,20,threshold_raise,random_benign,nbaiot,20,9.5367431640625e-07,20,20,0.2,True,0.06258692394620105,0.06124439402540893,threshold_raise,"{'0': 0.06943614132886321, '1': 0.0630758251718901, '2': 0.06803154204914606, '3': 0.06095988656635641, '4': 0.05892302351141433, '5': 0.05895854521680757, '6': 0.057281136779505276, '7': 0.061528901484461454, '8': 0.058778265859057904, '9': 0.058344659089674296, '10': 0.06322885916372886, '11': 0.06044128761615286, '12': 0.06371829437988766, '13': 0.06275904093995505, '14': 0.06072510271160644, '15': 0.06952525569516925, '16': 0.0706317595401664, '17': 0.05794883762704736, '18': 0.06929096872975798, '19': 0.058151145463372474}",1.9073486328125e-06,global_threshold,high_score_benign
0.10057546923718305,0.10709131435001897,0.10375079045118185,20,threshold_raise,random_benign,nbaiot,20,9.5367431640625e-07,20,20,0.4,True,0.10375079045118185,0.10305055781371066,threshold_raise,"{'0': 0.10787308406958586, '1': 0.10658650097011803, '2': 0.10766418098851492, '3': 0.10224930644035364, '4': 0.09682508583330075, '5': 0.0998765811876013, '6': 0.09422088879402042, '7': 0.10401105725286851, '8': 0.09800237204741553, '9': 0.09453715606144177, '10': 0.09913891264593899, '11': 0.10923533367889951, '12': 0.12083817931512991, '13': 0.09787019904196997, '14': 0.1100195395173856, '15': 0.10305952605457953, '16': 0.11561613808627408, '17': 0.10304158957284178, '18': 0.1133322097177123, '19': 0.09101796774768472}",1.9073486328125e-06,global_threshold,high_score_benign
0.2984223748361176,0.32282886229491736,0.3102760645643704,20,threshold_raise,random_benign,nbaiot,20,9.5367431640625e-07,20,20,0.1,True,0.3102760645643704,0.30508339162915926,threshold_raise,"{'0': 0.30924459257059594, '1': 0.3131939716223187, '2': 0.321848557475539, '3': 0.2686552395423246, '4': 0.3319918009555997, '5': 0.29605712944434864, '6': 0.3009221906877226, '7': 0.29955570234192763, '8': 0.34931622222065756, '9': 0.27019036577807587, '10': 0.2878817664252396, '11': 0.29737449764377566, '12': 0.32169416319164973, '13': 0.29732685296071915, '14': 0.3110767712609636, '15': 0.35666856335269415, '16': 0.32862527519464474, '17': 0.2863217214743303, '18': 0.38097074164284606, '19': 0.27660516550143593}",1.9073486328125e-06,local_threshold,high_score_benign
0.547142850980421,0.5806576285244791,0.5632823155158093,20,threshold_raise,random_benign,nbaiot,20,9.5367431640625e-07,20,20,0.2,True,0.5632823155158093,0.5511995462286805,threshold_raise,"{'0': 0.6249252719597687, '1': 0.567682426547011, '2': 0.6122838784423149, '3': 0.5486389790972077, '4': 0.530307211602729, '5': 0.5306269069512685, '6': 0.5155302310155475, '7': 0.5537601133601533, '8': 0.529004392731521, '9': 0.5251019318070688, '10': 0.5690597324735596, '11': 0.5439715885453759, '12': 0.5734646494189891, '13': 0.5648313684595953, '14': 0.546525924404458, '15': 0.625727301256523, '16': 0.6356858358614975, '17': 0.5215395386434262, '18': 0.6236187185678217, '19': 0.5233603091703523}",1.9073486328125e-06,local_threshold,high_score_benign
0.9051792231346475,0.9638218291501707,0.9337571140606368,20,threshold_raise,random_benign,nbaiot,20,9.5367431640625e-07,20,20,0.4,True,0.9337571140606368,0.9274550203233959,threshold_raise,"{'0': 0.9708577566262728, '1': 0.9592785087310625, '2': 0.9689776288966344, '3': 0.920243757963183, '4': 0.8714257724997067, '5': 0.8988892306884121, '6': 0.8479879991461838, '7': 0.9360995152758164, '8': 0.8820213484267398, '9': 0.8508344045529762, '10': 0.8922502138134507, '11': 0.9831180031100956, '12': 1.0875436138361692, '13': 0.8808317913777294, '14': 0.9901758556564704, '15': 0.9275357344912156, '16': 1.0405452427764663, '17': 0.9273743061555761, '18': 1.0199898874594107, '19': 0.8191617097291624}",1.9073486328125e-06,local_threshold,high_score_benign
0.0418801165263176,0.0655175342004855,0.05343503517288416,20,threshold_lower,random_benign,nbaiot,20,9.5367431640625e-07,20,20,0.1,True,0.05343503517288416,0.05109188311250369,threshold_lower,"{'0': 0.08762629935172961, '1': 0.03820688313356142, '2': 0.03547562206232978, '3': 0.054917842498117715, '4': 0.06389328963985513, '5': 0.08313505140443626, '6': 0.03830215766749997, '7': 0.09428780301370482, '8': 0.01873546441396072, '9': 0.0694725925654723, '10': 0.040574277909817394, '11': 0.04726592372688966, '12': 0.07234748979961458, '13': 0.05638825026927171, '14': 0.01797388528508142, '15': 0.10798498424528824, '16': 0.016952638203899043, '17': 0.012572802899888234, '18': 0.06712679470440809, '19': 0.04546065066285696}",1.9073486328125e-06,cluster_threshold,low_score_benign
0.08577274600955895,0.11388010303593513,0.09961640688714869,20,threshold_lower,random_benign,nbaiot,20,9.5367431640625e-07,20,20,0.2,True,0.09961640688714869,0.10331159596745323,threshold_lower,"{'0': 0.12419274801871286, '1': 0.10632179797523544, '2': 0.0676816700302342, '3': 0.10030139395967101, '4': 0.06756003984698472, '5': 0.1255323426901465, '6': 0.06743009291865226, '7': 0.1453916994654748, '8': 0.05933085900076001, '9': 0.1686230522269991, '10': 0.14086668819051096, '11': 0.06530865250086346, '12': 0.12871864157970284, '13': 0.10717551280502895, '14': 0.06419071291607831, '15': 0.08850333089077929, '16': 0.08201570277688715, '17': 0.11628717169924456, '18': 0.1126490637660025, '19': 0.05424696448500505}",1.9073486328125e-06,cluster_threshold,low_score_benign
0.1394194919552213,0.1714970642326967,0.15570128405214856,20,threshold_lower,random_benign,nbaiot,20,9.5367431640625e-07,20,20,0.4,True,0.15570128405214856,0.15465969260506038,threshold_lower,"{'0': 0.1874517419547946, '1': 0.1507723224349318, '2': 0.17567543770979896, '3': 0.1263810301027092, '4': 0.1574766238151049, '5': 0.14859660460648114, '6': 0.11032457764915853, '7': 0.21693264620999494, '8': 0.19920071791857452, '9': 0.17754096821502335, '10': 0.17159311588922582, '11': 0.15473825777708367, '12': 0.2149492145826419, '13': 0.18639049082304546, '14': 0.10430658792180048, '15': 0.1535168962001245, '16': 0.08419176089680823, '17': 0.1545811274330371, '18': 0.15044547108588388, '19': 0.08896008781674827}",1.9073486328125e-06,cluster_threshold,low_score_benign
0.005472349097291056,0.006463370880301694,0.00597061270617951,20,threshold_lower,random_benign,nbaiot,20,9.5367431640625e-07,20,20,0.1,True,0.00597061270617951,0.006021182880633213,threshold_lower,"{'0': 0.005963388204942472, '1': 0.0045849821081867526, '2': 0.004880490034450655, '3': 0.0059190294808809905, '4': 0.006078977556323954, '5': 0.006792057829874489, '6': 0.004647371080922508, '7': 0.006877431020508344, '8': 0.00728574108194418, '9': 0.0037813852506655265, '10': 0.004991605624924437, '11': 0.00588910025486968, '12': 0.006843299763622228, '13': 0.007126769382092656, '14': 0.006368711503383449, '15': 0.0077861248848978765, '16': 0.0073191858782075125, '17': 0.004722895680202356, '18': 0.00673900258577879, '19': 0.00481470491691134}",1.9073486328125e-06,global_threshold,low_score_benign
0.010917571460764938,0.012726999225140888,0.011783059930175897,20,threshold_lower,random_benign,nbaiot,20,9.5367431640625e-07,20,20,0.2,True,0.011783059930175897,0.011664146394181377,threshold_lower,"{'0': 0.011715025091428818, '1': 0.009901907276592063, '2': 0.012458468223979514, '3': 0.009469909464687391, '4': 0.010803606821062893, '5': 0.01535464294806671, '6': 0.008363061724805573, '7': 0.008828965855049664, '8': 0.013300444484676852, '9': 0.016866640263685284, '10': 0.01261775003815141, '11': 0.012519127360464597, '12': 0.014521151284376706, '13': 0.011728960951721249, '14': 0.011628598917597592, '15': 0.010946512783383235, '16': 0.01121115014416934, '17': 0.01155501895664656, '18': 0.011699693870765162, '19': 0.010170562142207289}",1.9073486328125e-06,global_threshold,low_score_benign
0.01718901398593707,0.01971422207632592,0.018443865421239592,20,threshold_lower,random_benign,nbaiot,20,9.5367431640625e-07,20,20,0.4,True,0.018443865421239592,0.018341575103041532,threshold_lower,"{'0': 0.01818373593053332, '1': 0.016099657681713134, '2': 0.019404012447705885, '3': 0.018522190249720565, '4': 0.01699558074045696, '5': 0.02385985791729175, '6': 0.01845565052634035, '7': 0.022224145670087996, '8': 0.018227499679742718, '9': 0.01892869360974905, '10': 0.01582508070371399, '11': 0.016462740511346014, '12': 0.022347877418369404, '13': 0.01902683531336576, '14': 0.013879788039183168, '15': 0.021545179579176947, '16': 0.015927248673490515, '17': 0.01739376790269662, '18': 0.022574392823433417, '19': 0.012993373006674235}",1.9073486328125e-06,global_threshold,low_score_benign
0.04925114187561951,0.05817033792271524,0.05373551435561559,20,threshold_lower,random_benign,nbaiot,20,9.5367431640625e-07,20,20,0.1,True,0.05373551435561559,0.05419064592569887,threshold_lower,"{'0': 0.05367049384448226, '1': 0.041264838973680926, '2': 0.043924410310055846, '3': 0.05327126532792878, '4': 0.05471079800691547, '5': 0.06112852046887037, '6': 0.04182633972830251, '7': 0.06189687918457514, '8': 0.06557166973749777, '9': 0.03403246725598968, '10': 0.04492445062431985, '11': 0.05300190229382724, '12': 0.06158969787259985, '13': 0.06414092443883392, '14': 0.05731840353045106, '15': 0.07007512396408093, '16': 0.06587267290386763, '17': 0.04250606112182123, '18': 0.060651023272009254, '19': 0.04333234425220208}",1.9073486328125e-06,local_threshold,low_score_benign
0.09825814314688436,0.1145429930262679,0.10604753937158302,20,threshold_lower,random_benign,nbaiot,20,9.5367431640625e-07,20,20,0.2,True,0.10604753937158302,0.10497731754763234,threshold_lower,"{'0': 0.10543522582285932, '1': 0.08911716548932866, '2': 0.11212621401581578, '3': 0.0852291851821862, '4': 0.09723246138956604, '5': 0.1381917865326004, '6': 0.07526755552325014, '7': 0.07946069269544677, '8': 0.11970400036209182, '9': 0.15179976237316747, '10': 0.11355975034336233, '11': 0.11267214624418137, '12': 0.13069036155939026, '13': 0.10556064856549124, '14': 0.10465739025837828, '15': 0.09851861505044919, '16': 0.10090035129752424, '17': 0.10399517060981887, '18': 0.10529724483688639, '19': 0.09153505927986567}",1.9073486328125e-06,local_threshold,low_score_benign
0.15470112587343368,0.1774279986869332,0.1659947887911563,20,threshold_lower,random_benign,nbaiot,20,9.5367431640625e-07,20,20,0.4,True,0.1659947887911563,0.16507417592737383,threshold_lower,"{'0': 0.16365362337480002, '1': 0.14489691913541808, '2': 0.17463611202935278, '3': 0.16669971224748517, '4': 0.15296022666411246, '5': 0.21473872125562563, '6': 0.1661008547370631, '7': 0.2000173110307921, '8': 0.16404749711768454, '9': 0.17035824248774134, '10': 0.14242572633342584, '11': 0.1481646646021142, '12': 0.20113089676532456, '13': 0.17124151782029193, '14': 0.12491809235264865, '15': 0.19390661621259275, '16': 0.14334523806141464, '17': 0.15654391112426952, '18': 0.20316953541090077, '19': 0.11694035706006807}",1.9073486328125e-06,local_threshold,low_score_benign
0.03644466598559595,0.0829699541875032,0.05906088195585959,20,threshold_raise,random_train_feature_benign,nbaiot,18,0.00020122528076171875,18,20,0.1,True,0.05906088195585959,0.04336093019832048,threshold_raise,"{'0': 0.04311468420481247, '1': 0.0010732810771853477, '2': 0.02760749602759319, '3': 0.03987993120940195, '4': 0.13058279769288164, '5': 0.11568338919293016, '6': 0.020565114294489133, '7': 0.09245308486882715, '8': -0.023789523117658237, '9': 0.022638688936691784, '10': 0.13370252480316505, '11': 0.11940085020744112, '12': 0.07610042680882756, '13': 0.07602227521301416, '14': 0.043607176191828474, '15': 0.172757464536914, '16': 0.04005971825509186, '17': 0.034092566940105894, '18': -0.028685907060625127, '19': 0.04435159883427405}",7.82012939453125e-05,cluster_threshold,high_score_train_feature_benign
0.1112502721323666,0.1520754875549011,0.13084007033936812,20,threshold_raise,random_train_feature_benign,nbaiot,20,9.5367431640625e-07,20,20,0.2,True,0.13084007033936812,0.11975190859218976,threshold_raise,"{'0': 0.1086305712591165, '1': 0.1437648801477971, '2': 0.10004012629527734, '3': 0.10794383356761607, '4': 0.20052523347376672, '5': 0.19207583757600313, '6': 0.08022378107394915, '7': 0.13697749583395546, '8': 0.050337650847655714, '9': 0.17004544423272192, '10': 0.14558947362971533, '11': 0.130873245925263, '12': 0.10640146544686063, '13': 0.16313138726960708, '14': 0.10586386832098144, '15': 0.2473064953737232, '16': 0.07338375694773837, '17': 0.09621796099193104, '18': 0.1555155083123179, '19': 0.10195339026136502}",1.9073486328125e-06,cluster_threshold,high_score_train_feature_benign
0.260551080205576,0.30678191735458926,0.28372612306527356,20,threshold_raise,random_train_feature_benign,nbaiot,20,9.5367431640625e-07,20,20,0.4,True,0.28372612306527356,0.2879990977335165,threshold_raise,"{'0': 0.3650086355499095, '1': 0.2627252205957969, '2': 0.2873682388690879, '3': 0.28862995659794516, '4': 0.31793482738926454, '5': 0.2637665967077567, '6': 0.21129329479127013, '7': 0.3190233771013163, '8': 0.28887693380798996, '9': 0.3388000316200421, '10': 0.34385798602744405, '11': 0.27506722652663795, '12': 0.3619745790406507, '13': 0.35062563844990907, '14': 0.19908242484347716, '15': 0.30324350959724805, '16': 0.23764744719697306, '17': 0.25538238394039614, '18': 0.2097403708707403, '19': 0.19447378178161617}",1.9073486328125e-06,cluster_threshold,high_score_train_feature_benign
0.00802079185269153,0.009554897737597337,0.008763062894850248,20,threshold_raise,random_train_feature_benign,nbaiot,20,9.5367431640625e-07,20,20,0.1,True,0.008763062894850248,0.009140618007492175,threshold_raise,"{'0': 0.009098538020510749, '1': 0.007597765303504305, '2': 0.00833078132551391, '3': 0.0066815736163177465, '4': 0.011533181654450287, '5': 0.009403136961254159, '6': 0.006462639790994127, '7': 0.0063380746377838405, '8': 0.006242544397159803, '9': 0.007005648609296854, '10': 0.0091826979944736, '11': 0.009868968066609942, '12': 0.009586018976973944, '13': 0.009401026414132405, '14': 0.0072495345946079325, '15': 0.012693613694037938, '16': 0.010263723852457872, '17': 0.010567138684384716, '18': 0.00963407124818114, '19': 0.008120580054359672}",1.9073486328125e-06,global_threshold,high_score_train_feature_benign
0.016389578733024077,0.017564561872053193,0.016967574885735897,20,threshold_raise,random_train_feature_benign,nbaiot,20,9.5367431640625e-07,20,20,0.2,True,0.016967574885735897,0.01698704336620405,threshold_raise,"{'0': 0.016627029964217388, '1': 0.01418259317216315, '2': 0.016283769114517885, '3': 0.01582661324445111, '4': 0.017881213119368453, '5': 0.016448234297611147, '6': 0.01546832587064046, '7': 0.016842111301274974, '8': 0.017182224579615348, '9': 0.01735256595744023, '10': 0.015860057631392532, '11': 0.014914788590905071, '12': 0.017839434871703, '13': 0.0184619328673975, '14': 0.017879556514966685, '15': 0.019752194520867836, '16': 0.01676840277181726, '17': 0.017526988294205546, '18': 0.01912148559902921, '19': 0.017131975431133126}",1.9073486328125e-06,global_threshold,high_score_train_feature_benign
0.03374718055926998,0.0357982272758597,0.03479649243347436,20,threshold_raise,random_train_feature_benign,nbaiot,20,9.5367431640625e-07,20,20,0.4,True,0.03479649243347436,0.03519117224639576,threshold_raise,"{'0': 0.038355790823698055, '1': 0.031762262866085, '2': 0.03545733613916377, '3': 0.03329668341227515, '4': 0.03554986572743932, '5': 0.03356183930127704, '6': 0.03440679304393721, '7': 0.03368800165660589, '8': 0.03718073745200663, '9': 0.03590093885122999, '10': 0.02976380655611001, '11': 0.03205782217376016, '12': 0.03589606941850081, '13': 0.03492500835362774, '14': 0.0375212430953979, '15': 0.0367668102000966, '16': 0.03727033205422356, '17': 0.033282826040629966, '18': 0.03792713888817359, '19': 0.03135854261524888}",1.9073486328125e-06,global_threshold,high_score_train_feature_benign
0.07218712667422372,0.08599407963837599,0.0788675660536522,20,threshold_raise,random_train_feature_benign,nbaiot,20,9.5367431640625e-07,20,20,0.1,True,0.0788675660536522,0.08226556206742955,threshold_raise,"{'0': 0.0818868421845967, '1': 0.06837988773153865, '2': 0.07497703192962518, '3': 0.06013416254685971, '4': 0.10379863489005259, '5': 0.08462823265128737, '6': 0.058163758118946994, '7': 0.05704267174005458, '8': 0.05618289957443818, '9': 0.06305083748367174, '10': 0.08264428195026238, '11': 0.08882071259948944, '12': 0.0862741707927655, '13': 0.08460923772719164, '14': 0.06524581135147131, '15': 0.11424252324634138, '16': 0.09237351467212075, '17': 0.09510424815946249, '18': 0.08670664123363024, '19': 0.07308522048923706}",1.9073486328125e-06,local_threshold,high_score_train_feature_benign
0.14750620859721675,0.15808105684847867,0.1527081739716231,20,threshold_raise,random_train_feature_benign,nbaiot,20,9.5367431640625e-07,20,20,0.2,True,0.1527081739716231,0.15288339029583647,threshold_raise,"{'0': 0.14964326967795655, '1': 0.1276433385494685, '2': 0.14655392203066098, '3': 0.14243951920006012, '4': 0.16093091807431625, '5': 0.14803410867850023, '6': 0.13921493283576392, '7': 0.15157900171147473, '8': 0.15464002121653816, '9': 0.1561730936169622, '10': 0.14274051868253282, '11': 0.13423309731814573, '12': 0.1605549138453269, '13': 0.16615739580657757, '14': 0.1609160086347, '15': 0.1777697506878105, '16': 0.15091562494635544, '17': 0.15774289464784985, '18': 0.17209337039126285, '19': 0.15418777888019822}",1.9073486328125e-06,local_threshold,high_score_train_feature_benign
0.30372462503342984,0.32218404548273727,0.31316843190126925,20,threshold_raise,random_train_feature_benign,nbaiot,20,9.5367431640625e-07,20,20,0.4,True,0.31316843190126925,0.31672055021756196,threshold_raise,"{'0': 0.34520211741328244, '1': 0.2858603657947649, '2': 0.3191160252524741, '3': 0.2996701507104764, '4': 0.3199487915469538, '5': 0.30205655371149337, '6': 0.3096611373954348, '7': 0.30319201490945297, '8': 0.33462663706805973, '9': 0.3231084496610699, '10': 0.2678742590049901, '11': 0.2885203995638416, '12': 0.32306462476650755, '13': 0.3143250751826498, '14': 0.33769118785858104, '15': 0.3309012918008693, '16': 0.3354329884880116, '17': 0.2995454343656698, '18': 0.3413442499935624, '19': 0.28222688353723985}",1.9073486328125e-06,local_threshold,high_score_train_feature_benign
