bootstrap_ci_lower,bootstrap_ci_upper,bootstrap_mean,bootstrap_n_seed_aggregates,dataset,exact_binomial_p,exact_support_count,exact_support_n,expected_sign_seed_support,fraction,gate3_metric_pass,mean_effect,median_harm,metric,n_seeds_negative,objective,per_seed_values,permutation_p,policy,source,summary_metric
0.02391661860643205,0.06707081940670828,0.041581346159893506,10,nbaiot,0.0009765625,10,10,10,0.1,True,0.041581346159893506,0.02392249190287187,victim_delta_tpr,0,threshold_raise,"{'0': 0.023890871998808332, '1': 0.02394276358275861, '2': 0.023900101730845866, '3': 0.023922253695501425, '4': 0.02700197931469631, '5': 0.1498025982379852, '6': 0.02392273011024232, '7': 0.07164176508017189, '8': 0.023894687881226617, '9': 0.023893709966698477}",0.001953125,cluster_threshold,high_score_benign,victim_delta_tpr
0.003298115397530234,0.024441636951280935,0.011764482107008704,10,nbaiot,0.0009765625,10,10,10,0.1,True,0.011764482107008704,0.004755328362818106,victim_delta_ba,0,threshold_raise,"{'0': 0.004799690850295018, '1': 0.0015641729258743828, '2': 0.00572598570614734, '3': 0.0018779093744951186, '4': 0.001205726723913873, '5': 0.06482792614116435, '6': 0.003742975727113055, '7': 0.02269416570876305, '8': 0.00649530203697964, '9': 0.004710965875341194}",0.001953125,cluster_threshold,high_score_benign,victim_delta_ba
0.04675562827650099,0.10971774860561301,0.06993817704962732,10,nbaiot,0.0009765625,10,10,10,0.1,True,0.06993817704962732,0.0468352794009369,victim_delta_macro_f1,0,threshold_raise,"{'0': 0.0469473064602073, '1': 0.04666311683924697, '2': 0.04688214309232544, '3': 0.04638121017325413, '4': 0.05696775271156894, '5': 0.24522126733936794, '6': 0.0465204000944354, '7': 0.07044143824766289, '8': 0.04656871982865576, '9': 0.04678841570954837}",0.001953125,cluster_threshold,high_score_benign,victim_delta_macro_f1
0.2147067937498714,0.4309093471668226,0.30389713408519536,10,nbaiot,0.0009765625,10,10,10,0.1,True,0.30389713408519536,0.21471470170677587,victim_delta_tpr,0,threshold_raise,"{'0': 0.21471199442950628, '1': 0.2147217406276769, '2': 0.21466542926046928, '3': 0.21470874569678278, '4': 0.24264703201286397, '5': 0.6487768647281922, '6': 0.21471091151859845, '7': 0.6446674425515055, '8': 0.21471740898404545, '9': 0.21464377104231258}",0.001953125,cluster_threshold,high_score_benign,worst_victim_drop
0.027787660857651705,0.07752598307692037,0.05013570630927301,10,nbaiot,0.0009765625,10,10,10,0.2,True,0.05013570630927301,0.02550485635884179,victim_delta_tpr,0,threshold_raise,"{'0': 0.02394901447118685, '1': 0.05313850256639667, '2': 0.02393269276355599, '3': 0.023986019340837557, '4': 0.02702369337684602, '5': 0.14983196919181052, '6': 0.0239486828831975, '7': 0.09852268082141645, '8': 0.05310100028901217, '9': 0.023922807388470396}",0.001953125,cluster_threshold,high_score_benign,victim_delta_tpr
0.0024883978817951923,0.026040072013258798,0.012911707060903426,10,nbaiot,0.0546875,8,10,8,0.2,True,0.012911707060903426,0.002384191431771888,victim_delta_ba,2,threshold_raise,"{'0': 0.0011540424214840916, '1': 0.012952944775857697, '2': 0.002752435732314145, '3': -0.002769580507554406, '4': -0.0006457975273718657, '5': 0.061226236930423825, '6': 0.0011213935006727021, '7': 0.0333134295293201, '8': 0.017996018622658354, '9': 0.0020159471312296315}",0.03125,cluster_threshold,high_score_benign,victim_delta_ba
0.0546439364878742,0.12760356172760273,0.0864286493518625,10,nbaiot,0.0009765625,10,10,10,0.2,True,0.0864286493518625,0.05153761411090198,victim_delta_macro_f1,0,threshold_raise,"{'0': 0.04640831982780788, '1': 0.10084453253846443, '2': 0.04635865631055947, '3': 0.0458970395089536, '4': 0.05666690839399608, '5': 0.2447827761079531, '6': 0.046145394260166214, '7': 0.13017326433113346, '8': 0.1006420399976712, '9': 0.04636756224191954}",0.001953125,cluster_threshold,high_score_benign,victim_delta_macro_f1
0.22508639404745312,0.43535382456431365,0.31351628944100096,10,nbaiot,0.0009765625,10,10,10,0.2,True,0.31351628944100096,0.22868607693959486,victim_delta_tpr,0,threshold_raise,"{'0': 0.21471199442950628, '1': 0.26264496320985087, '2': 0.21472390644949246, '3': 0.21471199442950628, '4': 0.24264824742969726, '5': 0.648878002528445, '6': 0.21471416025132195, '7': 0.6447572058240887, '8': 0.26270590768672364, '9': 0.2146665121713771}",0.001953125,cluster_threshold,high_score_benign,worst_victim_drop
0.030746730681927008,0.07924759213679074,0.05245739718921351,10,nbaiot,0.0009765625,10,10,10,0.4,True,0.05245739718921351,0.03688640833802969,victim_delta_tpr,0,threshold_raise,"{'0': 0.024041853049296007, '1': 0.053174212556163086, '2': 0.023964057514095354, '3': 0.04670881580068356, '4': 0.027064000875375818, '5': 0.1498729912517867, '6': 0.02399351561723671, '7': 0.09858698256119988, '8': 0.053185785850434916, '9': 0.02398175681586304}",0.001953125,cluster_threshold,high_score_benign,victim_delta_tpr
3.1584504387305056e-05,0.023032246449248457,0.010041286093328673,10,nbaiot,0.623046875,5,10,5,0.4,False,0.010041286093328673,0.0028213789353712412,victim_delta_ba,5,threshold_raise,"{'0': -0.004849827395171393, '1': 0.009813599913389716, '2': -0.0004339108671982765, '3': 0.006076668737940759, '4': -0.003035001086911509, '5': 0.05892118749743406, '6': -0.002413286809815612, '7': 0.028773388752370996, '8': 0.010414804680669687, '9': -0.002854762489421699}",0.123046875,cluster_threshold,high_score_benign,victim_delta_ba
0.05990031935409584,0.1318131267824035,0.09172752865106774,10,nbaiot,0.0009765625,10,10,10,0.4,True,0.09172752865106774,0.07815547598518809,victim_delta_macro_f1,0,threshold_raise,"{'0': 0.0458960180663083, '1': 0.1005097934244858, '2': 0.046036573172864144, '3': 0.10272272431307204, '4': 0.056359604806595597, '5': 0.24453710438162166, '6': 0.045786162368944124, '7': 0.12967030260169501, '8': 0.09995134716378058, '9': 0.04580565621131019}",0.001953125,cluster_threshold,high_score_benign,victim_delta_macro_f1
0.22509892800799233,0.43539963139930954,0.31354178457246656,10,nbaiot,0.0009765625,10,10,10,0.4,True,0.31354178457246656,0.22868885046982718,victim_delta_tpr,0,threshold_raise,"{'0': 0.21471632607313762, '1': 0.26264902617497565, '2': 0.21472715518221597, '3': 0.21471740898404545, '4': 0.24264946284653055, '5': 0.6490012642225031, '6': 0.21471632607313762, '7': 0.6448067303882725, '8': 0.26270590768672364, '9': 0.2147282380931238}",0.001953125,cluster_threshold,high_score_benign,worst_victim_drop
0.009861317897911441,0.05282023746443073,0.031340248429189074,10,nbaiot,0.0009765625,10,10,10,0.1,True,0.031340248429189074,0.013437082628791409,victim_delta_tpr,0,threshold_raise,"{'0': 0.07161597202755825, '1': 1.1033576968812033e-05, '2': 2.0981746521431255e-05, '3': 0.02685174220722945, '4': 1.9136493885191846e-05, '5': 0.07160995916864714, '6': 0.07162006081389864, '7': 8.548905105277961e-06, '8': 2.2423050353369432e-05, '9': 0.07162262630172314}",0.001953125,global_threshold,high_score_benign,victim_delta_tpr
0.0034952149972582217,0.025047628339763966,0.014187203246918778,10,nbaiot,0.623046875,5,10,5,0.1,False,0.014187203246918778,0.005539825412091835,victim_delta_ba,5,threshold_raise,"{'0': 0.034572029254087866, '1': -0.0021892277039046787, '2': -0.001152692383680777, '3': 0.012168704991772928, '4': -0.00108905416758926, '5': 0.034662516021347844, '6': 0.034393467283282776, '7': -0.001388037385576863, '8': -0.002637190951167681, '9': 0.03453151751061561}",0.0625,global_threshold,high_score_benign,victim_delta_ba
0.013260924344887685,0.058762617278342665,0.035934059072305645,10,nbaiot,0.623046875,5,10,5,0.1,False,0.035934059072305645,0.029788260888864562,victim_delta_macro_f1,5,threshold_raise,"{'0': 0.07553754512554564, '1': -0.0002974468520852887, '2': -0.00020100128324024302, '3': 0.05977752306096937, '4': -0.00020871182889307485, '5': 0.0755811186054931, '6': 0.0754536541063961, '7': -0.0006580695915107374, '8': -0.001134077005908174, '9': 0.07549005638628972}",0.0625,global_threshold,high_score_benign,victim_delta_macro_f1
0.08870960710960855,0.47534076827492155,0.28202162424510774,10,nbaiot,0.0009765625,10,10,10,0.1,True,0.28202162424510774,0.12088466639194129,victim_delta_tpr,0,threshold_raise,"{'0': 0.6445064877179081, '1': 5.2619849445323386e-05, '2': 0.0001423831220285221, '3': 0.24162694966185405, '4': 0.0001423831220285221, '5': 0.6444631537242471, '6': 0.6445343452852614, '7': 6.190570522979222e-05, '8': 0.000139287836767088, '9': 0.6445467264263074}",0.001953125,global_threshold,high_score_benign,worst_victim_drop
0.009869341469150326,0.05282945562156886,0.03134894571595771,10,nbaiot,0.0009765625,10,10,10,0.2,True,0.03134894571595771,0.013444672169917292,victim_delta_tpr,0,threshold_raise,"{'0': 0.07162436344605058, '1': 1.7773153693482573e-05, '2': 3.0098918291846893e-05, '3': 0.026859245421542735, '4': 2.786106998218611e-05, '5': 0.07161809380569227, '6': 0.07163250349793025, '7': 1.651260814872213e-05, '8': 2.923709168586555e-05, '9': 0.07163376814655924}",0.001953125,global_threshold,high_score_benign,victim_delta_tpr
0.0026975264168966687,0.024338270642845123,0.013450238407472314,10,nbaiot,0.623046875,5,10,5,0.2,False,0.013450238407472314,0.004826728136327711,victim_delta_ba,5,threshold_raise,"{'0': 0.0337992538271494, '1': -0.002644494535898989, '2': -0.002248860345641818, '3': 0.01132826064501755, '4': -0.0016748043723621277, '5': 0.03418005194462169, '6': 0.033546676525899474, '7': -0.0024768973043347207, '8': -0.0032619085504748493, '9': 0.03395510624074755}",0.064453125,global_threshold,high_score_benign,victim_delta_ba
0.013063794083325222,0.05865603798667824,0.03577285313105537,10,nbaiot,0.623046875,5,10,5,0.2,False,0.03577285313105537,0.029673172913868326,victim_delta_macro_f1,5,threshold_raise,"{'0': 0.07546542578715232, '1': -0.00033420838772119717, '2': -0.0006447710943393026, '3': 0.05968055421545785, '4': -0.0003376621522388983, '5': 0.07560194289596317, '6': 0.07543212858530386, '7': -0.0011588751612771372, '8': -0.001366501915230726, '9': 0.07539049853748375}",0.0625,global_threshold,high_score_benign,victim_delta_macro_f1
0.08875848729050256,0.4753874894943457,0.28206865499305805,10,nbaiot,0.0009765625,10,10,10,0.2,True,0.28206865499305805,0.12092017423232665,victim_delta_tpr,0,threshold_raise,"{'0': 0.6445467264263074, '1': 9.285855784468833e-05, '2': 0.00020738411251974842, '3': 0.24163296435213355, '4': 0.00020428882725831432, '5': 0.6444972018621236, '6': 0.6446179179873217, '7': 0.00012071612519815034, '8': 0.0001733359746434182, '9': 0.6445931557052298}",0.001953125,global_threshold,high_score_benign,worst_victim_drop
0.02957212012981359,0.07074310132594944,0.051052290346931276,10,nbaiot,0.0009765625,10,10,10,0.4,True,0.051052290346931276,0.0716299594042708,victim_delta_tpr,0,threshold_raise,"{'0': 0.0716356710921905, '1': 0.026881091017906034, '2': 0.0716484038480194, '3': 0.026876732741315405, '4': 3.634718268562419e-05, '5': 0.07162424771635109, '6': 0.09850011045986382, '7': 3.6775555234686623e-05, '8': 0.071643626918285, '9': 0.07163989693746114}",0.001953125,global_threshold,high_score_benign,victim_delta_tpr
0.011580364018234724,0.03182309612495245,0.02217151510916099,10,nbaiot,0.0546875,8,10,8,0.4,True,0.02217151510916099,0.032017760958304414,victim_delta_ba,2,threshold_raise,"{'0': 0.032729429315043496, '1': 0.009487884342321765, '2': 0.03240278103554163, '3': 0.010726705123922462, '4': -0.003015819532838335, '5': 0.03290225660400767, '6': 0.045604226664487414, '7': -0.0036847636643888818, '8': 0.03163274088106719, '9': 0.03292971032244549}",0.0078125,global_threshold,high_score_benign,victim_delta_ba
0.039713930220839,0.08549172145652421,0.06272629168108854,10,nbaiot,0.0546875,8,10,8,0.4,True,0.06272629168108854,0.07483674334336644,victim_delta_macro_f1,2,threshold_raise,"{'0': 0.07530273733404805, '1': 0.05930829506189385, '2': 0.07523296196358811, '3': 0.05959749744043059, '4': -0.000548698403101079, '5': 0.07528782844242529, '6': 0.13497220755822636, '7': -0.0015633992733586838, '8': 0.07457508145377181, '9': 0.07509840523296107}",0.0078125,global_threshold,high_score_benign,victim_delta_macro_f1
0.26598369452619663,0.6043198172700859,0.43516927316350945,10,nbaiot,0.0009765625,10,10,10,0.4,True,0.43516927316350945,0.6445730363510301,victim_delta_tpr,0,threshold_raise,"{'0': 0.6446148227020603, '1': 0.24164258785658088, '2': 0.6447324435419968, '3': 0.2416461966707486, '4': 0.0002507181061806585, '5': 0.64453125, '6': 0.6447355388272582, '7': 0.00027238510301108576, '8': 0.6446457755546751, '9': 0.6446210132725831}",0.001953125,global_threshold,high_score_benign,worst_victim_drop
0.04188607390075215,0.10116195510365107,0.06702638497259299,10,nbaiot,0.0009765625,10,10,10,0.1,True,0.06702638497259299,0.05086227517334063,victim_delta_tpr,0,threshold_raise,"{'0': 0.05087748553054374, '1': 0.023916990733253794, '2': 0.050858892230854866, '3': 0.05086163362974714, '4': 0.050862916716934124, '5': 0.023908243253578605, '6': 0.05087251959296882, '7': 0.19443519069573081, '8': 0.12282665917254396, '9': 0.05084331816977405}",0.001953125,local_threshold,high_score_benign,victim_delta_tpr
0.009883613788323075,0.04043754356756145,0.023075310144749527,10,nbaiot,0.0107421875,9,10,9,0.1,True,0.023075310144749527,0.015096923899518847,victim_delta_ba,1,threshold_raise,"{'0': 0.015333465537333465, '1': -0.0009796743484489594, '2': 0.015755091644858665, '3': 0.014745633503518048, '4': 0.014839172297720507, '5': 0.002074180280232923, '6': 0.014860382261704226, '7': 0.0869811359440802, '8': 0.05150825882692097, '9': 0.015635455499575186}",0.00390625,local_threshold,high_score_benign,victim_delta_ba
0.08275449027670655,0.15583708227135842,0.11760311426083643,10,nbaiot,0.0009765625,10,10,10,0.1,True,0.11760311426083643,0.10680376778839608,victim_delta_macro_f1,0,threshold_raise,"{'0': 0.10679624556481986, '1': 0.04665924651838534, '2': 0.10695716166062735, '3': 0.1068112900119723, '4': 0.10676423082666825, '5': 0.04617551285085866, '6': 0.10692926707034295, '7': 0.25940218058114084, '8': 0.18281930470851315, '9': 0.10671670281503563}",0.001953125,local_threshold,high_score_benign,victim_delta_macro_f1
0.23424968013470934,0.44290385307410596,0.31827413962771306,10,nbaiot,0.0009765625,10,10,10,0.1,True,0.31827413962771306,0.24262697763511487,victim_delta_tpr,0,threshold_raise,"{'0': 0.24261664659203197, '1': 0.21472065771676896, '2': 0.24263487784453108, '3': 0.242625154509865, '4': 0.24262880076036475, '5': 0.21471632607313762, '6': 0.24263123159403133, '7': 0.6487863463969659, '8': 0.6487610619469026, '9': 0.24262029284253173}",0.001953125,local_threshold,high_score_benign,worst_victim_drop
0.042811403330927575,0.10757452795661351,0.07008815536973051,10,nbaiot,0.0009765625,10,10,10,0.2,True,0.07008815536973051,0.05090129065785941,victim_delta_tpr,0,threshold_raise,"{'0': 0.050920537139658245, '1': 0.023959085881213354, '2': 0.050899702574974934, '3': 0.050910259592890215, '4': 0.05088916621502916, '5': 0.0239501399115995, '6': 0.05090287874074388, '7': 0.1944835441827117, '8': 0.15307534709599835, '9': 0.050890892362485826}",0.001953125,local_threshold,high_score_benign,victim_delta_tpr
0.006968234223388343,0.0400108352341944,0.021204738589630075,10,nbaiot,0.0546875,8,10,8,0.2,True,0.021204738589630075,0.01187721500455867,victim_delta_ba,2,threshold_raise,"{'0': 0.012467900642613728, '1': -0.00400437041109304, '2': 0.012624756043674253, '3': 0.011153471157080454, '4': 0.011757710090401323, '5': -0.0017663758420141857, '6': 0.01147191602407739, '7': 0.08262231713772844, '8': 0.06372334113511641, '9': 0.011996719918716018}",0.0078125,local_threshold,high_score_benign,victim_delta_ba
0.08344916970055029,0.16907790366310324,0.12286692042496077,10,nbaiot,0.0009765625,10,10,10,0.2,True,0.12286692042496077,0.1063444679275636,victim_delta_macro_f1,0,threshold_raise,"{'0': 0.10637757608867217, '1': 0.046224996572509225, '2': 0.1064684098358452, '3': 0.10627445032909244, '4': 0.10631135976645502, '5': 0.04552392959790751, '6': 0.10642561090150368, '7': 0.258446556349544, '8': 0.24037933864803662, '9': 0.10623697616004184}",0.001953125,local_threshold,high_score_benign,victim_delta_macro_f1
0.23425750061961534,0.44297302094284025,0.31831085231885176,10,nbaiot,0.0009765625,10,10,10,0.2,True,0.31831085231885176,0.24263062388561468,victim_delta_tpr,0,threshold_raise,"{'0': 0.24262029284253173, '1': 0.21473256973675525, '2': 0.24263609326136437, '3': 0.24263001617719804, '4': 0.24263123159403133, '5': 0.2147498963112806, '6': 0.2426348778445312, '7': 0.6489728192161821, '8': 0.6488780025284451, '9': 0.2426227236761983}",0.001953125,local_threshold,high_score_benign,worst_victim_drop
0.042852317426784796,0.11571084973405374,0.07509037279067024,10,nbaiot,0.0009765625,10,10,10,0.4,True,0.07509037279067024,0.050944258872414036,victim_delta_tpr,0,threshold_raise,"{'0': 0.05096161211334839, '1': 0.023989558031631053, '2': 0.05094284053543632, '3': 0.07362375385230563, '4': 0.05092194950930054, '5': 0.023986343436915365, '6': 0.05094567720939175, '7': 0.1945410347157997, '8': 0.18007504263526075, '9': 0.05091591586731286}",0.001953125,local_threshold,high_score_benign,victim_delta_tpr
0.004666230749023219,0.04104557031975994,0.020653726971480223,10,nbaiot,0.0546875,8,10,8,0.4,True,0.020653726971480223,0.009276727429308969,victim_delta_ba,2,threshold_raise,"{'0': 0.009144974173408574, '1': -0.006975266958206248, '2': 0.00943590895683392, '3': 0.019772720900391925, '4': 0.008703935843260865, '5': -0.00445208994891159, '6': 0.00846813882404909, '7': 0.07903488772979438, '8': 0.07399557950897195, '9': 0.009408480685209362}",0.017578125,local_threshold,high_score_benign,victim_delta_ba
0.08785200169483744,0.1888468060172079,0.13433402786058363,10,nbaiot,0.0009765625,10,10,10,0.4,True,0.13433402786058363,0.10606491273797836,victim_delta_macro_f1,0,threshold_raise,"{'0': 0.1060406206157918, '1': 0.045889628205643504, '2': 0.10614661075174572, '3': 0.16307984166379325, '4': 0.10592060327100211, '5': 0.04512438565787043, '6': 0.1060892048601649, '7': 0.2579939057241331, '8': 0.3010718078235585, '9': 0.10598367003213303}",0.001953125,local_threshold,high_score_benign,victim_delta_macro_f1
0.23426561255383077,0.44302245416626346,0.31833140651778835,10,nbaiot,0.0009765625,10,10,10,0.4,True,0.31833140651778835,0.24263183930244797,victim_delta_tpr,0,threshold_raise,"{'0': 0.24262636992669817, '1': 0.2147498963112806, '2': 0.24263730867819766, '3': 0.24263244701086462, '4': 0.24263123159403133, '5': 0.21475747668763545, '6': 0.24263730867819777, '7': 0.6490328697850822, '8': 0.6489791403286979, '9': 0.24263001617719804}",0.001953125,local_threshold,high_score_benign,worst_victim_drop
