dataset,fraction,max_bound_utilization,mean_bound_utilization,mean_duplicate_rate_clean,mean_duplicate_rate_poisoned,mean_n_replaced,objective,policy,source
nbaiot,0.1,0.7944884466408589,0.10498648470744046,0.011788450646880512,0.10335935824017703,1235.3333333333333,threshold_lower,cluster_threshold,low_score_benign
nbaiot,0.2,0.8013730791252215,0.20922453777855887,0.011788450646880512,0.19072098616327715,2470.6666666666665,threshold_lower,cluster_threshold,low_score_benign
nbaiot,0.4,0.8136972517590257,0.3288164848793112,0.011788450646880512,0.36597172639983816,4941.555555555556,threshold_lower,cluster_threshold,low_score_benign
nbaiot,0.1,0.7823545692605091,-0.00032894442964926323,0.011788450646880512,0.10027212672712575,1235.3333333333333,threshold_lower,cluster_threshold,random_benign
nbaiot,0.2,0.593065060277555,0.005748322879315458,0.011788450646880512,0.17209920202333043,2470.6666666666665,threshold_lower,cluster_threshold,random_benign
nbaiot,0.4,0.6556825429440613,-0.010386126343382334,0.011788450646880512,0.27448420521167766,4941.555555555556,threshold_lower,cluster_threshold,random_benign
nbaiot,0.1,0.5349805915901708,0.030417441662830245,0.011788450646880512,0.10358579425730038,1235.3333333333333,threshold_raise,cluster_threshold,high_score_benign
nbaiot,0.2,0.5529079217812376,0.05422639129328825,0.011788450646880512,0.19083536353877129,2470.6666666666665,threshold_raise,cluster_threshold,high_score_benign
nbaiot,0.4,0.5693725455284481,0.07660982238643431,0.011788450646880512,0.3663784867319014,4941.555555555556,threshold_raise,cluster_threshold,high_score_benign
nbaiot,0.1,0.3636592205121523,-0.003870992829957452,0.011788450646880512,0.009647526800573372,1235.3333333333333,threshold_raise,cluster_threshold,high_score_train_feature_benign
nbaiot,0.2,0.5227526769178231,-0.010783791774303097,0.011788450646880512,0.00770720056950167,2470.6666666666665,threshold_raise,cluster_threshold,high_score_train_feature_benign
nbaiot,0.4,0.5445919984312749,0.029933961158720785,0.011788450646880512,0.00476658532584054,4941.555555555556,threshold_raise,cluster_threshold,high_score_train_feature_benign
nbaiot,0.1,0.0060397389342951085,-0.00019482736674224333,0.011788450646880512,0.10032214208637134,1235.3333333333333,threshold_raise,cluster_threshold,random_benign
nbaiot,0.2,0.0223761384385916,-1.3997043143360978e-05,0.011788450646880512,0.17217934591337333,2470.6666666666665,threshold_raise,cluster_threshold,random_benign
nbaiot,0.4,0.022936059227923463,0.0001775563421625979,0.011788450646880512,0.27424710086661325,4941.555555555556,threshold_raise,cluster_threshold,random_benign
nbaiot,0.1,0.31437268998638124,-0.01540073170170987,0.011788450646880512,0.009647268633501009,1235.3333333333333,threshold_raise,cluster_threshold,random_train_feature_benign
nbaiot,0.2,0.009521086962122947,-0.04949579998014981,0.011788450646880512,0.007730882075504312,2470.6666666666665,threshold_raise,cluster_threshold,random_train_feature_benign
nbaiot,0.4,0.08644188583146116,-0.05968309620844013,0.011788450646880512,0.004512407302186388,4941.555555555556,threshold_raise,cluster_threshold,random_train_feature_benign
nbaiot,0.1,0.1125865474684131,0.01627533842714969,0.011788450646880512,0.10335935824017703,1235.3333333333333,threshold_lower,global_threshold,low_score_benign
nbaiot,0.2,0.1535762403436483,0.02882827239475463,0.011788450646880512,0.19072098616327715,2470.6666666666665,threshold_lower,global_threshold,low_score_benign
nbaiot,0.4,0.20153191758165215,0.04947767400110828,0.011788450646880512,0.36597172639983816,4941.555555555556,threshold_lower,global_threshold,low_score_benign
nbaiot,0.1,0.08018865916966045,0.0006350291936081481,0.011788450646880512,0.10027212672712575,1235.3333333333333,threshold_lower,global_threshold,random_benign
nbaiot,0.2,0.05376458382690746,-0.0021475734402264294,0.011788450646880512,0.17209920202333043,2470.6666666666665,threshold_lower,global_threshold,random_benign
nbaiot,0.4,0.06222060510583318,0.0008958967776238357,0.011788450646880512,0.27448420521167766,4941.555555555556,threshold_lower,global_threshold,random_benign
nbaiot,0.1,0.023705727229525107,0.00417712036745621,0.011788450646880512,0.10358579425730038,1235.3333333333333,threshold_raise,global_threshold,high_score_benign
nbaiot,0.2,0.029328081774528055,0.00668880993758142,0.011788450646880512,0.19083536353877129,2470.6666666666665,threshold_raise,global_threshold,high_score_benign
nbaiot,0.4,0.04135201622005587,0.010107657993115695,0.011788450646880512,0.3663784867319014,4941.555555555556,threshold_raise,global_threshold,high_score_benign
nbaiot,0.1,0.012813835233636843,0.0014974640799115405,0.011788450646880512,0.009647526800573372,1235.3333333333333,threshold_raise,global_threshold,high_score_train_feature_benign
nbaiot,0.2,0.02166608728137449,0.002836024851009564,0.011788450646880512,0.00770720056950167,2470.6666666666665,threshold_raise,global_threshold,high_score_train_feature_benign
nbaiot,0.4,0.04170932043528099,0.006261584495287684,0.011788450646880512,0.00476658532584054,4941.555555555556,threshold_raise,global_threshold,high_score_train_feature_benign
nbaiot,0.1,0.0023862780105986603,-2.777388651221383e-05,0.011788450646880512,0.10032214208637134,1235.3333333333333,threshold_raise,global_threshold,random_benign
nbaiot,0.2,0.00287265367556955,7.309392701363316e-05,0.011788450646880512,0.17217934591337333,2470.6666666666665,threshold_raise,global_threshold,random_benign
nbaiot,0.4,0.003277036378345171,5.414359797028117e-05,0.011788450646880512,0.27424710086661325,4941.555555555556,threshold_raise,global_threshold,random_benign
nbaiot,0.1,0.002493480463869499,-0.00017237212800756915,0.011788450646880512,0.009647268633501009,1235.3333333333333,threshold_raise,global_threshold,random_train_feature_benign
nbaiot,0.2,0.003034732689174787,-0.0004243722080606409,0.011788450646880512,0.007730882075504312,2470.6666666666665,threshold_raise,global_threshold,random_train_feature_benign
nbaiot,0.4,0.004453175632849756,-0.0007813796071872809,0.011788450646880512,0.004512407302186388,4941.555555555556,threshold_raise,global_threshold,random_train_feature_benign
nbaiot,0.1,0.48631826646251697,0.1188603045332781,0.011788450646880512,0.10335935824017703,1235.3333333333333,threshold_lower,local_threshold,low_score_benign
nbaiot,0.2,0.7172976357246552,0.21482422274749297,0.011788450646880512,0.19072098616327715,2470.6666666666665,threshold_lower,local_threshold,low_score_benign
nbaiot,0.4,0.8555581962210058,0.3776832678075324,0.011788450646880512,0.36597172639983816,4941.555555555556,threshold_lower,local_threshold,low_score_benign
nbaiot,0.1,0.3954476661278803,0.0026929808533877864,0.011788450646880512,0.10027212672712575,1235.3333333333333,threshold_lower,local_threshold,random_benign
nbaiot,0.2,0.2973561584921992,-0.012020738226184447,0.011788450646880512,0.17209920202333043,2470.6666666666665,threshold_lower,local_threshold,random_benign
nbaiot,0.4,0.33830429090313013,0.0026954983324626075,0.011788450646880512,0.27448420521167766,4941.555555555556,threshold_lower,local_threshold,random_benign
nbaiot,0.1,0.1773822214045102,0.03533850642753249,0.011788450646880512,0.10358579425730038,1235.3333333333333,threshold_raise,local_threshold,high_score_benign
nbaiot,0.2,0.2243902204762805,0.05674011276022447,0.011788450646880512,0.19083536353877129,2470.6666666666665,threshold_raise,local_threshold,high_score_benign
nbaiot,0.4,0.3114742229803928,0.08594259725898412,0.011788450646880512,0.3663784867319014,4941.555555555556,threshold_raise,local_threshold,high_score_benign
nbaiot,0.1,0.09588174775009456,0.012221539779482926,0.011788450646880512,0.009647526800573372,1235.3333333333333,threshold_raise,local_threshold,high_score_train_feature_benign
nbaiot,0.2,0.1621202612306951,0.02314997318798423,0.011788450646880512,0.00770720056950167,2470.6666666666665,threshold_raise,local_threshold,high_score_train_feature_benign
nbaiot,0.4,0.3120972345816912,0.05124641000972729,0.011788450646880512,0.00476658532584054,4941.555555555556,threshold_raise,local_threshold,high_score_train_feature_benign
nbaiot,0.1,0.022475523791367042,-0.00028322750419756525,0.011788450646880512,0.10032214208637134,1235.3333333333333,threshold_raise,local_threshold,random_benign
nbaiot,0.2,0.02670650129023244,0.0006305257635950077,0.011788450646880512,0.17217934591337333,2470.6666666666665,threshold_raise,local_threshold,random_benign
nbaiot,0.4,0.03073894366088773,0.0004278793142915529,0.011788450646880512,0.27424710086661325,4941.555555555556,threshold_raise,local_threshold,random_benign
nbaiot,0.1,0.01951317711917731,-0.0016962666959969624,0.011788450646880512,0.009647268633501009,1235.3333333333333,threshold_raise,local_threshold,random_train_feature_benign
nbaiot,0.2,0.023748843165720398,-0.0040249342157356455,0.011788450646880512,0.007730882075504312,2470.6666666666665,threshold_raise,local_threshold,random_train_feature_benign
nbaiot,0.4,0.03484912199061401,-0.007187082154926837,0.011788450646880512,0.004512407302186388,4941.555555555556,threshold_raise,local_threshold,random_train_feature_benign
