dataset,iqr_floor_factor,materiality_factor,n_calibration_instability,n_changed_vs_default,n_full_vulnerability,n_groups,n_mechanism_only,n_null_or_conditional,sign_consistency,victim_majority
nbaiot,0.005,0.05,5,7,22,27,0,0,12,3
nbaiot,0.01,0.05,5,7,22,27,0,0,12,3
nbaiot,0.02,0.05,5,7,22,27,0,0,12,3
nbaiot,0.005,0.1,1,3,26,27,0,0,12,3
nbaiot,0.01,0.1,1,3,26,27,0,0,12,3
nbaiot,0.02,0.1,1,3,26,27,0,0,12,3
nbaiot,0.005,0.2,0,1,26,27,0,1,12,3
nbaiot,0.01,0.2,0,1,26,27,0,1,12,3
nbaiot,0.02,0.2,0,1,26,27,0,1,12,3
nbaiot,0.005,0.05,0,2,27,27,0,0,12,4
nbaiot,0.01,0.05,0,2,27,27,0,0,12,4
nbaiot,0.02,0.05,0,2,27,27,0,0,12,4
nbaiot,0.005,0.1,0,2,27,27,0,0,12,4
nbaiot,0.01,0.1,0,2,27,27,0,0,12,4
nbaiot,0.02,0.1,0,2,27,27,0,0,12,4
nbaiot,0.005,0.2,0,0,25,27,0,2,12,4
nbaiot,0.01,0.2,0,0,25,27,0,2,12,4
nbaiot,0.02,0.2,0,0,25,27,0,2,12,4
nbaiot,0.005,0.05,0,2,27,27,0,0,12,5
nbaiot,0.01,0.05,0,2,27,27,0,0,12,5
nbaiot,0.02,0.05,0,2,27,27,0,0,12,5
nbaiot,0.005,0.1,0,0,25,27,0,2,12,5
nbaiot,0.01,0.1,0,0,25,27,0,2,12,5
nbaiot,0.02,0.1,0,0,25,27,0,2,12,5
nbaiot,0.005,0.2,0,2,23,27,0,4,12,5
nbaiot,0.01,0.2,0,2,23,27,0,4,12,5
nbaiot,0.02,0.2,0,2,23,27,0,4,12,5
nbaiot,0.005,0.05,0,1,26,27,0,1,12,6
nbaiot,0.01,0.05,0,1,26,27,0,1,12,6
nbaiot,0.02,0.05,0,1,26,27,0,1,12,6
nbaiot,0.005,0.1,0,1,24,27,0,3,12,6
nbaiot,0.01,0.1,0,1,24,27,0,3,12,6
nbaiot,0.02,0.1,0,1,24,27,0,3,12,6
nbaiot,0.005,0.2,0,4,21,27,0,6,12,6
nbaiot,0.01,0.2,0,4,21,27,0,6,12,6
nbaiot,0.02,0.2,0,4,21,27,0,6,12,6
nbaiot,0.005,0.05,0,1,24,27,0,3,12,7
nbaiot,0.01,0.05,0,1,24,27,0,3,12,7
nbaiot,0.02,0.05,0,1,24,27,0,3,12,7
nbaiot,0.005,0.1,0,2,23,27,0,4,12,7
nbaiot,0.01,0.1,0,2,23,27,0,4,12,7
nbaiot,0.02,0.1,0,2,23,27,0,4,12,7
nbaiot,0.005,0.2,0,6,19,27,0,8,12,7
nbaiot,0.01,0.2,0,6,19,27,0,8,12,7
nbaiot,0.02,0.2,0,6,19,27,0,8,12,7
nbaiot,0.005,0.05,3,5,24,27,0,0,14,3
nbaiot,0.01,0.05,3,5,24,27,0,0,14,3
nbaiot,0.02,0.05,3,5,24,27,0,0,14,3
nbaiot,0.005,0.1,1,3,26,27,0,0,14,3
nbaiot,0.01,0.1,1,3,26,27,0,0,14,3
nbaiot,0.02,0.1,1,3,26,27,0,0,14,3
nbaiot,0.005,0.2,0,1,26,27,0,1,14,3
nbaiot,0.01,0.2,0,1,26,27,0,1,14,3
nbaiot,0.02,0.2,0,1,26,27,0,1,14,3
nbaiot,0.005,0.05,0,2,27,27,0,0,14,4
nbaiot,0.01,0.05,0,2,27,27,0,0,14,4
nbaiot,0.02,0.05,0,2,27,27,0,0,14,4
nbaiot,0.005,0.1,0,2,27,27,0,0,14,4
nbaiot,0.01,0.1,0,2,27,27,0,0,14,4
nbaiot,0.02,0.1,0,2,27,27,0,0,14,4
nbaiot,0.005,0.2,0,0,25,27,0,2,14,4
nbaiot,0.01,0.2,0,0,25,27,0,2,14,4
nbaiot,0.02,0.2,0,0,25,27,0,2,14,4
nbaiot,0.005,0.05,0,2,27,27,0,0,14,5
nbaiot,0.01,0.05,0,2,27,27,0,0,14,5
nbaiot,0.02,0.05,0,2,27,27,0,0,14,5
nbaiot,0.005,0.1,0,0,25,27,0,2,14,5
nbaiot,0.01,0.1,0,0,25,27,0,2,14,5
nbaiot,0.02,0.1,0,0,25,27,0,2,14,5
nbaiot,0.005,0.2,0,2,23,27,0,4,14,5
nbaiot,0.01,0.2,0,2,23,27,0,4,14,5
nbaiot,0.02,0.2,0,2,23,27,0,4,14,5
nbaiot,0.005,0.05,0,1,26,27,0,1,14,6
nbaiot,0.01,0.05,0,1,26,27,0,1,14,6
nbaiot,0.02,0.05,0,1,26,27,0,1,14,6
nbaiot,0.005,0.1,0,1,24,27,0,3,14,6
nbaiot,0.01,0.1,0,1,24,27,0,3,14,6
nbaiot,0.02,0.1,0,1,24,27,0,3,14,6
nbaiot,0.005,0.2,0,4,21,27,0,6,14,6
nbaiot,0.01,0.2,0,4,21,27,0,6,14,6
nbaiot,0.02,0.2,0,4,21,27,0,6,14,6
nbaiot,0.005,0.05,0,1,24,27,0,3,14,7
nbaiot,0.01,0.05,0,1,24,27,0,3,14,7
nbaiot,0.02,0.05,0,1,24,27,0,3,14,7
nbaiot,0.005,0.1,0,3,22,27,0,5,14,7
nbaiot,0.01,0.1,0,3,22,27,0,5,14,7
nbaiot,0.02,0.1,0,3,22,27,0,5,14,7
nbaiot,0.005,0.2,0,9,16,27,0,11,14,7
nbaiot,0.01,0.2,0,9,16,27,0,11,14,7
nbaiot,0.02,0.2,0,9,16,27,0,11,14,7
nbaiot,0.005,0.05,1,3,26,27,0,0,16,3
nbaiot,0.01,0.05,1,3,26,27,0,0,16,3
nbaiot,0.02,0.05,1,3,26,27,0,0,16,3
nbaiot,0.005,0.1,1,3,26,27,0,0,16,3
nbaiot,0.01,0.1,1,3,26,27,0,0,16,3
nbaiot,0.02,0.1,1,3,26,27,0,0,16,3
nbaiot,0.005,0.2,0,1,26,27,0,1,16,3
nbaiot,0.01,0.2,0,1,26,27,0,1,16,3
nbaiot,0.02,0.2,0,1,26,27,0,1,16,3
nbaiot,0.005,0.05,0,2,27,27,0,0,16,4
nbaiot,0.01,0.05,0,2,27,27,0,0,16,4
nbaiot,0.02,0.05,0,2,27,27,0,0,16,4
nbaiot,0.005,0.1,0,1,26,27,0,1,16,4
nbaiot,0.01,0.1,0,1,26,27,0,1,16,4
nbaiot,0.02,0.1,0,1,26,27,0,1,16,4
nbaiot,0.005,0.2,0,0,25,27,0,2,16,4
nbaiot,0.01,0.2,0,0,25,27,0,2,16,4
nbaiot,0.02,0.2,0,0,25,27,0,2,16,4
nbaiot,0.005,0.05,0,2,27,27,0,0,16,5
nbaiot,0.01,0.05,0,2,27,27,0,0,16,5
nbaiot,0.02,0.05,0,2,27,27,0,0,16,5
nbaiot,0.005,0.1,0,0,25,27,0,2,16,5
nbaiot,0.01,0.1,0,0,25,27,0,2,16,5
nbaiot,0.02,0.1,0,0,25,27,0,2,16,5
nbaiot,0.005,0.2,0,2,23,27,0,4,16,5
nbaiot,0.01,0.2,0,2,23,27,0,4,16,5
nbaiot,0.02,0.2,0,2,23,27,0,4,16,5
nbaiot,0.005,0.05,0,1,26,27,0,1,16,6
nbaiot,0.01,0.05,0,1,26,27,0,1,16,6
nbaiot,0.02,0.05,0,1,26,27,0,1,16,6
nbaiot,0.005,0.1,0,2,23,27,0,4,16,6
nbaiot,0.01,0.1,0,2,23,27,0,4,16,6
nbaiot,0.02,0.1,0,2,23,27,0,4,16,6
nbaiot,0.005,0.2,0,5,20,27,0,7,16,6
nbaiot,0.01,0.2,0,5,20,27,0,7,16,6
nbaiot,0.02,0.2,0,5,20,27,0,7,16,6
nbaiot,0.005,0.05,0,3,22,27,0,5,16,7
nbaiot,0.01,0.05,0,3,22,27,0,5,16,7
nbaiot,0.02,0.05,0,3,22,27,0,5,16,7
nbaiot,0.005,0.1,0,6,19,27,0,8,16,7
nbaiot,0.01,0.1,0,6,19,27,0,8,16,7
nbaiot,0.02,0.1,0,6,19,27,0,8,16,7
nbaiot,0.005,0.2,0,10,15,27,0,12,16,7
nbaiot,0.01,0.2,0,10,15,27,0,12,16,7
nbaiot,0.02,0.2,0,10,15,27,0,12,16,7
nbaiot,0.005,0.05,1,5,24,27,1,1,18,3
nbaiot,0.01,0.05,1,5,24,27,1,1,18,3
nbaiot,0.02,0.05,1,5,24,27,1,1,18,3
nbaiot,0.005,0.1,0,4,25,27,1,1,18,3
nbaiot,0.01,0.1,0,4,25,27,1,1,18,3
nbaiot,0.02,0.1,0,4,25,27,1,1,18,3
nbaiot,0.005,0.2,0,3,24,27,1,2,18,3
nbaiot,0.01,0.2,0,3,24,27,1,2,18,3
nbaiot,0.02,0.2,0,3,24,27,1,2,18,3
nbaiot,0.005,0.05,0,4,25,27,1,1,18,4
nbaiot,0.01,0.05,0,4,25,27,1,1,18,4
nbaiot,0.02,0.05,0,4,25,27,1,1,18,4
nbaiot,0.005,0.1,0,2,23,27,1,3,18,4
nbaiot,0.01,0.1,0,2,23,27,1,3,18,4
nbaiot,0.02,0.1,0,2,23,27,1,3,18,4
nbaiot,0.005,0.2,0,3,22,27,1,4,18,4
nbaiot,0.01,0.2,0,3,22,27,1,4,18,4
nbaiot,0.02,0.2,0,3,22,27,1,4,18,4
nbaiot,0.005,0.05,0,4,25,27,1,1,18,5
nbaiot,0.01,0.05,0,4,25,27,1,1,18,5
nbaiot,0.02,0.05,0,4,25,27,1,1,18,5
nbaiot,0.005,0.1,0,2,23,27,1,3,18,5
nbaiot,0.01,0.1,0,2,23,27,1,3,18,5
nbaiot,0.02,0.1,0,2,23,27,1,3,18,5
nbaiot,0.005,0.2,0,4,21,27,0,6,18,5
nbaiot,0.01,0.2,0,4,21,27,0,6,18,5
nbaiot,0.02,0.2,0,4,21,27,0,6,18,5
nbaiot,0.005,0.05,0,3,22,27,1,4,18,6
nbaiot,0.01,0.05,0,3,22,27,1,4,18,6
nbaiot,0.02,0.05,0,3,22,27,1,4,18,6
nbaiot,0.005,0.1,0,3,22,27,0,5,18,6
nbaiot,0.01,0.1,0,3,22,27,0,5,18,6
nbaiot,0.02,0.1,0,3,22,27,0,5,18,6
nbaiot,0.005,0.2,0,6,19,27,0,8,18,6
nbaiot,0.01,0.2,0,6,19,27,0,8,18,6
nbaiot,0.02,0.2,0,6,19,27,0,8,18,6
nbaiot,0.005,0.05,0,4,21,27,0,6,18,7
nbaiot,0.01,0.05,0,4,21,27,0,6,18,7
nbaiot,0.02,0.05,0,4,21,27,0,6,18,7
nbaiot,0.005,0.1,0,7,18,27,0,9,18,7
nbaiot,0.01,0.1,0,7,18,27,0,9,18,7
nbaiot,0.02,0.1,0,7,18,27,0,9,18,7
nbaiot,0.005,0.2,0,11,14,27,0,13,18,7
nbaiot,0.01,0.2,0,11,14,27,0,13,18,7
nbaiot,0.02,0.2,0,11,14,27,0,13,18,7
nbaiot,0.005,0.05,1,6,23,27,2,1,20,3
nbaiot,0.01,0.05,1,6,23,27,2,1,20,3
nbaiot,0.02,0.05,1,6,23,27,2,1,20,3
nbaiot,0.005,0.1,1,6,23,27,2,1,20,3
nbaiot,0.01,0.1,1,6,23,27,2,1,20,3
nbaiot,0.02,0.1,1,6,23,27,2,1,20,3
nbaiot,0.005,0.2,1,4,21,27,2,3,20,3
nbaiot,0.01,0.2,1,4,21,27,2,3,20,3
nbaiot,0.02,0.2,1,4,21,27,2,3,20,3
nbaiot,0.005,0.05,1,6,23,27,2,1,20,4
nbaiot,0.01,0.05,1,6,23,27,2,1,20,4
nbaiot,0.02,0.05,1,6,23,27,2,1,20,4
nbaiot,0.005,0.1,1,4,21,27,2,3,20,4
nbaiot,0.01,0.1,1,4,21,27,2,3,20,4
nbaiot,0.02,0.1,1,4,21,27,2,3,20,4
nbaiot,0.005,0.2,1,6,19,27,2,5,20,4
nbaiot,0.01,0.2,1,6,19,27,2,5,20,4
nbaiot,0.02,0.2,1,6,19,27,2,5,20,4
nbaiot,0.005,0.05,1,6,23,27,2,1,20,5
nbaiot,0.01,0.05,1,6,23,27,2,1,20,5
nbaiot,0.02,0.05,1,6,23,27,2,1,20,5
nbaiot,0.005,0.1,1,4,21,27,2,3,20,5
nbaiot,0.01,0.1,1,4,21,27,2,3,20,5
nbaiot,0.02,0.1,1,4,21,27,2,3,20,5
nbaiot,0.005,0.2,1,7,18,27,1,7,20,5
nbaiot,0.01,0.2,1,7,18,27,1,7,20,5
nbaiot,0.02,0.2,1,7,18,27,1,7,20,5
nbaiot,0.005,0.05,1,5,20,27,2,4,20,6
nbaiot,0.01,0.05,1,5,20,27,2,4,20,6
nbaiot,0.02,0.05,1,5,20,27,2,4,20,6
nbaiot,0.005,0.1,1,5,20,27,1,5,20,6
nbaiot,0.01,0.1,1,5,20,27,1,5,20,6
nbaiot,0.02,0.1,1,5,20,27,1,5,20,6
nbaiot,0.005,0.2,1,10,15,27,1,10,20,6
nbaiot,0.01,0.2,1,10,15,27,1,10,20,6
nbaiot,0.02,0.2,1,10,15,27,1,10,20,6
nbaiot,0.005,0.05,1,9,16,27,1,9,20,7
nbaiot,0.01,0.05,1,9,16,27,1,9,20,7
nbaiot,0.02,0.05,1,9,16,27,1,9,20,7
nbaiot,0.005,0.1,1,14,11,27,1,14,20,7
nbaiot,0.01,0.1,1,14,11,27,1,14,20,7
nbaiot,0.02,0.1,1,14,11,27,1,14,20,7
nbaiot,0.005,0.2,1,16,9,27,0,17,20,7
nbaiot,0.01,0.2,1,16,9,27,0,17,20,7
nbaiot,0.02,0.2,1,16,9,27,0,17,20,7
