dataset,fraction,leave_one_victim_out_max,leave_one_victim_out_median,leave_one_victim_out_min,n_exclusions,objective,policy,sign_stable_exclusions,source
nbaiot,0.1,0.06244087358548616,0.06160817740407461,0.01884459027787673,9,threshold_lower,cluster_threshold,9,low_score_benign
nbaiot,0.2,0.1265558346310474,0.12295429485384389,0.08211098579030165,9,threshold_lower,cluster_threshold,9,low_score_benign
nbaiot,0.4,0.18440734501540057,0.1610082650747302,0.12249209247917572,9,threshold_lower,cluster_threshold,9,low_score_benign
nbaiot,0.1,0.298341090959729,0.2851452066737691,0.1898853642963027,9,threshold_raise,cluster_threshold,9,high_score_benign
nbaiot,0.2,0.5378108905352805,0.5009292405564336,0.3595481144535978,9,threshold_raise,cluster_threshold,9,high_score_benign
nbaiot,0.4,1.0109480678670393,0.9688307137205263,0.7162925343712145,9,threshold_raise,cluster_threshold,9,high_score_benign
nbaiot,0.1,0.006125253625214114,0.005975924142532892,0.002980337077234413,9,threshold_lower,global_threshold,9,low_score_benign
nbaiot,0.2,0.011147438719247758,0.010761720857893453,0.006362940645259274,9,threshold_lower,global_threshold,9,low_score_benign
nbaiot,0.4,0.020541922484214124,0.019945723948896765,0.013364030146557456,9,threshold_lower,global_threshold,9,low_score_benign
nbaiot,0.1,0.03673864350291988,0.03527079011417093,0.02378253619600493,9,threshold_raise,global_threshold,9,high_score_benign
nbaiot,0.2,0.06500419485900133,0.06150745636938763,0.04883616006829675,9,threshold_raise,global_threshold,9,high_score_benign
nbaiot,0.4,0.11116167269905819,0.10652560318251034,0.07961488201334661,9,threshold_raise,global_threshold,9,high_score_benign
nbaiot,0.1,0.05512728262692668,0.05378331728279631,0.026823033695109737,9,threshold_lower,local_threshold,9,low_score_benign
nbaiot,0.2,0.1003269484732298,0.09685548772104101,0.05726646580733369,9,threshold_lower,local_threshold,9,low_score_benign
nbaiot,0.4,0.1848773023579272,0.17951151554007105,0.12027627131901719,9,threshold_lower,local_threshold,9,low_score_benign
nbaiot,0.1,0.33064779152627854,0.31743711102753813,0.2140428257640443,9,threshold_raise,local_threshold,9,high_score_benign
nbaiot,0.2,0.5850377537310121,0.5535671073244884,0.4395254406146708,9,threshold_raise,local_threshold,9,high_score_benign
nbaiot,0.4,1.0004550542915236,0.958730428642593,0.7165339381201197,9,threshold_raise,local_threshold,9,high_score_benign
