dataset,fraction,objective,policy,random_control_directional_count,random_control_instability_count,random_control_unstable,random_control_unstable_directional,source
nbaiot,0.0,threshold_lower,cluster_threshold,0,0,False,False,random_benign
nbaiot,0.1,threshold_lower,cluster_threshold,0,1,False,False,random_benign
nbaiot,0.2,threshold_lower,cluster_threshold,0,2,False,False,random_benign
nbaiot,0.4,threshold_lower,cluster_threshold,0,5,False,False,random_benign
nbaiot,0.0,threshold_raise,cluster_threshold,0,0,False,False,random_benign
nbaiot,0.1,threshold_raise,cluster_threshold,0,0,False,False,random_benign
nbaiot,0.2,threshold_raise,cluster_threshold,0,3,False,False,random_benign
nbaiot,0.4,threshold_raise,cluster_threshold,0,5,False,False,random_benign
nbaiot,0.0,threshold_raise,cluster_threshold,0,0,False,False,random_train_feature_benign
nbaiot,0.1,threshold_raise,cluster_threshold,0,18,True,False,random_train_feature_benign
nbaiot,0.2,threshold_raise,cluster_threshold,0,20,True,False,random_train_feature_benign
nbaiot,0.4,threshold_raise,cluster_threshold,0,20,True,False,random_train_feature_benign
nbaiot,0.0,threshold_lower,global_threshold,0,0,False,False,random_benign
nbaiot,0.1,threshold_lower,global_threshold,0,0,False,False,random_benign
nbaiot,0.2,threshold_lower,global_threshold,0,0,False,False,random_benign
nbaiot,0.4,threshold_lower,global_threshold,0,0,False,False,random_benign
nbaiot,0.0,threshold_raise,global_threshold,0,0,False,False,random_benign
nbaiot,0.1,threshold_raise,global_threshold,0,0,False,False,random_benign
nbaiot,0.2,threshold_raise,global_threshold,0,0,False,False,random_benign
nbaiot,0.4,threshold_raise,global_threshold,0,0,False,False,random_benign
nbaiot,0.0,threshold_raise,global_threshold,0,0,False,False,random_train_feature_benign
nbaiot,0.1,threshold_raise,global_threshold,0,0,False,False,random_train_feature_benign
nbaiot,0.2,threshold_raise,global_threshold,0,10,False,False,random_train_feature_benign
nbaiot,0.4,threshold_raise,global_threshold,0,20,True,False,random_train_feature_benign
nbaiot,0.0,threshold_lower,local_threshold,0,0,False,False,random_benign
nbaiot,0.1,threshold_lower,local_threshold,0,7,False,False,random_benign
nbaiot,0.2,threshold_lower,local_threshold,0,10,False,False,random_benign
nbaiot,0.4,threshold_lower,local_threshold,0,13,False,False,random_benign
nbaiot,0.0,threshold_raise,local_threshold,0,0,False,False,random_benign
nbaiot,0.1,threshold_raise,local_threshold,0,10,False,False,random_benign
nbaiot,0.2,threshold_raise,local_threshold,0,10,False,False,random_benign
nbaiot,0.4,threshold_raise,local_threshold,2,12,False,False,random_benign
nbaiot,0.0,threshold_raise,local_threshold,0,0,False,False,random_train_feature_benign
nbaiot,0.1,threshold_raise,local_threshold,0,20,True,False,random_train_feature_benign
nbaiot,0.2,threshold_raise,local_threshold,0,20,True,False,random_train_feature_benign
nbaiot,0.4,threshold_raise,local_threshold,0,20,True,False,random_train_feature_benign
