fraction,mean_score_scale_cv_clean,mean_tau_local_cv_clean,mean_tau_local_max_min_ratio_clean,n_rows,normalized_global_cv_fpr_clean,normalized_global_cv_fpr_poisoned,normalized_global_victim_delta_fpr,normalized_global_victim_delta_tau,objective,raw_global_cv_fpr_clean,raw_global_cv_fpr_poisoned,raw_global_victim_delta_fpr,raw_global_victim_delta_tau,source
0.1,0.8015842627350771,0.6487380850801823,6.842896581869862,90,1.0557246805702978,1.0793729670608943,-0.0018509530531190196,0.03236668572197717,threshold_raise,0.9124470013868689,0.9414210382304489,-0.0029658419353515387,0.03236668572197716,high_score_benign
0.2,0.8015842627350771,0.6487380850801823,6.842896581869862,90,1.0557246805702978,1.0988228820641557,-0.0026952722639980897,0.059983173733875975,threshold_raise,0.9124470013868689,0.9615570959993638,-0.004448468901013088,0.05998317373387598,high_score_benign
0.4,0.8015842627350771,0.6487380850801823,6.842896581869862,90,1.0557246805702978,1.120044044614506,-0.004025131239523816,0.10005932816108795,threshold_raise,0.9124470013868689,0.974027769060838,-0.0067092601286093,0.10005932816108795,high_score_benign
0.1,0.8015842627350771,0.6487380850801823,6.842896581869862,90,1.0557246805702978,1.0508287346316625,0.0004291993607800866,-0.005788421695247141,threshold_lower,0.9124470013868689,0.9059589006088609,0.000527687468989204,-0.005788421695247144,low_score_benign
0.2,0.8015842627350771,0.6487380850801823,6.842896581869862,90,1.0557246805702978,1.0469507719497821,0.0007367570234890782,-0.010478287916400555,threshold_lower,0.9124470013868689,0.9013986425325177,0.001126874488042555,-0.01047828791640055,low_score_benign
0.4,0.8015842627350771,0.6487380850801823,6.842896581869862,90,1.0557246805702978,1.0392129330613338,0.0013817212053195624,-0.0183430329622862,threshold_lower,0.9124470013868689,0.8931884009774556,0.002241961611769635,-0.018343032962286194,low_score_benign
0.1,0.8015842627350771,0.6487380850801823,6.842896581869862,90,1.0557246805702978,1.0551240048936479,5.733938696631031e-05,-0.0005738076811403749,threshold_lower,0.9124470013868689,0.9117159143198469,2.129165914462802e-05,-0.0005738076811403697,random_benign
0.2,0.8015842627350771,0.6487380850801823,6.842896581869862,90,1.0557246805702978,1.0554086395528666,1.2391780696069464e-05,-9.516286261291523e-06,threshold_lower,0.9124470013868689,0.9119355618409489,2.4139533871813105e-05,-9.516286261292602e-06,random_benign
0.4,0.8015842627350771,0.6487380850801823,6.842896581869862,90,1.0557246805702978,1.0548461562128835,4.106356840321329e-05,-0.0005827770446553716,threshold_lower,0.9124470013868689,0.9114375628602106,1.414529620702871e-05,-0.0005827770446553526,random_benign
0.1,0.8015842627350771,0.6487380850801823,6.842896581869862,90,1.0557246805702978,1.0556222426962962,2.0032409260493778e-05,3.5236205583708144e-05,threshold_raise,0.9124470013868689,0.9120421032229457,3.131967823390583e-05,3.5236205583700284e-05,random_benign
0.2,0.8015842627350771,0.6487380850801823,6.842896581869862,90,1.0557246805702978,1.0551231688885907,2.1841331026089247e-05,-0.0006052331465446093,threshold_raise,0.9124470013868689,0.9116804873174215,5.4801363831122564e-05,-0.0006052331465445963,random_benign
0.4,0.8015842627350771,0.6487380850801823,6.842896581869862,90,1.0557246805702978,1.0557195468500609,3.503173173616117e-05,-0.00014008303345358384,threshold_raise,0.9124470013868689,0.911987983044161,6.232850079228536e-05,-0.00014008303345357397,random_benign
