bootstrap_ci_lower,bootstrap_ci_upper,bootstrap_mean,bootstrap_n_seed_aggregates,claim_bearing,dataset,exact_binomial_p,exact_support_count,exact_support_n,fraction,iqr_delta_tau,material_signed_rate,mean_delta_tau,median_delta_tau,objective,policy,seed_sign_count,source,victim_majority_count
0.0,0.0,0.0,20,False,nbaiot,1.0,0,20,0.0,0.0,0.0,0.0,0.0,threshold_lower,cluster_threshold,0,low_score_benign,0
0.04343864663349269,0.06987926709379885,0.05627432918417506,20,True,nbaiot,9.5367431640625e-07,20,20,0.1,0.037497436379392866,0.6611111111111111,-0.05627432918417507,-0.007260281716783931,threshold_lower,cluster_threshold,20,low_score_benign,20
0.08803111549695355,0.11456270397053599,0.10143994168450843,20,True,nbaiot,9.5367431640625e-07,20,20,0.2,0.1321473353542385,0.7777777777777778,-0.10143994168450843,-0.02028544992208453,threshold_lower,cluster_threshold,20,low_score_benign,20
0.14607708560451593,0.17104070261123627,0.15874577849213434,20,True,nbaiot,9.5367431640625e-07,20,20,0.4,0.2563349260327715,0.9277777777777778,-0.1587457784921343,-0.09934705570340224,threshold_lower,cluster_threshold,20,low_score_benign,20
0.0,0.0,0.0,20,False,nbaiot,1.0,0,20,0.0,0.0,0.0,0.0,0.0,threshold_lower,cluster_threshold,0,random_benign,0
-0.004081529282774648,0.012086439563431708,0.0028392940112909114,20,False,nbaiot,0.2517223358154297,12,20,0.1,0.0015645227705438913,0.16666666666666666,-0.002839294011290911,-1.6193091869343146e-05,threshold_lower,cluster_threshold,12,random_benign,0
-0.005154784811802871,0.009391998602030029,0.0018235347973597146,20,False,nbaiot,0.5880985260009766,10,20,0.2,0.0018595565110439624,0.14444444444444443,-0.0018235347973597148,7.554789384204424e-05,threshold_lower,cluster_threshold,10,random_benign,0
-0.007228198288957081,0.014317319524189841,0.003044494439985771,20,False,nbaiot,0.41190147399902344,11,20,0.4,0.002967137284576926,0.17222222222222222,-0.0030444944399857714,0.00010120819012320037,threshold_lower,cluster_threshold,11,random_benign,0
0.0,0.0,0.0,20,False,nbaiot,1.0,0,20,0.0,0.0,0.0,0.0,0.0,threshold_raise,cluster_threshold,0,high_score_benign,0
0.23920172348799415,0.2775667387566421,0.25991197097332497,20,True,nbaiot,9.5367431640625e-07,20,20,0.1,0.38054491998627743,0.9888888888888889,0.259911970973325,0.10715741167465846,threshold_raise,cluster_threshold,20,high_score_benign,20
0.506603250450239,0.5424686520210792,0.5244525206027619,20,True,nbaiot,9.5367431640625e-07,20,20,0.2,0.8263010592665523,0.9944444444444445,0.524452520602762,0.40686521804580966,threshold_raise,cluster_threshold,20,high_score_benign,20
0.8992385814284378,0.9624882528133858,0.9302213877565737,20,True,nbaiot,9.5367431640625e-07,20,20,0.4,1.5062130257564927,1.0,0.9302213877565738,0.5129620804140962,threshold_raise,cluster_threshold,20,high_score_benign,20
0.0,0.0,0.0,20,False,nbaiot,1.0,0,20,0.0,0.0,0.0,0.0,0.0,threshold_raise,cluster_threshold,0,high_score_train_feature_benign,0
0.013364341861214954,0.04152018781988546,0.027295752487283366,20,True,nbaiot,0.0012884140014648438,17,20,0.1,0.036270610118905755,0.7833333333333333,0.02729575248728337,0.01734005517015849,threshold_raise,cluster_threshold,17,high_score_train_feature_benign,20
0.03756623107878931,0.06212756433312236,0.049841748143097955,20,True,nbaiot,2.002716064453125e-05,19,20,0.2,0.06422740845009539,0.7777777777777778,0.04984174814309795,0.04972096209724741,threshold_raise,cluster_threshold,19,high_score_train_feature_benign,20
0.1523281111078941,0.1798864883846603,0.16623716044874373,20,True,nbaiot,9.5367431640625e-07,20,20,0.4,0.22860177224501824,0.8833333333333333,0.1662371604487437,0.15689431323359324,threshold_raise,cluster_threshold,20,high_score_train_feature_benign,20
0.0,0.0,0.0,20,False,nbaiot,1.0,0,20,0.0,0.0,0.0,0.0,0.0,threshold_raise,cluster_threshold,0,random_benign,0
-0.005462574320578033,0.002512770350621487,-0.0014898730755818594,20,False,nbaiot,0.5880985260009766,10,20,0.1,0.0013767745345829308,0.11666666666666667,-0.0014898730755818598,0.0,threshold_raise,cluster_threshold,10,random_benign,0
-0.008722456467428481,0.003074675484681089,-0.0026531313475290186,20,False,nbaiot,0.41190147399902344,11,20,0.2,0.0018637977850927134,0.17222222222222222,-0.00265313134752902,1.1906524499144533e-05,threshold_raise,cluster_threshold,11,random_benign,0
-0.01118279140302911,0.010489559868729983,-0.00070246153010957,20,False,nbaiot,0.13158798217773438,13,20,0.4,0.0031621766587098254,0.22777777777777777,-0.0007024615301095705,-5.553166071703419e-07,threshold_raise,cluster_threshold,13,random_benign,0
0.0,0.0,0.0,20,False,nbaiot,1.0,0,20,0.0,0.0,0.0,0.0,0.0,threshold_raise,cluster_threshold,0,random_train_feature_benign,0
-0.046575250824365776,-0.01861918077568723,-0.031765129468576216,20,False,nbaiot,1.0,0,20,0.1,0.02048593573272238,0.11666666666666667,-0.03176512946857621,-0.0020891411229968793,threshold_raise,cluster_threshold,0,random_train_feature_benign,0
-0.0942589207817747,-0.06832411969111246,-0.08099832219627015,20,False,nbaiot,1.0,0,20,0.2,0.06909388853236906,0.16666666666666666,-0.08099832219627015,-0.013280802965164151,threshold_raise,cluster_threshold,0,random_train_feature_benign,0
-0.13183709465658663,-0.10195293966854518,-0.1174889626165299,20,False,nbaiot,1.0,0,20,0.4,0.18062311510244966,0.22777777777777777,-0.11748896261652987,-0.05791798513382651,threshold_raise,cluster_threshold,0,random_train_feature_benign,0
0.0,0.0,0.0,20,False,nbaiot,1.0,0,20,0.0,0.0,0.0,0.0,0.0,threshold_lower,global_threshold,0,low_score_benign,0
0.005744248950129593,0.006712045309536282,0.00621734468887249,20,True,nbaiot,9.5367431640625e-07,20,20,0.1,0.008274194784462494,0.4444444444444444,-0.00621734468887249,-0.002231573313474705,threshold_lower,global_threshold,20,low_score_benign,4
0.010261782829281807,0.011712539969972222,0.010991932147722917,20,True,nbaiot,9.5367431640625e-07,20,20,0.2,0.016698973884599094,0.5777777777777777,-0.010991932147722917,-0.004190081564916515,threshold_lower,global_threshold,20,low_score_benign,20
0.017879738998602245,0.019757891428967306,0.018813340548471898,20,True,nbaiot,9.5367431640625e-07,20,20,0.4,0.027607191105683784,0.7333333333333333,-0.018813340548471898,-0.007691744352794377,threshold_lower,global_threshold,20,low_score_benign,20
0.0,0.0,0.0,20,False,nbaiot,1.0,0,20,0.0,0.0,0.0,0.0,0.0,threshold_lower,global_threshold,0,random_benign,0
-0.0002323986203408992,0.0007925916260948369,0.0002467319826929798,20,False,nbaiot,0.41190147399902344,11,20,0.1,0.00043726593462965757,0.07777777777777778,-0.0002467319826929798,-1.940896941582393e-06,threshold_lower,global_threshold,11,random_benign,0
-0.0014690073734539971,-0.00013074318841559577,-0.0007911277824529803,20,False,nbaiot,0.8684120178222656,8,20,0.2,0.0005659785328637756,0.03333333333333333,0.0007911277824529803,1.824146343601396e-05,threshold_lower,global_threshold,8,random_benign,0
-0.00037722441792645094,0.0011202235209560355,0.0003694751272323089,20,False,nbaiot,0.2517223358154297,12,20,0.4,0.0008987778280345055,0.07777777777777778,-0.0003694751272323089,9.50346390407586e-06,threshold_lower,global_threshold,12,random_benign,0
0.0,0.0,0.0,20,False,nbaiot,1.0,0,20,0.0,0.0,0.0,0.0,0.0,threshold_raise,global_threshold,0,high_score_benign,0
0.03305233239416424,0.03541985817762938,0.03420426551620532,20,True,nbaiot,9.5367431640625e-07,20,20,0.1,0.04969811495393514,0.8555555555555555,0.03420426551620532,0.019414501885572838,threshold_raise,global_threshold,20,high_score_benign,20
0.06130424594742324,0.06474759466991542,0.06297480618788134,20,True,nbaiot,9.5367431640625e-07,20,20,0.2,0.0973278768774536,0.9333333333333333,0.06297480618788134,0.03472988543411093,threshold_raise,global_threshold,20,high_score_benign,20
0.10078669764279719,0.10691441953782971,0.10381833166573881,20,True,nbaiot,9.5367431640625e-07,20,20,0.4,0.15973819956804317,0.9833333333333333,0.10381833166573882,0.051792932550112414,threshold_raise,global_threshold,20,high_score_benign,20
0.0,0.0,0.0,20,False,nbaiot,1.0,0,20,0.0,0.0,0.0,0.0,0.0,threshold_raise,global_threshold,0,high_score_train_feature_benign,0
0.005020666628064175,0.006409984605335129,0.005697092793329997,20,True,nbaiot,9.5367431640625e-07,20,20,0.1,0.005332720859183196,0.5166666666666667,0.005697092793329998,0.004531032840410898,threshold_raise,global_threshold,20,high_score_train_feature_benign,11
0.010166633893091826,0.011295862788731154,0.010748766287241448,20,True,nbaiot,9.5367431640625e-07,20,20,0.2,0.008571724935123426,0.7722222222222223,0.01074876628724145,0.011154555446571846,threshold_raise,global_threshold,20,high_score_train_feature_benign,20
0.022636718047391827,0.024952395408937466,0.023809817978813312,20,True,nbaiot,9.5367431640625e-07,20,20,0.4,0.02679717904991566,0.8722222222222222,0.023809817978813316,0.02352683908409542,threshold_raise,global_threshold,20,high_score_train_feature_benign,20
0.0,0.0,0.0,20,False,nbaiot,1.0,0,20,0.0,0.0,0.0,0.0,0.0,threshold_raise,global_threshold,0,random_benign,0
-0.0008049934840198386,0.00023639897333546173,-0.0002708527687247414,20,False,nbaiot,0.5880985260009766,10,20,0.1,0.00042877983715799983,0.044444444444444446,-0.0002708527687247414,0.0,threshold_raise,global_threshold,10,random_benign,0
-0.00022309856075380217,0.000941521801307438,0.0003878822416803023,20,False,nbaiot,0.13158798217773438,13,20,0.2,0.0005914801421263854,0.07777777777777778,0.0003878822416803022,5.350179142438183e-06,threshold_raise,global_threshold,13,random_benign,0
-0.0006275022699911531,0.0007498546374364159,6.754121455695991e-05,20,False,nbaiot,0.41190147399902344,11,20,0.4,0.0008418679237365695,0.09444444444444444,6.754121455695983e-05,-2.344490753314332e-06,threshold_raise,global_threshold,11,random_benign,0
0.0,0.0,0.0,20,False,nbaiot,1.0,0,20,0.0,0.0,0.0,0.0,0.0,threshold_raise,global_threshold,0,random_train_feature_benign,0
-0.003536183992826201,-0.0025756817091210143,-0.0030659701015202496,20,False,nbaiot,1.0,0,20,0.1,0.005707832612097258,0.1111111111111111,-0.0030659701015202496,-0.00039465642637676046,threshold_raise,global_threshold,0,random_train_feature_benign,0
-0.006758086880795479,-0.0056948040072392105,-0.006218808598494447,20,False,nbaiot,1.0,0,20,0.2,0.011554988308085296,0.1111111111111111,-0.006218808598494449,-0.001043311340941322,threshold_raise,global_threshold,0,random_train_feature_benign,0
-0.011858990727739846,-0.010116129131545021,-0.010986674454661054,20,False,nbaiot,1.0,0,20,0.4,0.023825532487697143,0.12777777777777777,-0.01098667445466105,-0.0025345457924736414,threshold_raise,global_threshold,0,random_train_feature_benign,0
0.0,0.0,0.0,20,False,nbaiot,1.0,0,20,0.0,0.0,0.0,0.0,0.0,threshold_lower,local_threshold,0,low_score_benign,0
0.0516982405511663,0.06040840778582644,0.05595610219985238,20,True,nbaiot,9.5367431640625e-07,20,20,0.1,0.07446775306016234,0.8611111111111112,-0.05595610219985237,-0.020084159821271888,threshold_lower,local_threshold,20,low_score_benign,20
0.09235604546353617,0.10541285972974997,0.09892738932950622,20,True,nbaiot,9.5367431640625e-07,20,20,0.2,0.15029076496139102,1.0,-0.09892738932950619,-0.03771073408424849,threshold_lower,local_threshold,20,low_score_benign,20
0.16091765098742014,0.17782102286070575,0.1693200649362471,20,True,nbaiot,9.5367431640625e-07,20,20,0.4,0.24846471995115396,1.0,-0.1693200649362471,-0.06922569917514924,threshold_lower,local_threshold,20,low_score_benign,20
0.0,0.0,0.0,20,False,nbaiot,1.0,0,20,0.0,0.0,0.0,0.0,0.0,threshold_lower,local_threshold,0,random_benign,0
-0.0020915875830681213,0.007133324634853537,0.002220587844236785,20,False,nbaiot,0.41190147399902344,11,20,0.1,0.003935393411667324,0.2388888888888889,-0.002220587844236785,-1.7468072473922347e-05,threshold_lower,local_threshold,11,random_benign,0
-0.01322106636108597,-0.0011766886957403867,-0.00712015004207681,20,False,nbaiot,0.8684120178222656,8,20,0.2,0.005093806795774536,0.2222222222222222,0.00712015004207681,0.00016417317092416034,threshold_lower,local_threshold,8,random_benign,0
-0.0033950197613381353,0.010082011688604363,0.003325276145090765,20,False,nbaiot,0.2517223358154297,12,20,0.4,0.008089000452310119,0.2388888888888889,-0.0033252761450907648,8.553117513644681e-05,threshold_lower,local_threshold,12,random_benign,0
0.0,0.0,0.0,20,False,nbaiot,1.0,0,20,0.0,0.0,0.0,0.0,0.0,threshold_raise,local_threshold,0,high_score_benign,0
0.2974709915474782,0.3187787235986645,0.3078383896458478,20,True,nbaiot,9.5367431640625e-07,20,20,0.1,0.4472830345854164,1.0,0.30783838964584787,0.1747305169701559,threshold_raise,local_threshold,20,high_score_benign,20
0.551738213526809,0.5827283520292388,0.5667732556909322,20,True,nbaiot,9.5367431640625e-07,20,20,0.2,0.8759508918970824,1.0,0.5667732556909322,0.31256896890699837,threshold_raise,local_threshold,20,high_score_benign,20
0.9070802787851744,0.9622297758404672,0.9343649849916493,20,True,nbaiot,9.5367431640625e-07,20,20,0.4,1.4376437961123885,1.0,0.9343649849916491,0.4661363929510115,threshold_raise,local_threshold,20,high_score_benign,20
0.0,0.0,0.0,20,False,nbaiot,1.0,0,20,0.0,0.0,0.0,0.0,0.0,threshold_raise,local_threshold,0,high_score_train_feature_benign,0
0.045185999652577614,0.0576898614480162,0.051273835139969984,20,True,nbaiot,9.5367431640625e-07,20,20,0.1,0.04799448773264871,0.8888888888888888,0.051273835139969984,0.040779295563698026,threshold_raise,local_threshold,20,high_score_train_feature_benign,20
0.09149970503782653,0.10166276509858042,0.09673889658517308,20,True,nbaiot,9.5367431640625e-07,20,20,0.2,0.07714552441611056,0.8444444444444444,0.09673889658517305,0.10039099901914642,threshold_raise,local_threshold,20,high_score_train_feature_benign,20
0.20373046242652648,0.2245715586804372,0.21428836180931982,20,True,nbaiot,9.5367431640625e-07,20,20,0.4,0.24117461144924057,0.9,0.21428836180931982,0.2117415517568589,threshold_raise,local_threshold,20,high_score_train_feature_benign,20
0.0,0.0,0.0,20,False,nbaiot,1.0,0,20,0.0,0.0,0.0,0.0,0.0,threshold_raise,local_threshold,0,random_benign,0
-0.007244941356178549,0.0021275907600191556,-0.002437674918522603,20,False,nbaiot,0.5880985260009766,10,20,0.1,0.0038590185344217556,0.2388888888888889,-0.0024376749185226025,0.0,threshold_raise,local_threshold,10,random_benign,0
-0.002007887046784146,0.008473696211766945,0.003490940175122749,20,False,nbaiot,0.13158798217773438,13,20,0.2,0.005323321279137955,0.25,0.003490940175122749,4.8151612281624456e-05,threshold_raise,local_threshold,13,random_benign,0
-0.0056475204299204305,0.006748691736927659,0.0006078709310126374,20,False,nbaiot,0.41190147399902344,11,20,0.4,0.007576811313629011,0.2833333333333333,0.0006078709310126369,-2.110041677957225e-05,threshold_raise,local_threshold,11,random_benign,2
0.0,0.0,0.0,20,False,nbaiot,1.0,0,20,0.0,0.0,0.0,0.0,0.0,threshold_raise,local_threshold,0,random_train_feature_benign,0
-0.03182565593543582,-0.023181135382089112,-0.027593730913682207,20,False,nbaiot,1.0,0,20,0.1,0.05137049350887547,0.16666666666666666,-0.027593730913682203,-0.0035519078373906776,threshold_raise,local_threshold,0,random_train_feature_benign,0
-0.06082278192715925,-0.05125323606515288,-0.05596927738645001,20,False,nbaiot,1.0,0,20,0.2,0.10399489477276788,0.25555555555555554,-0.05596927738645001,-0.009389802068471814,threshold_raise,local_threshold,0,random_train_feature_benign,0
-0.1067309165496585,-0.09104516218390511,-0.09888007009194942,20,False,nbaiot,1.0,0,20,0.4,0.21442979238927423,0.35,-0.09888007009194942,-0.02281091213226291,threshold_raise,local_threshold,0,random_train_feature_benign,0
