fraction,mean_buffer_to_overwrite_ratio,mean_delta_tau_trim_appendix,mean_delta_tau_trim_primary,mean_delta_tau_undefended,mean_overwrite_reference_shift,mean_residual_vs_clean_trim_appendix,mean_residual_vs_clean_trim_primary,n_rows,objective,policy,source,trim_primary_reduction
0.1,0.0369718062857983,0.13481012640362253,0.1730323617015102,0.26959630092309256,22.005483671087354,-0.14641423506613935,-0.03322456813110371,90,threshold_raise,cluster_threshold,high_score_benign,0.3581797631901821
0.2,0.0548575455295056,0.2850443780491194,0.378471686847163,0.4835938848173586,22.005483671087354,0.0038200165793574967,0.1722147570145491,90,threshold_raise,cluster_threshold,high_score_benign,0.21737702082377997
0.4,0.07785760276974239,0.4863894506294141,0.6436455779918637,0.9025971381949874,22.005483671087354,0.20516508915965212,0.43738864815924977,90,threshold_raise,cluster_threshold,high_score_benign,0.2868960572165946
0.1,0.11160891000775477,-0.011335400138274521,-0.028937466188816794,-0.05398974647021137,-0.3665825530850429,-0.29255976160803643,-0.2351943960214307,90,threshold_lower,cluster_threshold,low_score_benign,0.4640192243765596
0.2,0.22872208649028541,-0.015679954625165977,-0.06352866833389693,-0.1107933845982921,-0.3665825530850429,-0.2969043160949279,-0.2697855981665109,90,threshold_lower,cluster_threshold,low_score_benign,0.42660233222195254
0.4,0.33646591917546426,-0.028100539822433202,-0.08134575010720564,-0.15795387452164725,-0.3665825530850429,-0.30932490129219503,-0.2876026799398196,90,threshold_lower,cluster_threshold,low_score_benign,0.4850031355447544
0.1,-0.02066237995238648,-0.0005075754370643874,0.00010280919330265906,0.001287417324535718,-0.3665825530850429,-0.2817319369068263,-0.2061541206393113,90,threshold_lower,cluster_threshold,random_benign,0.9201430714475315
0.2,0.008183299223927198,-0.0012065570242702948,-0.0016654602724161804,-0.005752893117842878,-0.3665825530850429,-0.28243091849403223,-0.2079223901050301,90,threshold_lower,cluster_threshold,random_benign,0.7105003972261063
0.4,-0.008371306447307042,0.001866291017564772,-0.001958384474152999,-0.011754027762208786,-0.3665825530850429,-0.2793580704521971,-0.2082153143067669,90,threshold_lower,cluster_threshold,random_benign,0.8333860942161851
0.1,-0.0004969165264026966,0.00018045705991486682,0.00015844727204080745,-0.005626102465170502,22.005483671087354,-0.281043904409847,-0.20609848256057312,90,threshold_raise,cluster_threshold,random_benign,1.028162884167451
0.2,-0.0005706234651646367,6.951965993545796e-05,-0.00259812284699053,-0.007062867985417457,22.005483671087354,-0.2811548418098264,-0.20885505267960447,90,threshold_raise,cluster_threshold,random_benign,0.6321433655060784
0.4,0.007646699515004559,-0.0008914683877007557,2.444475299368439e-05,0.002296311627176515,22.005483671087354,-0.2821158298574627,-0.20623248507962025,90,threshold_raise,cluster_threshold,random_benign,0.9893547754127165
0.1,0.0042432769279663616,0.015694740882810247,0.02281875286182318,0.03236668572197716,22.005483671087358,-0.2655296205869517,-0.18343817697079076,90,threshold_raise,global_threshold,high_score_benign,0.29499260264608673
0.2,0.006824246411057873,0.031696620122012124,0.04106820939568642,0.05998317373387598,22.005483671087358,-0.24952774134774983,-0.1651887204369275,90,threshold_raise,global_threshold,high_score_benign,0.31533783827625617
0.4,0.010167980061401863,0.05479211519276836,0.07199337543873688,0.10005932816108795,22.005483671087358,-0.22643224627699354,-0.13426355439387705,90,threshold_raise,global_threshold,high_score_benign,0.28049311581591885
0.1,0.015631605154900606,-0.0010345356483702295,-0.003752684477532712,-0.005788421695247144,-0.36658255308504284,-0.2822588971181321,-0.21000961431014661,90,threshold_lower,global_threshold,low_score_benign,0.351691242430725
0.2,0.028401913214693587,-0.001950592168572323,-0.006690264464712428,-0.01047828791640055,-0.36658255308504284,-0.2831749536383342,-0.21294719429732628,90,threshold_lower,global_threshold,low_score_benign,0.3615116784259318
0.4,0.04968864537879673,-0.003773921902728391,-0.009464210878689707,-0.018343032962286194,-0.36658255308504284,-0.28499828337249034,-0.21572114071130363,90,threshold_lower,global_threshold,low_score_benign,0.4840432932684361
0.1,0.0017386077960700188,-1.1409938013479269e-05,-6.249037789709256e-05,-0.0005738076811403697,-0.36658255308504284,-0.28123577140777534,-0.206319420210511,90,threshold_lower,global_threshold,random_benign,0.8910952572595388
0.2,8.74154846612768e-06,-3.367639756128952e-05,-7.593365685070987e-05,-9.516286261292602e-06,-0.36658255308504284,-0.2812580378673232,-0.20633286348946464,90,threshold_lower,global_threshold,random_benign,-6.9793371874035826
0.4,0.0018133497835930194,3.240322866649776e-05,0.00011535388406044999,-0.0005827770446553526,-0.36658255308504284,-0.28119195824109544,-0.2061415759485535,90,threshold_lower,global_threshold,random_benign,1.1979382769420317
0.1,-4.0510032248997104e-06,-1.5273047611115728e-05,-1.7629885057233543e-05,3.5236205583700284e-05,22.005483671087358,-0.281239634517373,-0.20627455971767117,90,threshold_raise,global_threshold,random_benign,1.5003343795164157
0.2,-4.2626981356373634e-05,2.949179299635871e-06,0.00015827656643074562,-0.0006052331465445963,22.005483671087358,-0.2812214122904623,-0.20609865326618318,90,threshold_raise,global_threshold,random_benign,1.261513380974555
0.4,3.960130439581542e-05,-3.525231309510922e-05,-5.6979627015046266e-05,-0.00014008303345357397,22.005483671087358,-0.281259613782857,-0.20631390945962902,90,threshold_raise,global_threshold,random_benign,0.5932439096278541
0.1,0.03583346527853415,0.14125266794529218,0.2053687757564086,0.2913001714977946,22.005483671087358,-0.13997169352446973,-0.0008881540762053318,90,threshold_raise,local_threshold,high_score_benign,0.2949926026460872
0.2,0.05776164600962044,0.2852695810981091,0.3696138845611777,0.5398485636048839,22.005483671087358,0.004045219628347237,0.16335695472856387,90,threshold_raise,local_threshold,high_score_benign,0.3153378382762563
0.4,0.08631092199874914,0.4931290367349152,0.6479403789486318,0.9005339534497916,22.005483671087358,0.21190467526515336,0.4416834491160179,90,threshold_raise,local_threshold,high_score_benign,0.28049311581591907
0.1,0.11774006592281494,-0.009310820835332068,-0.03377416029779444,-0.05209579525722424,-0.3665825530850429,-0.29053518230509395,-0.24003109013040838,90,threshold_lower,local_threshold,low_score_benign,0.3516912424307238
0.2,0.2151368191660795,-0.017555329517150907,-0.06021238018241185,-0.09430459124760496,-0.3665825530850429,-0.2987796909869128,-0.26646931001502583,90,threshold_lower,local_threshold,low_score_benign,0.3615116784259318
0.4,0.381583316435176,-0.033965297124555524,-0.08517789790820735,-0.1650872966605757,-0.3665825530850429,-0.3151896585943174,-0.29143482774082125,90,threshold_lower,local_threshold,low_score_benign,0.4840432932684361
0.1,0.007920151557643966,-0.0001026894421213214,-0.000562413401073849,-0.005164269130263315,-0.3665825530850429,-0.2813270509118832,-0.20681934323368772,90,threshold_lower,local_threshold,random_benign,0.8910952572595354
0.2,0.0010166573690710498,-0.00030308757805161645,-0.0006834029116564158,-8.564657635163126e-05,-0.3665825530850429,-0.2815274490478135,-0.20694033274427034,90,threshold_lower,local_threshold,random_benign,-6.9793371874040995
0.4,0.007269741806036524,0.00029162905799846867,0.001038184956544024,-0.005244993401898186,-0.3665825530850429,-0.2809327324117634,-0.20521874487606986,90,threshold_lower,local_threshold,random_benign,1.1979382769420264
0.1,4.759145221898385e-06,-0.00013745742850005205,-0.00015866896551510807,0.00031712585025333695,22.005483671087358,-0.28136181889826195,-0.206415598798129,90,threshold_raise,local_threshold,random_benign,1.500334379516381
0.2,-0.0004068204713795436,2.654261369671297e-05,0.0014244890978767077,-0.00544709831890136,22.005483671087358,-0.2811978188560652,-0.20483244073473716,90,threshold_raise,local_threshold,random_benign,1.2615133809745547
0.4,0.0002998477829332351,-0.00031727081785599476,-0.0005128166431354323,-0.0012607473010821638,22.005483671087358,-0.28154163228761786,-0.20676974647574936,90,threshold_raise,local_threshold,random_benign,0.5932439096278408
