finding_id,category,severity,paper_location,title,audit_sources,audit_count,action_type,notes
F-82f9dcceaf,CLAIMS,S0,§1 Contributions vs. §4.2/§5.4,STRUCTURAL CONTRADICTION: Contributions item 3 says Local/Cluster have no cross-client spillover; §4.2/§5.4 say Cluster causes intra-cluster spillover,AUDIT-02;AUDIT-10,2,STRUCTURAL_FIX,Direct logical contradiction — must be resolved before submission
F-6a6b0d6949,REALISM,S0,§2 / Abstract,"Score-level proxy: attack operates at calibration score level, not traffic level — never shown to be traffic-realizable",AUDIT-01;AUDIT-02;AUDIT-03;AUDIT-04;AUDIT-05;AUDIT-06;AUDIT-07;AUDIT-08;AUDIT-09;AUDIT-10,10,PAPER_FIX,Realism caveat is already acknowledged in discussion; needs stronger framing in §1/abstract per reviewers
F-a620caf003,RELATED_WORK,S0,§3 / references,Reference [12] (L'heureux 2017) is a wrong citation — paper does not support the claimed threshold sensitivity finding,AUDIT-10,1,PAPER_FIX,CRITICAL: citation verification needed before submission
F-f80d97cb0e,REPRODUCIBILITY,S0,§4 / §1,"""4 source-objective pairs"" stated but only 3 attack conditions described",AUDIT-02;AUDIT-09;AUDIT-10,3,PAPER_FIX,
F-0993b70fbb,STATISTICS,S0,Table 1,Cluster Macro-F1 = 0.299 ± 0.000 — zero standard deviation is statistically impossible unless all seeds identical; may indicate reporting bug,AUDIT-10,1,PAPER_FIX,
F-1de8c78e14,CLAIMS,S1,Abstract / §1,"""100% Gate-1 pass rate"" cited before Gate-1 is defined",AUDIT-04;AUDIT-09;AUDIT-10,3,PAPER_FIX,
F-489c8b7ce6,CLAIMS,S1,§5.5,Victim ΔTPR for Global results ambiguous — unclear if per-victim or average across all clients,AUDIT-10,1,PAPER_FIX,
F-53f9f172ea,CLAIMS,S1,§1 / abstract,"""structurally outside scope of every defense"" — undefendable universal claim",AUDIT-01;AUDIT-03;AUDIT-04;AUDIT-08;AUDIT-09,5,PAPER_FIX,Forbidden per DATP-CP frozen boundary: do not claim broad defense evasion
F-79e79bc668,CLAIMS,S1,§5,"Concrete motivating harm scenario (specific attacker goal, IoT context) missing",AUDIT-10,1,PAPER_FIX,
F-810820f994,CLAIMS,S1,§5.2,"""30-80 undetected Mirai flows"" claim has no derivation, no traffic model, no citation",AUDIT-04;AUDIT-10,2,PAPER_FIX,
F-cd3c497156,CLAIMS,S1,§1 / abstract,"""operationally meaningful in IoT deployment contexts"" — deployment claim out of scope per frozen boundary",AUDIT-01;AUDIT-03;AUDIT-04,3,PAPER_FIX,Explicitly forbidden by frozen boundary: no deployment readiness claims
F-1f6dfe00f2,FRAMING,S1,Abstract / §5.3,Lowering attack: positive ΔTPR sounds beneficial; harm should be foregrounded as increased ΔFPR / alarm burden,AUDIT-01;AUDIT-02;AUDIT-03;AUDIT-04;AUDIT-05;AUDIT-06;AUDIT-07;AUDIT-08;AUDIT-09;AUDIT-10,10,PAPER_FIX,
F-4521a0a59c,FRAMING,S1,Abstract,"Lowering attack ""succeeds"" in abstract overclaims epistemic status",AUDIT-01;AUDIT-03;AUDIT-04,3,PAPER_FIX,
F-653ddd1df9,FRAMING,S1,§5 / results,Lowering attack: Global conditionality (why lowering works for Global but not Local/Cluster) under-explained,AUDIT-06;AUDIT-07,2,PAPER_FIX,
F-b808e36c15,PRESENTATION,S1,§5 / Discussion,Defense requirements sketch / mitigation paragraph completely missing from Discussion,AUDIT-04;AUDIT-06;AUDIT-07,3,PAPER_FIX,
F-bfeb175017,PRESENTATION,S1,§2,CV(FPR) metric defined inconsistently / introduced late without early definition,AUDIT-01;AUDIT-03;AUDIT-04;AUDIT-10,4,PAPER_FIX,
F-f8e2e92b2d,PRESENTATION,S1,§1 / Introduction,No paper roadmap (section-by-section guide) in Introduction,AUDIT-06;AUDIT-07,2,PAPER_FIX,
F-8993694ae8,REALISM,S1,Abstract vs. §6,"""attack"" (abstract) vs ""vulnerability characterization"" (§6) — inconsistent epistemic framing throughout",AUDIT-06;AUDIT-07;AUDIT-10,3,PAPER_FIX,
F-b5bfa0c742,REALISM,S1,§4 / method,Formal contamination equation absent — only informal description of REPLACE-FIXED-BUDGET,AUDIT-06;AUDIT-07,2,PAPER_FIX,
F-e617b74787,REALISM,S1,§2 / threat model,"""gray-box"" label used without precise definition anchored to the FL setup",AUDIT-06;AUDIT-07;AUDIT-10,3,PAPER_FIX,
F-1249c7034d,RELATED_WORK,S1,§1 / abstract,"""no prior work"" causal claim too strong — should be ""we find no prior work""",AUDIT-04;AUDIT-08;AUDIT-10,3,PAPER_FIX,
F-260ecb76ac,RELATED_WORK,S1,§3 / related work,No 2023-2024 FL security citations — related work likely outdated,AUDIT-04;AUDIT-10,2,PAPER_FIX,
F-2ea27ded3d,RELATED_WORK,S1,§3 / related work,K-means++ not cited (Arthur & Vassilvitskii 2007) despite its use in cluster formation,AUDIT-10,1,PAPER_FIX,
F-7a835d76b5,RELATED_WORK,S1,§3 / related work,No related-work comparison table — nearest works not systematically contrasted,AUDIT-01;AUDIT-03;AUDIT-05;AUDIT-08;AUDIT-09,5,PAPER_FIX,
F-9c91e712ec,RELATED_WORK,S1,§3 / related work,Kloft & Laskov 2012 [11] cited but not explicitly contrasted — novelty claim fragile,AUDIT-04;AUDIT-08;AUDIT-09;AUDIT-10,4,PAPER_FIX,
F-16a073b134,REPRODUCIBILITY,S1,§2 (setup),"FedAvg role ambiguous: ""using FedAvg for feature extraction"" is architecturally misleading",AUDIT-10,1,PAPER_FIX,
F-3ef85e6456,REPRODUCIBILITY,S1,§2 (setup),Train/calibration/test split not described,AUDIT-01;AUDIT-03;AUDIT-04;AUDIT-09;AUDIT-10,5,PAPER_FIX,
F-447e660ce4,REPRODUCIBILITY,S1,§2 (setup),"FedAvg hyperparameters (rounds, local epochs, LR) missing",AUDIT-02;AUDIT-04;AUDIT-05;AUDIT-06;AUDIT-07;AUDIT-08;AUDIT-09;AUDIT-10,8,PAPER_FIX,
F-4ad5dce40c,REPRODUCIBILITY,S1,§2 (setup),Feature extraction and preprocessing pipeline not described,AUDIT-04;AUDIT-09;AUDIT-10,3,PAPER_FIX,
F-4e13c25efd,REPRODUCIBILITY,S1,§2 (setup),AE architecture not described — experiment unreproducible,AUDIT-01;AUDIT-02;AUDIT-03;AUDIT-04;AUDIT-05;AUDIT-06;AUDIT-07;AUDIT-08;AUDIT-09;AUDIT-10,10,PAPER_FIX,
F-56f3c530ef,REPRODUCIBILITY,S1,§1 (intro),No artifact/code availability statement,AUDIT-01;AUDIT-02;AUDIT-03;AUDIT-04;AUDIT-05;AUDIT-06;AUDIT-07;AUDIT-08;AUDIT-09;AUDIT-10,10,PAPER_FIX,
F-5e5517e25d,SPILLOVER,S1,§5.4,Spillover claims not directly quantified — need victim vs. non-victim ΔTPR/ΔFPR breakdown table,AUDIT-01;AUDIT-02;AUDIT-03;AUDIT-04;AUDIT-08;AUDIT-09;AUDIT-10,7,PAPER_FIX,
F-8ae6c046f0,SPILLOVER,S1,§4 / §5,"Cluster policy under-specified: K=3 clusters, but feature representation used for assignment not described",AUDIT-02;AUDIT-10,2,PAPER_FIX,
F-adf1c918ff,SPILLOVER,S1,§4 / §5,Cluster assignment varies across seeds — this is not documented or discussed,AUDIT-05;AUDIT-06;AUDIT-10,3,PAPER_FIX,
F-64588f32e0,STATISTICS,S1,§6 / statistics,N=10 seeds: percentile bootstrap 95% CIs have unreliable coverage (need n≥30); BCa bootstrap recommended,AUDIT-01;AUDIT-03;AUDIT-04;AUDIT-08;AUDIT-09;AUDIT-10,6,PAPER_FIX,
F-95a95d973c,STATISTICS,S1,§6 / statistics,Three-gate framework is entirely bespoke with no citation or principled derivation,AUDIT-04;AUDIT-08;AUDIT-09,3,PAPER_FIX,
F-b02c973ba2,STATISTICS,S1,§6 / statistics,"Gate-1 and Gate-2 constants (0.1×IQR, 0.01×IQR) unjustified — appear potentially post-hoc tuned on results",AUDIT-04;AUDIT-08;AUDIT-09;AUDIT-10,4,PAPER_FIX,
F-b6a2ecf3ad,STATISTICS,S1,§6 / notation,N notation conflict in §6: same symbol N used for federation size (9) and calibration buffer size (≈2622),AUDIT-10,1,PAPER_FIX,
F-db45a4d07d,STATISTICS,S1,§5 / results,Victim-majority condition (≥5/9) for Global THRESHOLD_RAISE unjustified,AUDIT-04;AUDIT-10,2,PAPER_FIX,
F-0b45246ccd,TABLES,S1,Table 1,Table 1: bold convention direction not stated (higher-is-better vs. lower-is-better unclear),AUDIT-04;AUDIT-05;AUDIT-09;AUDIT-10,4,PAPER_FIX,
F-0c0628ecf5,TABLES,S1,Table 1,Table 1: BAP10 / P10 / 'Worst BA' abbreviations undefined — no footnote or legend,AUDIT-04;AUDIT-06;AUDIT-07;AUDIT-08;AUDIT-09;AUDIT-10,6,PAPER_FIX,
F-d5257ddef0,TABLES,S1,Table 2,Table 2: Random-Benign control not shown as explicit rows — control condition invisible,AUDIT-01;AUDIT-02;AUDIT-03;AUDIT-04;AUDIT-05;AUDIT-06;AUDIT-07;AUDIT-08;AUDIT-09;AUDIT-10,10,PAPER_FIX,
F-1efee522d3,VISUALS,S1,Figure 1,Figure 1: no color legend; attack operation and data flow unclear,AUDIT-01;AUDIT-03;AUDIT-09,3,PAPER_FIX,
F-61c8046eee,VISUALS,S1,Figure 1,"Figure 1: diagram labels ""training phase defended"" but calibration is the attack stage",AUDIT-01;AUDIT-03;AUDIT-09,3,PAPER_FIX,
F-715903e3a8,VISUALS,S1,Figure 3,Figure 3: Global line nearly invisible at current y-axis scale — needs inset or separate subplot,AUDIT-10,1,PAPER_FIX,
F-bf066608e1,VISUALS,S1,Figure 2,Figure 2: only seed 0 shown without justification that seed 0 is representative; Cluster condition absent,AUDIT-01;AUDIT-02;AUDIT-03;AUDIT-04;AUDIT-05;AUDIT-06;AUDIT-07;AUDIT-08;AUDIT-09;AUDIT-10,10,PAPER_FIX,
F-d17dbb4517,VISUALS,S1,Figure 3,Figure 3: Random-Benign control not plotted — invisible control condition,AUDIT-01;AUDIT-02;AUDIT-03;AUDIT-04;AUDIT-05;AUDIT-06;AUDIT-07;AUDIT-08;AUDIT-09;AUDIT-10,10,PAPER_FIX,
F-f457b6ac9d,VISUALS,S1,Figures 1-3,"All figures appear to be blurry/low-resolution screenshots, not vector or high-DPI exports",AUDIT-05,1,PAPER_FIX,
F-cb5cbb01cf,PRESENTATION,S2,§5,Local vs. Global P10 Macro-F1 tradeoff not discussed in results narrative,AUDIT-01;AUDIT-03,2,PAPER_FIX,
F-cc15d7c365,TABLES,S2,Table 2,Table 2: dense layout makes comparison across threshold policies difficult,AUDIT-01;AUDIT-09;AUDIT-10,3,PAPER_FIX,
