run_id,seed,stage,client_id,cluster_id,threshold_value,fingerprint_mean,fingerprint_std,fingerprint_skew,fingerprint_p95,k_selected,silhouette,silhouette_scores
nbaiot_main_cluster_threshold_seed1,1,nbaiot_main,Ecobee_Thermostat,cluster_0,0.5113043551643671,0.12294619715709344,0.09019858666462172,3.496792696437319,0.2933110132813453,3,0.2755489230406805,{'3': 0.2755489230406805}
nbaiot_main_cluster_threshold_seed1,1,nbaiot_main,SimpleHome_XCS7_1002_WHT_Security_Camera,cluster_0,0.5113043551643671,0.10022030095467331,0.39798585739768116,23.181621236824828,0.6463016748428344,3,0.2755489230406805,{'3': 0.2755489230406805}
nbaiot_main_cluster_threshold_seed1,1,nbaiot_main,SimpleHome_XCS7_1003_WHT_Security_Camera,cluster_0,0.5113043551643671,0.11107149459827076,0.4227968965530419,8.187315692683407,0.5943003773689214,3,0.2755489230406805,{'3': 0.2755489230406805}
nbaiot_main_cluster_threshold_seed1,1,nbaiot_main,Philips_B120N10_Baby_Monitor,cluster_1,0.1268024861812593,0.029656064398217653,0.11490626854851291,9.640035555436787,0.10005206912756012,3,0.2755489230406805,{'3': 0.2755489230406805}
nbaiot_main_cluster_threshold_seed1,1,nbaiot_main,Provision_PT_737E_Security_Camera,cluster_1,0.1268024861812593,0.04412359258853804,0.08889786200943266,45.82626632369868,0.12246210798621172,3,0.2755489230406805,{'3': 0.2755489230406805}
nbaiot_main_cluster_threshold_seed1,1,nbaiot_main,Provision_PT_838_Security_Camera,cluster_1,0.1268024861812593,0.05485661015768784,0.11482549034302557,31.082075547208802,0.15789328143000608,3,0.2755489230406805,{'3': 0.2755489230406805}
nbaiot_main_cluster_threshold_seed1,1,nbaiot_main,Danmini_Doorbell,cluster_2,0.4462033376097678,0.20072304771570038,1.3938608993530712,23.921744876977446,0.5272560834884646,3,0.2755489230406805,{'3': 0.2755489230406805}
nbaiot_main_cluster_threshold_seed1,1,nbaiot_main,Ennio_Doorbell,cluster_2,0.4462033376097678,0.11752879727319779,1.1441157672002786,37.50050930674048,0.15765685588121414,3,0.2755489230406805,{'3': 0.2755489230406805}
nbaiot_main_cluster_threshold_seed1,1,nbaiot_main,Samsung_SNH_1011_N_Webcam,cluster_2,0.4462033376097678,0.18439838638402387,0.8541195167457706,16.56523917312434,0.6536970734596248,3,0.2755489230406805,{'3': 0.2755489230406805}
nbaiot_main_cluster_threshold_seed8,8,nbaiot_main,Ecobee_Thermostat,cluster_0,0.6652199771255253,0.14556885852949433,0.09080555634790688,3.4788123882112685,0.33148062676191253,3,0.2843846745935072,{'3': 0.2843846745935072}
nbaiot_main_cluster_threshold_seed8,8,nbaiot_main,Samsung_SNH_1011_N_Webcam,cluster_0,0.6652199771255253,0.1935325037126366,0.8721856726586934,13.402879255233323,0.7008317053318023,3,0.2843846745935072,{'3': 0.2843846745935072}
nbaiot_main_cluster_threshold_seed8,8,nbaiot_main,SimpleHome_XCS7_1002_WHT_Security_Camera,cluster_0,0.6652199771255253,0.13631186058585454,0.526636364313867,26.76717477596136,0.9889944791793823,3,0.2843846745935072,{'3': 0.2843846745935072}
nbaiot_main_cluster_threshold_seed8,8,nbaiot_main,SimpleHome_XCS7_1003_WHT_Security_Camera,cluster_0,0.6652199771255253,0.10815069637572566,0.4075759869389225,9.008887138512945,0.6395730972290039,3,0.2843846745935072,{'3': 0.2843846745935072}
nbaiot_main_cluster_threshold_seed8,8,nbaiot_main,Danmini_Doorbell,cluster_1,0.3372433017939329,0.19557139585436575,1.374457588815888,26.06530139103804,0.4855330705642701,3,0.2843846745935072,{'3': 0.2843846745935072}
nbaiot_main_cluster_threshold_seed8,8,nbaiot_main,Ennio_Doorbell,cluster_1,0.3372433017939329,0.1102627773552447,1.173355624002683,40.471902849449215,0.1889535330235958,3,0.2843846745935072,{'3': 0.2843846745935072}
nbaiot_main_cluster_threshold_seed8,8,nbaiot_main,Philips_B120N10_Baby_Monitor,cluster_2,0.12902649069825808,0.03218748919122985,0.11691290382768985,7.77902187794819,0.12199610956013204,3,0.2843846745935072,{'3': 0.2843846745935072}
nbaiot_main_cluster_threshold_seed8,8,nbaiot_main,Provision_PT_737E_Security_Camera,cluster_2,0.12902649069825808,0.04202297043118233,0.10587674778514096,64.1943856333594,0.1171332750469446,3,0.2843846745935072,{'3': 0.2843846745935072}
nbaiot_main_cluster_threshold_seed8,8,nbaiot_main,Provision_PT_838_Security_Camera,cluster_2,0.12902649069825808,0.05360154088825001,0.10753422928082805,30.581087025591803,0.1479500874876976,3,0.2843846745935072,{'3': 0.2843846745935072}
nbaiot_main_cluster_threshold_seed9,9,nbaiot_main,Danmini_Doorbell,cluster_0,0.3114573031663896,0.19769363562170542,1.7778513220407446,33.29916994960032,0.45583250522613555,3,0.3234778239340975,{'3': 0.3234778239340975}
nbaiot_main_cluster_threshold_seed9,9,nbaiot_main,Ennio_Doorbell,cluster_0,0.3114573031663896,0.10769660969210022,1.1801438929986747,41.579325868972845,0.16708210110664362,3,0.3234778239340975,{'3': 0.3234778239340975}
nbaiot_main_cluster_threshold_seed9,9,nbaiot_main,Ecobee_Thermostat,cluster_1,0.6715922754257916,0.12359772427227778,0.08451618796574055,3.8730767153248413,0.27302483469247785,3,0.3234778239340975,{'3': 0.3234778239340975}
nbaiot_main_cluster_threshold_seed9,9,nbaiot_main,Samsung_SNH_1011_N_Webcam,cluster_1,0.6715922754257916,0.17489201208239033,0.737591938065841,14.157144860905566,0.8005066782236094,3,0.3234778239340975,{'3': 0.3234778239340975}
nbaiot_main_cluster_threshold_seed9,9,nbaiot_main,SimpleHome_XCS7_1002_WHT_Security_Camera,cluster_1,0.6715922754257916,0.12462326284832641,0.5571405143715467,27.247879766196714,0.846114432811737,3,0.3234778239340975,{'3': 0.3234778239340975}
nbaiot_main_cluster_threshold_seed9,9,nbaiot_main,SimpleHome_XCS7_1003_WHT_Security_Camera,cluster_1,0.6715922754257916,0.11563671772486307,0.45251512293357876,8.305417846651544,0.7667231559753418,3,0.3234778239340975,{'3': 0.3234778239340975}
nbaiot_main_cluster_threshold_seed9,9,nbaiot_main,Philips_B120N10_Baby_Monitor,cluster_2,0.13426214456558228,0.029992056622449352,0.11391634535572617,9.44831096187384,0.10738971382379538,3,0.3234778239340975,{'3': 0.3234778239340975}
nbaiot_main_cluster_threshold_seed9,9,nbaiot_main,Provision_PT_737E_Security_Camera,cluster_2,0.13426214456558228,0.04179254053407802,0.10153178225622973,62.9506231963206,0.119672293961048,3,0.3234778239340975,{'3': 0.3234778239340975}
nbaiot_main_cluster_threshold_seed9,9,nbaiot_main,Provision_PT_838_Security_Camera,cluster_2,0.13426214456558228,0.05871131349583393,0.12362277331665339,31.02454356027198,0.17572442591190343,3,0.3234778239340975,{'3': 0.3234778239340975}
nbaiot_main_cluster_threshold_seed6,6,nbaiot_main,Ecobee_Thermostat,cluster_0,0.5073996763676368,0.11986186932900268,0.08884352103696513,4.075234825374581,0.28632404059171657,3,0.29130124323503725,{'3': 0.29130124323503725}
nbaiot_main_cluster_threshold_seed6,6,nbaiot_main,Samsung_SNH_1011_N_Webcam,cluster_0,0.5073996763676368,0.15771559584164352,0.7334509189332732,14.831409081723296,0.5300369143486022,3,0.29130124323503725,{'3': 0.29130124323503725}
nbaiot_main_cluster_threshold_seed6,6,nbaiot_main,SimpleHome_XCS7_1002_WHT_Security_Camera,cluster_0,0.5073996763676368,0.10043319111920432,0.4302873871664663,26.234067869423626,0.6216105937957752,3,0.29130124323503725,{'3': 0.29130124323503725}
nbaiot_main_cluster_threshold_seed6,6,nbaiot_main,SimpleHome_XCS7_1003_WHT_Security_Camera,cluster_0,0.5073996763676368,0.09674323802520539,0.396470374337726,9.49310599534792,0.5916271567344534,3,0.29130124323503725,{'3': 0.29130124323503725}
nbaiot_main_cluster_threshold_seed6,6,nbaiot_main,Danmini_Doorbell,cluster_1,0.2899723317474128,0.17932215900331336,1.4133115194386723,27.149857580821738,0.44087109565734894,3,0.29130124323503725,{'3': 0.29130124323503725}
nbaiot_main_cluster_threshold_seed6,6,nbaiot_main,Ennio_Doorbell,cluster_1,0.2899723317474128,0.09892374618048005,1.1258945899658221,40.25208245556658,0.1390735678374767,3,0.29130124323503725,{'3': 0.29130124323503725}
nbaiot_main_cluster_threshold_seed6,6,nbaiot_main,Philips_B120N10_Baby_Monitor,cluster_2,0.13256800013283887,0.032449353955541486,0.11241824412993923,8.202207915308126,0.1176329143345356,3,0.29130124323503725,{'3': 0.29130124323503725}
nbaiot_main_cluster_threshold_seed6,6,nbaiot_main,Provision_PT_737E_Security_Camera,cluster_2,0.13256800013283887,0.0427619525662242,0.09673034295431863,60.933691139919766,0.12041728235781189,3,0.29130124323503725,{'3': 0.29130124323503725}
nbaiot_main_cluster_threshold_seed6,6,nbaiot_main,Provision_PT_838_Security_Camera,cluster_2,0.13256800013283887,0.06111980836124511,0.11349730472542699,30.057268867407277,0.15965380370616913,3,0.29130124323503725,{'3': 0.29130124323503725}
nbaiot_main_cluster_threshold_seed7,7,nbaiot_main,Ecobee_Thermostat,cluster_0,0.1865983528085052,0.12197955265288858,0.09065534751667909,3.7520877093760983,0.27588356584310497,3,0.23953798997592957,{'3': 0.23953798997592957}
nbaiot_main_cluster_threshold_seed7,7,nbaiot_main,Philips_B120N10_Baby_Monitor,cluster_0,0.1865983528085052,0.030373155997514525,0.1130478377602485,7.641689607955785,0.1072599854320288,3,0.23953798997592957,{'3': 0.23953798997592957}
nbaiot_main_cluster_threshold_seed7,7,nbaiot_main,Provision_PT_737E_Security_Camera,cluster_0,0.1865983528085052,0.052618977583627116,0.11820389492457549,57.20792374998074,0.17040315195918074,3,0.23953798997592957,{'3': 0.23953798997592957}
nbaiot_main_cluster_threshold_seed7,7,nbaiot_main,Provision_PT_838_Security_Camera,cluster_0,0.1865983528085052,0.0676250201821083,0.12488758745172401,26.198108155239463,0.1928467079997063,3,0.23953798997592957,{'3': 0.23953798997592957}
nbaiot_main_cluster_threshold_seed7,7,nbaiot_main,Samsung_SNH_1011_N_Webcam,cluster_1,0.6163318087657286,0.18282212182720506,0.8412125723803335,14.638756574834165,0.6497595101594924,3,0.23953798997592957,{'3': 0.23953798997592957}
nbaiot_main_cluster_threshold_seed7,7,nbaiot_main,SimpleHome_XCS7_1002_WHT_Security_Camera,cluster_1,0.6163318087657286,0.09247125897623916,0.40903064746671247,22.749021229084907,0.5387758135795585,3,0.23953798997592957,{'3': 0.23953798997592957}
nbaiot_main_cluster_threshold_seed7,7,nbaiot_main,SimpleHome_XCS7_1003_WHT_Security_Camera,cluster_1,0.6163318087657286,0.10218039502922766,0.3968671588868655,8.928883977987924,0.6604601025581347,3,0.23953798997592957,{'3': 0.23953798997592957}
nbaiot_main_cluster_threshold_seed7,7,nbaiot_main,Danmini_Doorbell,cluster_2,0.29773987233638766,0.18859557956885722,1.4204052289222944,29.28315760305905,0.4322259664535529,3,0.23953798997592957,{'3': 0.23953798997592957}
nbaiot_main_cluster_threshold_seed7,7,nbaiot_main,Ennio_Doorbell,cluster_2,0.29773987233638766,0.10828125190675793,1.0278209941581,39.067704548942665,0.1632537782192225,3,0.23953798997592957,{'3': 0.23953798997592957}
nbaiot_main_cluster_threshold_seed3,3,nbaiot_main,Philips_B120N10_Baby_Monitor,cluster_0,0.1320111611237129,0.0338732210928402,0.11874956442349553,8.382289860597174,0.1274134851992131,3,0.2807459544018957,{'3': 0.2807459544018957}
nbaiot_main_cluster_threshold_seed3,3,nbaiot_main,Provision_PT_737E_Security_Camera,cluster_0,0.1320111611237129,0.043736908358258775,0.08118076710497298,37.27670011524068,0.12445045150816438,3,0.2807459544018957,{'3': 0.2807459544018957}
nbaiot_main_cluster_threshold_seed3,3,nbaiot_main,Provision_PT_838_Security_Camera,cluster_0,0.1320111611237129,0.05454116557676463,0.10196688477214198,26.09349835871754,0.14416954666376114,3,0.2807459544018957,{'3': 0.2807459544018957}
nbaiot_main_cluster_threshold_seed3,3,nbaiot_main,Ecobee_Thermostat,cluster_1,0.6608349949121474,0.1384664628168811,0.08813658231931676,3.7206167959545047,0.26930424869060493,3,0.2807459544018957,{'3': 0.2807459544018957}
nbaiot_main_cluster_threshold_seed3,3,nbaiot_main,Samsung_SNH_1011_N_Webcam,cluster_1,0.6608349949121474,0.19415175694506168,0.7840968149786158,10.990157326619538,0.9982847481966018,3,0.2807459544018957,{'3': 0.2807459544018957}
nbaiot_main_cluster_threshold_seed3,3,nbaiot_main,SimpleHome_XCS7_1002_WHT_Security_Camera,cluster_1,0.6608349949121474,0.11545622473889701,0.4529605807866178,31.42328170469927,0.8133240938186642,3,0.2807459544018957,{'3': 0.2807459544018957}
nbaiot_main_cluster_threshold_seed3,3,nbaiot_main,SimpleHome_XCS7_1003_WHT_Security_Camera,cluster_1,0.6608349949121474,0.10719280317175309,0.425303178284946,8.97142647188213,0.5624268889427184,3,0.2807459544018957,{'3': 0.2807459544018957}
nbaiot_main_cluster_threshold_seed3,3,nbaiot_main,Danmini_Doorbell,cluster_2,0.32419602274894715,0.17732741924254466,1.2777601037987663,29.847113541607047,0.4731938600540162,3,0.2807459544018957,{'3': 0.2807459544018957}
nbaiot_main_cluster_threshold_seed3,3,nbaiot_main,Ennio_Doorbell,cluster_2,0.32419602274894715,0.10552035820517984,0.9378458591017235,37.06244600495403,0.1751981854438781,3,0.2807459544018957,{'3': 0.2807459544018957}
nbaiot_main_cluster_threshold_seed0,0,nbaiot_main,Ennio_Doorbell,cluster_0,0.15294391941279173,0.10429138115409504,0.9096957835092908,38.78212913345128,0.1552039250731467,3,0.3028194138303524,{'3': 0.3028194138303524}
nbaiot_main_cluster_threshold_seed0,0,nbaiot_main,Philips_B120N10_Baby_Monitor,cluster_0,0.15294391941279173,0.03397214054017881,0.13263039887338768,7.901502061017911,0.1157731659710408,3,0.3028194138303524,{'3': 0.3028194138303524}
nbaiot_main_cluster_threshold_seed0,0,nbaiot_main,Provision_PT_737E_Security_Camera,cluster_0,0.15294391941279173,0.05102507921380807,0.08956722427564127,33.764237364151725,0.15585540756583213,3,0.3028194138303524,{'3': 0.3028194138303524}
nbaiot_main_cluster_threshold_seed0,0,nbaiot_main,Provision_PT_838_Security_Camera,cluster_0,0.15294391941279173,0.06506074782564544,0.11816128488171374,25.71762182952992,0.18494317904114727,3,0.3028194138303524,{'3': 0.3028194138303524}
nbaiot_main_cluster_threshold_seed0,0,nbaiot_main,Danmini_Doorbell,cluster_1,0.49367818534374214,0.20374367370369162,1.4361376645751007,25.726724826118758,0.48428599834442165,3,0.3028194138303524,{'3': 0.3028194138303524}
nbaiot_main_cluster_threshold_seed0,0,nbaiot_main,Samsung_SNH_1011_N_Webcam,cluster_1,0.49367818534374214,0.18336976607823932,0.8721993469779792,13.221815954244262,0.5030703723430626,3,0.3028194138303524,{'3': 0.3028194138303524}
nbaiot_main_cluster_threshold_seed0,0,nbaiot_main,Ecobee_Thermostat,cluster_2,0.5686675697565073,0.13451151358010566,0.08184732097964709,3.304913240554156,0.2936508029699321,3,0.3028194138303524,{'3': 0.3028194138303524}
nbaiot_main_cluster_threshold_seed0,0,nbaiot_main,SimpleHome_XCS7_1002_WHT_Security_Camera,cluster_2,0.5686675697565073,0.11193634727690879,0.38503179311515134,18.502803911216525,0.8101808905601501,3,0.3028194138303524,{'3': 0.3028194138303524}
nbaiot_main_cluster_threshold_seed0,0,nbaiot_main,SimpleHome_XCS7_1003_WHT_Security_Camera,cluster_2,0.5686675697565073,0.10464083698844101,0.41540438675514996,9.753569998898787,0.6021710157394398,3,0.3028194138303524,{'3': 0.3028194138303524}
nbaiot_main_cluster_threshold_seed5,5,nbaiot_main,Ecobee_Thermostat,cluster_0,0.5795387692749489,0.12033932387948172,0.09144566068553865,4.033395423289824,0.2973048508167266,3,0.27610765773843965,{'3': 0.27610765773843965}
nbaiot_main_cluster_threshold_seed5,5,nbaiot_main,Samsung_SNH_1011_N_Webcam,cluster_0,0.5795387692749489,0.1728092786694376,0.7025015300363581,13.815107391368382,0.645886906981467,3,0.27610765773843965,{'3': 0.27610765773843965}
nbaiot_main_cluster_threshold_seed5,5,nbaiot_main,SimpleHome_XCS7_1002_WHT_Security_Camera,cluster_0,0.5795387692749489,0.10476380021773056,0.4019311477746046,22.28384200168323,0.674453556537628,3,0.27610765773843965,{'3': 0.27610765773843965}
nbaiot_main_cluster_threshold_seed5,5,nbaiot_main,SimpleHome_XCS7_1003_WHT_Security_Camera,cluster_0,0.5795387692749489,0.11598628664081594,0.4563169043302314,8.490811152856274,0.7005097627639738,3,0.27610765773843965,{'3': 0.27610765773843965}
nbaiot_main_cluster_threshold_seed5,5,nbaiot_main,Ennio_Doorbell,cluster_1,0.1456497789360584,0.09762244509566394,1.1312529190920113,40.858958303694145,0.15347834229469268,3,0.27610765773843965,{'3': 0.27610765773843965}
nbaiot_main_cluster_threshold_seed5,5,nbaiot_main,Philips_B120N10_Baby_Monitor,cluster_1,0.1456497789360584,0.030249154195056614,0.1063102941313073,7.596681359788887,0.11378398202359756,3,0.27610765773843965,{'3': 0.27610765773843965}
nbaiot_main_cluster_threshold_seed5,5,nbaiot_main,Provision_PT_737E_Security_Camera,cluster_1,0.1456497789360584,0.047838815661523364,0.0925404023424963,47.20547371504114,0.13738885819911956,3,0.27610765773843965,{'3': 0.27610765773843965}
nbaiot_main_cluster_threshold_seed5,5,nbaiot_main,Provision_PT_838_Security_Camera,cluster_1,0.1456497789360584,0.06462557982644304,0.11415452498067366,26.990443244805924,0.17794793322682384,3,0.27610765773843965,{'3': 0.27610765773843965}
nbaiot_main_cluster_threshold_seed5,5,nbaiot_main,Danmini_Doorbell,cluster_2,0.46541510820388804,0.21151965291555402,1.6907947732820703,27.33050286398562,0.46541510820388804,3,0.27610765773843965,{'3': 0.27610765773843965}
nbaiot_main_cluster_threshold_seed4,4,nbaiot_main,Ecobee_Thermostat,cluster_0,0.20153269078582522,0.11707308357773302,0.08951500177449351,3.989730134484034,0.2886346548795699,3,0.2865171330192927,{'3': 0.2865171330192927}
nbaiot_main_cluster_threshold_seed4,4,nbaiot_main,Philips_B120N10_Baby_Monitor,cluster_0,0.20153269078582522,0.031618934271034474,0.1183542416663919,7.922026177523517,0.11443072669208056,3,0.2865171330192927,{'3': 0.2865171330192927}
nbaiot_main_cluster_threshold_seed4,4,nbaiot_main,Ennio_Doorbell,cluster_1,0.14529585167765618,0.09286913281220877,0.9374943778933357,39.97742641792243,0.1567363202571869,3,0.2865171330192927,{'3': 0.2865171330192927}
nbaiot_main_cluster_threshold_seed4,4,nbaiot_main,Provision_PT_737E_Security_Camera,cluster_1,0.14529585167765618,0.044504880076401646,0.10329540853015791,62.46088076390018,0.11401620507240294,3,0.2865171330192927,{'3': 0.2865171330192927}
nbaiot_main_cluster_threshold_seed4,4,nbaiot_main,Provision_PT_838_Security_Camera,cluster_1,0.14529585167765618,0.06126502140942001,0.13101716694878068,39.49158419054635,0.16513502970337873,3,0.2865171330192927,{'3': 0.2865171330192927}
nbaiot_main_cluster_threshold_seed4,4,nbaiot_main,Danmini_Doorbell,cluster_2,0.617642439901829,0.2064062821114798,1.460615602552835,26.43636549691008,0.5199504017829916,3,0.2865171330192927,{'3': 0.2865171330192927}
nbaiot_main_cluster_threshold_seed4,4,nbaiot_main,Samsung_SNH_1011_N_Webcam,cluster_2,0.617642439901829,0.16959919162042802,0.7580407608624595,15.33299607374197,0.6142655909061424,3,0.2865171330192927,{'3': 0.2865171330192927}
nbaiot_main_cluster_threshold_seed4,4,nbaiot_main,SimpleHome_XCS7_1002_WHT_Security_Camera,cluster_2,0.617642439901829,0.10483582167305133,0.41897057489151834,29.545319204585855,0.7305568456649779,3,0.2865171330192927,{'3': 0.2865171330192927}
nbaiot_main_cluster_threshold_seed4,4,nbaiot_main,SimpleHome_XCS7_1003_WHT_Security_Camera,cluster_2,0.617642439901829,0.10225497236780622,0.40179236530883167,8.680025087772316,0.6057969212532044,3,0.2865171330192927,{'3': 0.2865171330192927}
nbaiot_main_cluster_threshold_seed2,2,nbaiot_main,Ecobee_Thermostat,cluster_0,0.6497077260166403,0.1526626675275334,0.10707728967798372,3.2025070838990155,0.3728890880942342,3,0.2798777275322061,{'3': 0.2798777275322061}
nbaiot_main_cluster_threshold_seed2,2,nbaiot_main,Samsung_SNH_1011_N_Webcam,cluster_0,0.6497077260166403,0.19640148025263218,0.8687460954988864,13.968510638592278,0.729207208752631,3,0.2798777275322061,{'3': 0.2798777275322061}
nbaiot_main_cluster_threshold_seed2,2,nbaiot_main,SimpleHome_XCS7_1002_WHT_Security_Camera,cluster_0,0.6497077260166403,0.11683846423328459,0.5175553620761024,27.149088804491978,0.7881907701492309,3,0.2798777275322061,{'3': 0.2798777275322061}
nbaiot_main_cluster_threshold_seed2,2,nbaiot_main,SimpleHome_XCS7_1003_WHT_Security_Camera,cluster_0,0.6497077260166403,0.11538436105415206,0.4561078369986314,8.696999793010358,0.708543837070465,3,0.2798777275322061,{'3': 0.2798777275322061}
nbaiot_main_cluster_threshold_seed2,2,nbaiot_main,Danmini_Doorbell,cluster_1,0.35047121979296236,0.21386743659500018,1.628007162090207,25.818461566578527,0.5307115793228157,3,0.2798777275322061,{'3': 0.2798777275322061}
nbaiot_main_cluster_threshold_seed2,2,nbaiot_main,Ennio_Doorbell,cluster_1,0.35047121979296236,0.1150174865426491,1.121400992706003,38.91044091929054,0.17023086026310913,3,0.2798777275322061,{'3': 0.2798777275322061}
nbaiot_main_cluster_threshold_seed2,2,nbaiot_main,Philips_B120N10_Baby_Monitor,cluster_2,0.15513240682582072,0.03428016246108038,0.1286362197489702,8.90042497946513,0.12037581540644188,3,0.2798777275322061,{'3': 0.2798777275322061}
nbaiot_main_cluster_threshold_seed2,2,nbaiot_main,Provision_PT_737E_Security_Camera,cluster_2,0.15513240682582072,0.04853930884720466,0.09512024578203572,48.16728588540872,0.14296980425715447,3,0.2798777275322061,{'3': 0.2798777275322061}
nbaiot_main_cluster_threshold_seed2,2,nbaiot_main,Provision_PT_838_Security_Camera,cluster_2,0.15513240682582072,0.06656354545263826,0.11430699144743608,21.988560138736215,0.20205160081386572,3,0.2798777275322061,{'3': 0.2798777275322061}
