stage,seed_a,seed_b,adjusted_rand_index
nbaiot_main,0,1,0.6428571428571429
nbaiot_main,0,2,0.4461538461538462
nbaiot_main,0,3,0.4461538461538462
nbaiot_main,0,4,0.3076923076923077
nbaiot_main,0,5,0.7391304347826086
nbaiot_main,0,6,0.4461538461538462
nbaiot_main,0,7,0.16923076923076924
nbaiot_main,0,8,0.4461538461538462
nbaiot_main,0,9,0.4461538461538462
nbaiot_main,1,2,0.6428571428571429
nbaiot_main,1,3,0.6428571428571429
nbaiot_main,1,4,0.07142857142857142
nbaiot_main,1,5,0.4
nbaiot_main,1,6,0.6428571428571429
nbaiot_main,1,7,0.35714285714285715
nbaiot_main,1,8,0.6428571428571429
nbaiot_main,1,9,0.6428571428571429
nbaiot_main,2,3,1.0
nbaiot_main,2,4,0.16923076923076924
nbaiot_main,2,5,0.7391304347826086
nbaiot_main,2,6,1.0
nbaiot_main,2,7,0.5846153846153846
nbaiot_main,2,8,1.0
nbaiot_main,2,9,1.0
nbaiot_main,3,4,0.16923076923076924
nbaiot_main,3,5,0.7391304347826086
nbaiot_main,3,6,1.0
nbaiot_main,3,7,0.5846153846153846
nbaiot_main,3,8,1.0
nbaiot_main,3,9,1.0
nbaiot_main,4,5,0.34782608695652173
nbaiot_main,4,6,0.16923076923076924
nbaiot_main,4,7,0.3076923076923077
nbaiot_main,4,8,0.16923076923076924
nbaiot_main,4,9,0.16923076923076924
nbaiot_main,5,6,0.7391304347826086
nbaiot_main,5,7,0.34782608695652173
nbaiot_main,5,8,0.7391304347826086
nbaiot_main,5,9,0.7391304347826086
nbaiot_main,6,7,0.5846153846153846
nbaiot_main,6,8,1.0
nbaiot_main,6,9,1.0
nbaiot_main,7,8,0.5846153846153846
nbaiot_main,7,9,0.5846153846153846
nbaiot_main,8,9,1.0
