stage,seed,score_dir,convergence_round,convergence_criterion_value,convergence_status,curve_path
nbaiot_main,2,outputs/scores/nbaiot_main/seed_2,,0.008787087930790981,not_converged,outputs/scores/nbaiot_main/seed_2/convergence_curve.csv
nbaiot_main,1,outputs/scores/nbaiot_main/seed_1,,0.011256725855228572,not_converged,outputs/scores/nbaiot_main/seed_1/convergence_curve.csv
nbaiot_main,0,outputs/scores/nbaiot_main/seed_0,,0.023236548073533432,not_converged,outputs/scores/nbaiot_main/seed_0/convergence_curve.csv
nbaiot_main,1,outputs/scores/nbaiot_main/seed_1,,0.011256725855228572,not_converged,outputs/scores/nbaiot_main/seed_1/convergence_curve.csv
nbaiot_main,8,outputs/scores/nbaiot_main/seed_8,,0.013736383551079813,not_converged,outputs/scores/nbaiot_main/seed_8/convergence_curve.csv
nbaiot_main,9,outputs/scores/nbaiot_main/seed_9,,0.0158019486278996,not_converged,outputs/scores/nbaiot_main/seed_9/convergence_curve.csv
nbaiot_main,6,outputs/scores/nbaiot_main/seed_6,,0.008663154883511385,not_converged,outputs/scores/nbaiot_main/seed_6/convergence_curve.csv
nbaiot_main,7,outputs/scores/nbaiot_main/seed_7,,0.00905614557548481,not_converged,outputs/scores/nbaiot_main/seed_7/convergence_curve.csv
nbaiot_main,4,outputs/scores/nbaiot_main/seed_4,,0.014611787123593015,not_converged,outputs/scores/nbaiot_main/seed_4/convergence_curve.csv
nbaiot_main,5,outputs/scores/nbaiot_main/seed_5,,0.012088155568171645,not_converged,outputs/scores/nbaiot_main/seed_5/convergence_curve.csv
nbaiot_main,6,outputs/scores/nbaiot_main/seed_6,,0.008663154883511385,not_converged,outputs/scores/nbaiot_main/seed_6/convergence_curve.csv
nbaiot_main,7,outputs/scores/nbaiot_main/seed_7,,0.00905614557548481,not_converged,outputs/scores/nbaiot_main/seed_7/convergence_curve.csv
nbaiot_main,8,outputs/scores/nbaiot_main/seed_8,,0.013736383551079813,not_converged,outputs/scores/nbaiot_main/seed_8/convergence_curve.csv
nbaiot_main,9,outputs/scores/nbaiot_main/seed_9,,0.0158019486278996,not_converged,outputs/scores/nbaiot_main/seed_9/convergence_curve.csv
nbaiot_main,0,outputs/scores/nbaiot_main/seed_0,,0.023236548073533432,not_converged,outputs/scores/nbaiot_main/seed_0/convergence_curve.csv
nbaiot_main,1,outputs/scores/nbaiot_main/seed_1,,0.011256725855228572,not_converged,outputs/scores/nbaiot_main/seed_1/convergence_curve.csv
nbaiot_main,2,outputs/scores/nbaiot_main/seed_2,,0.008787087930790981,not_converged,outputs/scores/nbaiot_main/seed_2/convergence_curve.csv
nbaiot_main,3,outputs/scores/nbaiot_main/seed_3,,0.007428068969976105,not_converged,outputs/scores/nbaiot_main/seed_3/convergence_curve.csv
nbaiot_main,4,outputs/scores/nbaiot_main/seed_4,,0.014611787123593015,not_converged,outputs/scores/nbaiot_main/seed_4/convergence_curve.csv
nbaiot_main,5,outputs/scores/nbaiot_main/seed_5,,0.012088155568171645,not_converged,outputs/scores/nbaiot_main/seed_5/convergence_curve.csv
nbaiot_main,6,outputs/scores/nbaiot_main/seed_6,,0.008663154883511385,not_converged,outputs/scores/nbaiot_main/seed_6/convergence_curve.csv
nbaiot_main,7,outputs/scores/nbaiot_main/seed_7,,0.00905614557548481,not_converged,outputs/scores/nbaiot_main/seed_7/convergence_curve.csv
nbaiot_main,8,outputs/scores/nbaiot_main/seed_8,,0.013736383551079813,not_converged,outputs/scores/nbaiot_main/seed_8/convergence_curve.csv
nbaiot_main,9,outputs/scores/nbaiot_main/seed_9,,0.0158019486278996,not_converged,outputs/scores/nbaiot_main/seed_9/convergence_curve.csv
nbaiot_main,3,outputs/scores/nbaiot_main/seed_3,,0.007428068969976105,not_converged,outputs/scores/nbaiot_main/seed_3/convergence_curve.csv
nbaiot_main,0,outputs/scores/nbaiot_main/seed_0,,0.023236548073533432,not_converged,outputs/scores/nbaiot_main/seed_0/convergence_curve.csv
nbaiot_main,5,outputs/scores/nbaiot_main/seed_5,,0.012088155568171645,not_converged,outputs/scores/nbaiot_main/seed_5/convergence_curve.csv
nbaiot_main,3,outputs/scores/nbaiot_main/seed_3,,0.007428068969976105,not_converged,outputs/scores/nbaiot_main/seed_3/convergence_curve.csv
nbaiot_main,4,outputs/scores/nbaiot_main/seed_4,,0.014611787123593015,not_converged,outputs/scores/nbaiot_main/seed_4/convergence_curve.csv
nbaiot_main,2,outputs/scores/nbaiot_main/seed_2,,0.008787087930790981,not_converged,outputs/scores/nbaiot_main/seed_2/convergence_curve.csv
