run_id,seed,stage,policy,cv_fpr,mean_fpr,std_fpr,iqr_fpr,worst_client_fpr,eligible_count,client_count,coverage_ratio
nbaiot_main_global_threshold_seed2,2,nbaiot_main,global_threshold,0.8906070040979728,0.04071242308717473,0.03845823232071943,0.03332857851822853,0.12865148444020508,9,9,9/9
nbaiot_main_global_threshold_seed1,1,nbaiot_main,global_threshold,0.9041428293763859,0.04375004385590219,0.041955779688790086,0.03471177565782979,0.13127459162990343,9,9,9/9
nbaiot_main_global_threshold_seed0,0,nbaiot_main,global_threshold,0.8732563153915941,0.04036124189372809,0.03738372016628354,0.031006948216206035,0.12495528794563014,9,9,9/9
nbaiot_main_cluster_threshold_seed1,1,nbaiot_main,cluster_threshold,0.5726793770118808,0.04554527332577005,0.027665028233363132,0.01072181466700893,0.1111243591272207,9,9,9/9
nbaiot_main_cluster_threshold_seed8,8,nbaiot_main,cluster_threshold,0.6894477073768264,0.041302987575468096,0.030203624313928912,0.008822108072842932,0.11684750208656254,9,9,9/9
nbaiot_main_cluster_threshold_seed9,9,nbaiot_main,cluster_threshold,0.53459284610986,0.036930162756089416,0.020940190371901278,0.00903147753253689,0.08501251937522356,9,9,9/9
nbaiot_main_cluster_threshold_seed6,6,nbaiot_main,cluster_threshold,0.6623625021270033,0.042592751792792066,0.02992317681065913,0.008847464243005459,0.11792059139143914,9,9,9/9
nbaiot_main_cluster_threshold_seed7,7,nbaiot_main,cluster_threshold,0.8812678256348209,0.04948667834702461,0.04625646923325161,0.015768356677745506,0.1710414902624894,9,9,9/9
nbaiot_main_global_threshold_seed4,4,nbaiot_main,global_threshold,0.8862521216694994,0.04038079493106475,0.03795844503390043,0.0322988416114476,0.12698223441039705,9,9,9/9
nbaiot_main_global_threshold_seed5,5,nbaiot_main,global_threshold,0.9350665131923959,0.04055748321047945,0.040224417391929744,0.032342004499575305,0.13306307380469776,9,9,9/9
nbaiot_main_global_threshold_seed6,6,nbaiot_main,global_threshold,0.896518562023417,0.04296367291900092,0.0408542223990058,0.029613688983280442,0.13628234171932754,9,9,9/9
nbaiot_main_global_threshold_seed7,7,nbaiot_main,global_threshold,0.8482716786748465,0.043050476985648484,0.03873371888658353,0.036428182893274035,0.12769762728031478,9,9,9/9
nbaiot_main_global_threshold_seed8,8,nbaiot_main,global_threshold,0.9386608158740558,0.041727704867487204,0.04154410890008218,0.03297702200918101,0.13175152020984857,9,9,9/9
nbaiot_main_global_threshold_seed9,9,nbaiot_main,global_threshold,0.9999702702538593,0.03777091150379342,0.04006091044778698,0.030192670592372198,0.12984380589006797,9,9,9/9
nbaiot_main_local_threshold_seed0,0,nbaiot_main,local_threshold,0.28884603565644135,0.04269669461466752,0.013080878980950015,0.011625677628283176,0.06096528365791702,9,9,9/9
nbaiot_main_local_threshold_seed1,1,nbaiot_main,local_threshold,0.3293597459612031,0.046443152948296054,0.016224393681057696,0.016780830322844782,0.07662997459779848,9,9,9/9
nbaiot_main_local_threshold_seed2,2,nbaiot_main,local_threshold,0.39692865795957766,0.04184332515175537,0.017616308461766962,0.02020665630224807,0.06519898391193904,9,9,9/9
nbaiot_main_local_threshold_seed3,3,nbaiot_main,local_threshold,0.28990102045811866,0.042710964398883555,0.013133043509223683,0.01300972259888332,0.06689246401354784,9,9,9/9
nbaiot_main_local_threshold_seed4,4,nbaiot_main,local_threshold,0.40951097894733024,0.04292726974352252,0.01864554483557729,0.01140572301860946,0.06858594411515664,9,9,9/9
nbaiot_main_local_threshold_seed5,5,nbaiot_main,local_threshold,0.2935518890188882,0.04103939209174614,0.01277797575265436,0.016817963570705932,0.059973768928103015,9,9,9/9
nbaiot_main_local_threshold_seed6,6,nbaiot_main,local_threshold,0.33542692466811136,0.0428906885266879,0.015259390942266998,0.020070266341188893,0.06176225110289734,9,9,9/9
nbaiot_main_local_threshold_seed7,7,nbaiot_main,local_threshold,0.4076031149276968,0.046061128904012184,0.01991353369591902,0.014827021562779354,0.07917019475021168,9,9,9/9
nbaiot_main_local_threshold_seed8,8,nbaiot_main,local_threshold,0.2766754711606727,0.04067004134843966,0.011934975542154004,0.01736051537280875,0.053892929533802314,9,9,9/9
nbaiot_main_local_threshold_seed9,9,nbaiot_main,local_threshold,0.3627960372872001,0.040108571387870946,0.015433910918326504,0.01713450859555644,0.06435224386113463,9,9,9/9
nbaiot_main_cluster_threshold_seed3,3,nbaiot_main,cluster_threshold,0.5692024053495331,0.04212679905975747,0.025433225920546358,0.014218190328657978,0.10230118039823537,9,9,9/9
nbaiot_main_cluster_threshold_seed0,0,nbaiot_main,cluster_threshold,0.5138062538625278,0.04395389343414018,0.023953721625507556,0.015518207740009164,0.09932037677357816,9,9,9/9
nbaiot_main_cluster_threshold_seed5,5,nbaiot_main,cluster_threshold,0.47812033956274924,0.042262946883780766,0.02143252092819145,0.006378821823681373,0.09109335876952426,9,9,9/9
nbaiot_main_global_threshold_seed3,3,nbaiot_main,global_threshold,0.9517239033146623,0.040922257800413114,0.04130920388810048,0.03149195231652989,0.13079766304995827,9,9,9/9
nbaiot_main_cluster_threshold_seed4,4,nbaiot_main,cluster_threshold,0.7416667019230492,0.05163715220561662,0.040620692721374065,0.02698046907793211,0.1350550381033023,9,9,9/9
nbaiot_main_cluster_threshold_seed2,2,nbaiot_main,cluster_threshold,0.6383986889865348,0.04014618290072346,0.027183946484676015,0.006343220738645277,0.10909741266245379,9,9,9/9
