run_id,seed,stage,policy,client_id,fpr_denominator,fpr_denominator_expected,fpr_status,tpr_denominator,tpr_denominator_expected,tpr_status,macro_f1_label_space,macro_f1_status
nbaiot_main_global_threshold_seed2,2,nbaiot_main,global_threshold,Danmini_Doorbell,8921,8921,PASS,968750,968750,PASS,binary,PASS
nbaiot_main_global_threshold_seed2,2,nbaiot_main,global_threshold,Ecobee_Thermostat,2362,2362,PASS,822763,822763,PASS,binary,PASS
nbaiot_main_global_threshold_seed2,2,nbaiot_main,global_threshold,Ennio_Doorbell,7038,7038,PASS,316400,316400,PASS,binary,PASS
nbaiot_main_global_threshold_seed2,2,nbaiot_main,global_threshold,Philips_B120N10_Baby_Monitor,31544,31544,PASS,923437,923437,PASS,binary,PASS
nbaiot_main_global_threshold_seed2,2,nbaiot_main,global_threshold,Provision_PT_737E_Security_Camera,11190,11190,PASS,766106,766106,PASS,binary,PASS
nbaiot_main_global_threshold_seed2,2,nbaiot_main,global_threshold,Provision_PT_838_Security_Camera,17734,17734,PASS,738377,738377,PASS,binary,PASS
nbaiot_main_global_threshold_seed2,2,nbaiot_main,global_threshold,Samsung_SNH_1011_N_Webcam,9388,9388,PASS,323072,323072,PASS,binary,PASS
nbaiot_main_global_threshold_seed2,2,nbaiot_main,global_threshold,SimpleHome_XCS7_1002_WHT_Security_Camera,8387,8387,PASS,816471,816471,PASS,binary,PASS
nbaiot_main_global_threshold_seed2,2,nbaiot_main,global_threshold,SimpleHome_XCS7_1003_WHT_Security_Camera,3517,3517,PASS,831298,831298,PASS,binary,PASS
nbaiot_main_global_threshold_seed1,1,nbaiot_main,global_threshold,Danmini_Doorbell,8921,8921,PASS,968750,968750,PASS,binary,PASS
nbaiot_main_global_threshold_seed1,1,nbaiot_main,global_threshold,Ecobee_Thermostat,2362,2362,PASS,822763,822763,PASS,binary,PASS
nbaiot_main_global_threshold_seed1,1,nbaiot_main,global_threshold,Ennio_Doorbell,7038,7038,PASS,316400,316400,PASS,binary,PASS
nbaiot_main_global_threshold_seed1,1,nbaiot_main,global_threshold,Philips_B120N10_Baby_Monitor,31544,31544,PASS,923437,923437,PASS,binary,PASS
nbaiot_main_global_threshold_seed1,1,nbaiot_main,global_threshold,Provision_PT_737E_Security_Camera,11190,11190,PASS,766106,766106,PASS,binary,PASS
nbaiot_main_global_threshold_seed1,1,nbaiot_main,global_threshold,Provision_PT_838_Security_Camera,17734,17734,PASS,738377,738377,PASS,binary,PASS
nbaiot_main_global_threshold_seed1,1,nbaiot_main,global_threshold,Samsung_SNH_1011_N_Webcam,9388,9388,PASS,323072,323072,PASS,binary,PASS
nbaiot_main_global_threshold_seed1,1,nbaiot_main,global_threshold,SimpleHome_XCS7_1002_WHT_Security_Camera,8387,8387,PASS,816471,816471,PASS,binary,PASS
nbaiot_main_global_threshold_seed1,1,nbaiot_main,global_threshold,SimpleHome_XCS7_1003_WHT_Security_Camera,3517,3517,PASS,831298,831298,PASS,binary,PASS
nbaiot_main_global_threshold_seed0,0,nbaiot_main,global_threshold,Danmini_Doorbell,8921,8921,PASS,968750,968750,PASS,binary,PASS
nbaiot_main_global_threshold_seed0,0,nbaiot_main,global_threshold,Ecobee_Thermostat,2362,2362,PASS,822763,822763,PASS,binary,PASS
nbaiot_main_global_threshold_seed0,0,nbaiot_main,global_threshold,Ennio_Doorbell,7038,7038,PASS,316400,316400,PASS,binary,PASS
nbaiot_main_global_threshold_seed0,0,nbaiot_main,global_threshold,Philips_B120N10_Baby_Monitor,31544,31544,PASS,923437,923437,PASS,binary,PASS
nbaiot_main_global_threshold_seed0,0,nbaiot_main,global_threshold,Provision_PT_737E_Security_Camera,11190,11190,PASS,766106,766106,PASS,binary,PASS
nbaiot_main_global_threshold_seed0,0,nbaiot_main,global_threshold,Provision_PT_838_Security_Camera,17734,17734,PASS,738377,738377,PASS,binary,PASS
nbaiot_main_global_threshold_seed0,0,nbaiot_main,global_threshold,Samsung_SNH_1011_N_Webcam,9388,9388,PASS,323072,323072,PASS,binary,PASS
nbaiot_main_global_threshold_seed0,0,nbaiot_main,global_threshold,SimpleHome_XCS7_1002_WHT_Security_Camera,8387,8387,PASS,816471,816471,PASS,binary,PASS
nbaiot_main_global_threshold_seed0,0,nbaiot_main,global_threshold,SimpleHome_XCS7_1003_WHT_Security_Camera,3517,3517,PASS,831298,831298,PASS,binary,PASS
nbaiot_main_cluster_threshold_seed1,1,nbaiot_main,cluster_threshold,Danmini_Doorbell,8921,8921,PASS,968750,968750,PASS,binary,PASS
nbaiot_main_cluster_threshold_seed1,1,nbaiot_main,cluster_threshold,Ecobee_Thermostat,2362,2362,PASS,822763,822763,PASS,binary,PASS
nbaiot_main_cluster_threshold_seed1,1,nbaiot_main,cluster_threshold,Ennio_Doorbell,7038,7038,PASS,316400,316400,PASS,binary,PASS
nbaiot_main_cluster_threshold_seed1,1,nbaiot_main,cluster_threshold,Philips_B120N10_Baby_Monitor,31544,31544,PASS,923437,923437,PASS,binary,PASS
nbaiot_main_cluster_threshold_seed1,1,nbaiot_main,cluster_threshold,Provision_PT_737E_Security_Camera,11190,11190,PASS,766106,766106,PASS,binary,PASS
nbaiot_main_cluster_threshold_seed1,1,nbaiot_main,cluster_threshold,Provision_PT_838_Security_Camera,17734,17734,PASS,738377,738377,PASS,binary,PASS
nbaiot_main_cluster_threshold_seed1,1,nbaiot_main,cluster_threshold,Samsung_SNH_1011_N_Webcam,9388,9388,PASS,323072,323072,PASS,binary,PASS
nbaiot_main_cluster_threshold_seed1,1,nbaiot_main,cluster_threshold,SimpleHome_XCS7_1002_WHT_Security_Camera,8387,8387,PASS,816471,816471,PASS,binary,PASS
nbaiot_main_cluster_threshold_seed1,1,nbaiot_main,cluster_threshold,SimpleHome_XCS7_1003_WHT_Security_Camera,3517,3517,PASS,831298,831298,PASS,binary,PASS
nbaiot_main_cluster_threshold_seed8,8,nbaiot_main,cluster_threshold,Danmini_Doorbell,8921,8921,PASS,968750,968750,PASS,binary,PASS
nbaiot_main_cluster_threshold_seed8,8,nbaiot_main,cluster_threshold,Ecobee_Thermostat,2362,2362,PASS,822763,822763,PASS,binary,PASS
nbaiot_main_cluster_threshold_seed8,8,nbaiot_main,cluster_threshold,Ennio_Doorbell,7038,7038,PASS,316400,316400,PASS,binary,PASS
nbaiot_main_cluster_threshold_seed8,8,nbaiot_main,cluster_threshold,Philips_B120N10_Baby_Monitor,31544,31544,PASS,923437,923437,PASS,binary,PASS
nbaiot_main_cluster_threshold_seed8,8,nbaiot_main,cluster_threshold,Provision_PT_737E_Security_Camera,11190,11190,PASS,766106,766106,PASS,binary,PASS
nbaiot_main_cluster_threshold_seed8,8,nbaiot_main,cluster_threshold,Provision_PT_838_Security_Camera,17734,17734,PASS,738377,738377,PASS,binary,PASS
nbaiot_main_cluster_threshold_seed8,8,nbaiot_main,cluster_threshold,Samsung_SNH_1011_N_Webcam,9388,9388,PASS,323072,323072,PASS,binary,PASS
nbaiot_main_cluster_threshold_seed8,8,nbaiot_main,cluster_threshold,SimpleHome_XCS7_1002_WHT_Security_Camera,8387,8387,PASS,816471,816471,PASS,binary,PASS
nbaiot_main_cluster_threshold_seed8,8,nbaiot_main,cluster_threshold,SimpleHome_XCS7_1003_WHT_Security_Camera,3517,3517,PASS,831298,831298,PASS,binary,PASS
nbaiot_main_cluster_threshold_seed9,9,nbaiot_main,cluster_threshold,Danmini_Doorbell,8921,8921,PASS,968750,968750,PASS,binary,PASS
nbaiot_main_cluster_threshold_seed9,9,nbaiot_main,cluster_threshold,Ecobee_Thermostat,2362,2362,PASS,822763,822763,PASS,binary,PASS
nbaiot_main_cluster_threshold_seed9,9,nbaiot_main,cluster_threshold,Ennio_Doorbell,7038,7038,PASS,316400,316400,PASS,binary,PASS
nbaiot_main_cluster_threshold_seed9,9,nbaiot_main,cluster_threshold,Philips_B120N10_Baby_Monitor,31544,31544,PASS,923437,923437,PASS,binary,PASS
nbaiot_main_cluster_threshold_seed9,9,nbaiot_main,cluster_threshold,Provision_PT_737E_Security_Camera,11190,11190,PASS,766106,766106,PASS,binary,PASS
nbaiot_main_cluster_threshold_seed9,9,nbaiot_main,cluster_threshold,Provision_PT_838_Security_Camera,17734,17734,PASS,738377,738377,PASS,binary,PASS
nbaiot_main_cluster_threshold_seed9,9,nbaiot_main,cluster_threshold,Samsung_SNH_1011_N_Webcam,9388,9388,PASS,323072,323072,PASS,binary,PASS
nbaiot_main_cluster_threshold_seed9,9,nbaiot_main,cluster_threshold,SimpleHome_XCS7_1002_WHT_Security_Camera,8387,8387,PASS,816471,816471,PASS,binary,PASS
nbaiot_main_cluster_threshold_seed9,9,nbaiot_main,cluster_threshold,SimpleHome_XCS7_1003_WHT_Security_Camera,3517,3517,PASS,831298,831298,PASS,binary,PASS
nbaiot_main_cluster_threshold_seed6,6,nbaiot_main,cluster_threshold,Danmini_Doorbell,8921,8921,PASS,968750,968750,PASS,binary,PASS
nbaiot_main_cluster_threshold_seed6,6,nbaiot_main,cluster_threshold,Ecobee_Thermostat,2362,2362,PASS,822763,822763,PASS,binary,PASS
nbaiot_main_cluster_threshold_seed6,6,nbaiot_main,cluster_threshold,Ennio_Doorbell,7038,7038,PASS,316400,316400,PASS,binary,PASS
nbaiot_main_cluster_threshold_seed6,6,nbaiot_main,cluster_threshold,Philips_B120N10_Baby_Monitor,31544,31544,PASS,923437,923437,PASS,binary,PASS
nbaiot_main_cluster_threshold_seed6,6,nbaiot_main,cluster_threshold,Provision_PT_737E_Security_Camera,11190,11190,PASS,766106,766106,PASS,binary,PASS
nbaiot_main_cluster_threshold_seed6,6,nbaiot_main,cluster_threshold,Provision_PT_838_Security_Camera,17734,17734,PASS,738377,738377,PASS,binary,PASS
nbaiot_main_cluster_threshold_seed6,6,nbaiot_main,cluster_threshold,Samsung_SNH_1011_N_Webcam,9388,9388,PASS,323072,323072,PASS,binary,PASS
nbaiot_main_cluster_threshold_seed6,6,nbaiot_main,cluster_threshold,SimpleHome_XCS7_1002_WHT_Security_Camera,8387,8387,PASS,816471,816471,PASS,binary,PASS
nbaiot_main_cluster_threshold_seed6,6,nbaiot_main,cluster_threshold,SimpleHome_XCS7_1003_WHT_Security_Camera,3517,3517,PASS,831298,831298,PASS,binary,PASS
nbaiot_main_cluster_threshold_seed7,7,nbaiot_main,cluster_threshold,Danmini_Doorbell,8921,8921,PASS,968750,968750,PASS,binary,PASS
nbaiot_main_cluster_threshold_seed7,7,nbaiot_main,cluster_threshold,Ecobee_Thermostat,2362,2362,PASS,822763,822763,PASS,binary,PASS
nbaiot_main_cluster_threshold_seed7,7,nbaiot_main,cluster_threshold,Ennio_Doorbell,7038,7038,PASS,316400,316400,PASS,binary,PASS
nbaiot_main_cluster_threshold_seed7,7,nbaiot_main,cluster_threshold,Philips_B120N10_Baby_Monitor,31544,31544,PASS,923437,923437,PASS,binary,PASS
nbaiot_main_cluster_threshold_seed7,7,nbaiot_main,cluster_threshold,Provision_PT_737E_Security_Camera,11190,11190,PASS,766106,766106,PASS,binary,PASS
nbaiot_main_cluster_threshold_seed7,7,nbaiot_main,cluster_threshold,Provision_PT_838_Security_Camera,17734,17734,PASS,738377,738377,PASS,binary,PASS
nbaiot_main_cluster_threshold_seed7,7,nbaiot_main,cluster_threshold,Samsung_SNH_1011_N_Webcam,9388,9388,PASS,323072,323072,PASS,binary,PASS
nbaiot_main_cluster_threshold_seed7,7,nbaiot_main,cluster_threshold,SimpleHome_XCS7_1002_WHT_Security_Camera,8387,8387,PASS,816471,816471,PASS,binary,PASS
nbaiot_main_cluster_threshold_seed7,7,nbaiot_main,cluster_threshold,SimpleHome_XCS7_1003_WHT_Security_Camera,3517,3517,PASS,831298,831298,PASS,binary,PASS
nbaiot_main_global_threshold_seed4,4,nbaiot_main,global_threshold,Danmini_Doorbell,8921,8921,PASS,968750,968750,PASS,binary,PASS
nbaiot_main_global_threshold_seed4,4,nbaiot_main,global_threshold,Ecobee_Thermostat,2362,2362,PASS,822763,822763,PASS,binary,PASS
nbaiot_main_global_threshold_seed4,4,nbaiot_main,global_threshold,Ennio_Doorbell,7038,7038,PASS,316400,316400,PASS,binary,PASS
nbaiot_main_global_threshold_seed4,4,nbaiot_main,global_threshold,Philips_B120N10_Baby_Monitor,31544,31544,PASS,923437,923437,PASS,binary,PASS
nbaiot_main_global_threshold_seed4,4,nbaiot_main,global_threshold,Provision_PT_737E_Security_Camera,11190,11190,PASS,766106,766106,PASS,binary,PASS
nbaiot_main_global_threshold_seed4,4,nbaiot_main,global_threshold,Provision_PT_838_Security_Camera,17734,17734,PASS,738377,738377,PASS,binary,PASS
nbaiot_main_global_threshold_seed4,4,nbaiot_main,global_threshold,Samsung_SNH_1011_N_Webcam,9388,9388,PASS,323072,323072,PASS,binary,PASS
nbaiot_main_global_threshold_seed4,4,nbaiot_main,global_threshold,SimpleHome_XCS7_1002_WHT_Security_Camera,8387,8387,PASS,816471,816471,PASS,binary,PASS
nbaiot_main_global_threshold_seed4,4,nbaiot_main,global_threshold,SimpleHome_XCS7_1003_WHT_Security_Camera,3517,3517,PASS,831298,831298,PASS,binary,PASS
nbaiot_main_global_threshold_seed5,5,nbaiot_main,global_threshold,Danmini_Doorbell,8921,8921,PASS,968750,968750,PASS,binary,PASS
nbaiot_main_global_threshold_seed5,5,nbaiot_main,global_threshold,Ecobee_Thermostat,2362,2362,PASS,822763,822763,PASS,binary,PASS
nbaiot_main_global_threshold_seed5,5,nbaiot_main,global_threshold,Ennio_Doorbell,7038,7038,PASS,316400,316400,PASS,binary,PASS
nbaiot_main_global_threshold_seed5,5,nbaiot_main,global_threshold,Philips_B120N10_Baby_Monitor,31544,31544,PASS,923437,923437,PASS,binary,PASS
nbaiot_main_global_threshold_seed5,5,nbaiot_main,global_threshold,Provision_PT_737E_Security_Camera,11190,11190,PASS,766106,766106,PASS,binary,PASS
nbaiot_main_global_threshold_seed5,5,nbaiot_main,global_threshold,Provision_PT_838_Security_Camera,17734,17734,PASS,738377,738377,PASS,binary,PASS
nbaiot_main_global_threshold_seed5,5,nbaiot_main,global_threshold,Samsung_SNH_1011_N_Webcam,9388,9388,PASS,323072,323072,PASS,binary,PASS
nbaiot_main_global_threshold_seed5,5,nbaiot_main,global_threshold,SimpleHome_XCS7_1002_WHT_Security_Camera,8387,8387,PASS,816471,816471,PASS,binary,PASS
nbaiot_main_global_threshold_seed5,5,nbaiot_main,global_threshold,SimpleHome_XCS7_1003_WHT_Security_Camera,3517,3517,PASS,831298,831298,PASS,binary,PASS
nbaiot_main_global_threshold_seed6,6,nbaiot_main,global_threshold,Danmini_Doorbell,8921,8921,PASS,968750,968750,PASS,binary,PASS
nbaiot_main_global_threshold_seed6,6,nbaiot_main,global_threshold,Ecobee_Thermostat,2362,2362,PASS,822763,822763,PASS,binary,PASS
nbaiot_main_global_threshold_seed6,6,nbaiot_main,global_threshold,Ennio_Doorbell,7038,7038,PASS,316400,316400,PASS,binary,PASS
nbaiot_main_global_threshold_seed6,6,nbaiot_main,global_threshold,Philips_B120N10_Baby_Monitor,31544,31544,PASS,923437,923437,PASS,binary,PASS
nbaiot_main_global_threshold_seed6,6,nbaiot_main,global_threshold,Provision_PT_737E_Security_Camera,11190,11190,PASS,766106,766106,PASS,binary,PASS
nbaiot_main_global_threshold_seed6,6,nbaiot_main,global_threshold,Provision_PT_838_Security_Camera,17734,17734,PASS,738377,738377,PASS,binary,PASS
nbaiot_main_global_threshold_seed6,6,nbaiot_main,global_threshold,Samsung_SNH_1011_N_Webcam,9388,9388,PASS,323072,323072,PASS,binary,PASS
nbaiot_main_global_threshold_seed6,6,nbaiot_main,global_threshold,SimpleHome_XCS7_1002_WHT_Security_Camera,8387,8387,PASS,816471,816471,PASS,binary,PASS
nbaiot_main_global_threshold_seed6,6,nbaiot_main,global_threshold,SimpleHome_XCS7_1003_WHT_Security_Camera,3517,3517,PASS,831298,831298,PASS,binary,PASS
nbaiot_main_global_threshold_seed7,7,nbaiot_main,global_threshold,Danmini_Doorbell,8921,8921,PASS,968750,968750,PASS,binary,PASS
nbaiot_main_global_threshold_seed7,7,nbaiot_main,global_threshold,Ecobee_Thermostat,2362,2362,PASS,822763,822763,PASS,binary,PASS
nbaiot_main_global_threshold_seed7,7,nbaiot_main,global_threshold,Ennio_Doorbell,7038,7038,PASS,316400,316400,PASS,binary,PASS
nbaiot_main_global_threshold_seed7,7,nbaiot_main,global_threshold,Philips_B120N10_Baby_Monitor,31544,31544,PASS,923437,923437,PASS,binary,PASS
nbaiot_main_global_threshold_seed7,7,nbaiot_main,global_threshold,Provision_PT_737E_Security_Camera,11190,11190,PASS,766106,766106,PASS,binary,PASS
nbaiot_main_global_threshold_seed7,7,nbaiot_main,global_threshold,Provision_PT_838_Security_Camera,17734,17734,PASS,738377,738377,PASS,binary,PASS
nbaiot_main_global_threshold_seed7,7,nbaiot_main,global_threshold,Samsung_SNH_1011_N_Webcam,9388,9388,PASS,323072,323072,PASS,binary,PASS
nbaiot_main_global_threshold_seed7,7,nbaiot_main,global_threshold,SimpleHome_XCS7_1002_WHT_Security_Camera,8387,8387,PASS,816471,816471,PASS,binary,PASS
nbaiot_main_global_threshold_seed7,7,nbaiot_main,global_threshold,SimpleHome_XCS7_1003_WHT_Security_Camera,3517,3517,PASS,831298,831298,PASS,binary,PASS
nbaiot_main_global_threshold_seed8,8,nbaiot_main,global_threshold,Danmini_Doorbell,8921,8921,PASS,968750,968750,PASS,binary,PASS
nbaiot_main_global_threshold_seed8,8,nbaiot_main,global_threshold,Ecobee_Thermostat,2362,2362,PASS,822763,822763,PASS,binary,PASS
nbaiot_main_global_threshold_seed8,8,nbaiot_main,global_threshold,Ennio_Doorbell,7038,7038,PASS,316400,316400,PASS,binary,PASS
nbaiot_main_global_threshold_seed8,8,nbaiot_main,global_threshold,Philips_B120N10_Baby_Monitor,31544,31544,PASS,923437,923437,PASS,binary,PASS
nbaiot_main_global_threshold_seed8,8,nbaiot_main,global_threshold,Provision_PT_737E_Security_Camera,11190,11190,PASS,766106,766106,PASS,binary,PASS
nbaiot_main_global_threshold_seed8,8,nbaiot_main,global_threshold,Provision_PT_838_Security_Camera,17734,17734,PASS,738377,738377,PASS,binary,PASS
nbaiot_main_global_threshold_seed8,8,nbaiot_main,global_threshold,Samsung_SNH_1011_N_Webcam,9388,9388,PASS,323072,323072,PASS,binary,PASS
nbaiot_main_global_threshold_seed8,8,nbaiot_main,global_threshold,SimpleHome_XCS7_1002_WHT_Security_Camera,8387,8387,PASS,816471,816471,PASS,binary,PASS
nbaiot_main_global_threshold_seed8,8,nbaiot_main,global_threshold,SimpleHome_XCS7_1003_WHT_Security_Camera,3517,3517,PASS,831298,831298,PASS,binary,PASS
nbaiot_main_global_threshold_seed9,9,nbaiot_main,global_threshold,Danmini_Doorbell,8921,8921,PASS,968750,968750,PASS,binary,PASS
nbaiot_main_global_threshold_seed9,9,nbaiot_main,global_threshold,Ecobee_Thermostat,2362,2362,PASS,822763,822763,PASS,binary,PASS
nbaiot_main_global_threshold_seed9,9,nbaiot_main,global_threshold,Ennio_Doorbell,7038,7038,PASS,316400,316400,PASS,binary,PASS
nbaiot_main_global_threshold_seed9,9,nbaiot_main,global_threshold,Philips_B120N10_Baby_Monitor,31544,31544,PASS,923437,923437,PASS,binary,PASS
nbaiot_main_global_threshold_seed9,9,nbaiot_main,global_threshold,Provision_PT_737E_Security_Camera,11190,11190,PASS,766106,766106,PASS,binary,PASS
nbaiot_main_global_threshold_seed9,9,nbaiot_main,global_threshold,Provision_PT_838_Security_Camera,17734,17734,PASS,738377,738377,PASS,binary,PASS
nbaiot_main_global_threshold_seed9,9,nbaiot_main,global_threshold,Samsung_SNH_1011_N_Webcam,9388,9388,PASS,323072,323072,PASS,binary,PASS
nbaiot_main_global_threshold_seed9,9,nbaiot_main,global_threshold,SimpleHome_XCS7_1002_WHT_Security_Camera,8387,8387,PASS,816471,816471,PASS,binary,PASS
nbaiot_main_global_threshold_seed9,9,nbaiot_main,global_threshold,SimpleHome_XCS7_1003_WHT_Security_Camera,3517,3517,PASS,831298,831298,PASS,binary,PASS
nbaiot_main_local_threshold_seed0,0,nbaiot_main,local_threshold,Danmini_Doorbell,8921,8921,PASS,968750,968750,PASS,binary,PASS
nbaiot_main_local_threshold_seed0,0,nbaiot_main,local_threshold,Ecobee_Thermostat,2362,2362,PASS,822763,822763,PASS,binary,PASS
nbaiot_main_local_threshold_seed0,0,nbaiot_main,local_threshold,Ennio_Doorbell,7038,7038,PASS,316400,316400,PASS,binary,PASS
nbaiot_main_local_threshold_seed0,0,nbaiot_main,local_threshold,Philips_B120N10_Baby_Monitor,31544,31544,PASS,923437,923437,PASS,binary,PASS
nbaiot_main_local_threshold_seed0,0,nbaiot_main,local_threshold,Provision_PT_737E_Security_Camera,11190,11190,PASS,766106,766106,PASS,binary,PASS
nbaiot_main_local_threshold_seed0,0,nbaiot_main,local_threshold,Provision_PT_838_Security_Camera,17734,17734,PASS,738377,738377,PASS,binary,PASS
nbaiot_main_local_threshold_seed0,0,nbaiot_main,local_threshold,Samsung_SNH_1011_N_Webcam,9388,9388,PASS,323072,323072,PASS,binary,PASS
nbaiot_main_local_threshold_seed0,0,nbaiot_main,local_threshold,SimpleHome_XCS7_1002_WHT_Security_Camera,8387,8387,PASS,816471,816471,PASS,binary,PASS
nbaiot_main_local_threshold_seed0,0,nbaiot_main,local_threshold,SimpleHome_XCS7_1003_WHT_Security_Camera,3517,3517,PASS,831298,831298,PASS,binary,PASS
nbaiot_main_local_threshold_seed1,1,nbaiot_main,local_threshold,Danmini_Doorbell,8921,8921,PASS,968750,968750,PASS,binary,PASS
nbaiot_main_local_threshold_seed1,1,nbaiot_main,local_threshold,Ecobee_Thermostat,2362,2362,PASS,822763,822763,PASS,binary,PASS
nbaiot_main_local_threshold_seed1,1,nbaiot_main,local_threshold,Ennio_Doorbell,7038,7038,PASS,316400,316400,PASS,binary,PASS
nbaiot_main_local_threshold_seed1,1,nbaiot_main,local_threshold,Philips_B120N10_Baby_Monitor,31544,31544,PASS,923437,923437,PASS,binary,PASS
nbaiot_main_local_threshold_seed1,1,nbaiot_main,local_threshold,Provision_PT_737E_Security_Camera,11190,11190,PASS,766106,766106,PASS,binary,PASS
nbaiot_main_local_threshold_seed1,1,nbaiot_main,local_threshold,Provision_PT_838_Security_Camera,17734,17734,PASS,738377,738377,PASS,binary,PASS
nbaiot_main_local_threshold_seed1,1,nbaiot_main,local_threshold,Samsung_SNH_1011_N_Webcam,9388,9388,PASS,323072,323072,PASS,binary,PASS
nbaiot_main_local_threshold_seed1,1,nbaiot_main,local_threshold,SimpleHome_XCS7_1002_WHT_Security_Camera,8387,8387,PASS,816471,816471,PASS,binary,PASS
nbaiot_main_local_threshold_seed1,1,nbaiot_main,local_threshold,SimpleHome_XCS7_1003_WHT_Security_Camera,3517,3517,PASS,831298,831298,PASS,binary,PASS
nbaiot_main_local_threshold_seed2,2,nbaiot_main,local_threshold,Danmini_Doorbell,8921,8921,PASS,968750,968750,PASS,binary,PASS
nbaiot_main_local_threshold_seed2,2,nbaiot_main,local_threshold,Ecobee_Thermostat,2362,2362,PASS,822763,822763,PASS,binary,PASS
nbaiot_main_local_threshold_seed2,2,nbaiot_main,local_threshold,Ennio_Doorbell,7038,7038,PASS,316400,316400,PASS,binary,PASS
nbaiot_main_local_threshold_seed2,2,nbaiot_main,local_threshold,Philips_B120N10_Baby_Monitor,31544,31544,PASS,923437,923437,PASS,binary,PASS
nbaiot_main_local_threshold_seed2,2,nbaiot_main,local_threshold,Provision_PT_737E_Security_Camera,11190,11190,PASS,766106,766106,PASS,binary,PASS
nbaiot_main_local_threshold_seed2,2,nbaiot_main,local_threshold,Provision_PT_838_Security_Camera,17734,17734,PASS,738377,738377,PASS,binary,PASS
nbaiot_main_local_threshold_seed2,2,nbaiot_main,local_threshold,Samsung_SNH_1011_N_Webcam,9388,9388,PASS,323072,323072,PASS,binary,PASS
nbaiot_main_local_threshold_seed2,2,nbaiot_main,local_threshold,SimpleHome_XCS7_1002_WHT_Security_Camera,8387,8387,PASS,816471,816471,PASS,binary,PASS
nbaiot_main_local_threshold_seed2,2,nbaiot_main,local_threshold,SimpleHome_XCS7_1003_WHT_Security_Camera,3517,3517,PASS,831298,831298,PASS,binary,PASS
nbaiot_main_local_threshold_seed3,3,nbaiot_main,local_threshold,Danmini_Doorbell,8921,8921,PASS,968750,968750,PASS,binary,PASS
nbaiot_main_local_threshold_seed3,3,nbaiot_main,local_threshold,Ecobee_Thermostat,2362,2362,PASS,822763,822763,PASS,binary,PASS
nbaiot_main_local_threshold_seed3,3,nbaiot_main,local_threshold,Ennio_Doorbell,7038,7038,PASS,316400,316400,PASS,binary,PASS
nbaiot_main_local_threshold_seed3,3,nbaiot_main,local_threshold,Philips_B120N10_Baby_Monitor,31544,31544,PASS,923437,923437,PASS,binary,PASS
nbaiot_main_local_threshold_seed3,3,nbaiot_main,local_threshold,Provision_PT_737E_Security_Camera,11190,11190,PASS,766106,766106,PASS,binary,PASS
nbaiot_main_local_threshold_seed3,3,nbaiot_main,local_threshold,Provision_PT_838_Security_Camera,17734,17734,PASS,738377,738377,PASS,binary,PASS
nbaiot_main_local_threshold_seed3,3,nbaiot_main,local_threshold,Samsung_SNH_1011_N_Webcam,9388,9388,PASS,323072,323072,PASS,binary,PASS
nbaiot_main_local_threshold_seed3,3,nbaiot_main,local_threshold,SimpleHome_XCS7_1002_WHT_Security_Camera,8387,8387,PASS,816471,816471,PASS,binary,PASS
nbaiot_main_local_threshold_seed3,3,nbaiot_main,local_threshold,SimpleHome_XCS7_1003_WHT_Security_Camera,3517,3517,PASS,831298,831298,PASS,binary,PASS
nbaiot_main_local_threshold_seed4,4,nbaiot_main,local_threshold,Danmini_Doorbell,8921,8921,PASS,968750,968750,PASS,binary,PASS
nbaiot_main_local_threshold_seed4,4,nbaiot_main,local_threshold,Ecobee_Thermostat,2362,2362,PASS,822763,822763,PASS,binary,PASS
nbaiot_main_local_threshold_seed4,4,nbaiot_main,local_threshold,Ennio_Doorbell,7038,7038,PASS,316400,316400,PASS,binary,PASS
nbaiot_main_local_threshold_seed4,4,nbaiot_main,local_threshold,Philips_B120N10_Baby_Monitor,31544,31544,PASS,923437,923437,PASS,binary,PASS
nbaiot_main_local_threshold_seed4,4,nbaiot_main,local_threshold,Provision_PT_737E_Security_Camera,11190,11190,PASS,766106,766106,PASS,binary,PASS
nbaiot_main_local_threshold_seed4,4,nbaiot_main,local_threshold,Provision_PT_838_Security_Camera,17734,17734,PASS,738377,738377,PASS,binary,PASS
nbaiot_main_local_threshold_seed4,4,nbaiot_main,local_threshold,Samsung_SNH_1011_N_Webcam,9388,9388,PASS,323072,323072,PASS,binary,PASS
nbaiot_main_local_threshold_seed4,4,nbaiot_main,local_threshold,SimpleHome_XCS7_1002_WHT_Security_Camera,8387,8387,PASS,816471,816471,PASS,binary,PASS
nbaiot_main_local_threshold_seed4,4,nbaiot_main,local_threshold,SimpleHome_XCS7_1003_WHT_Security_Camera,3517,3517,PASS,831298,831298,PASS,binary,PASS
nbaiot_main_local_threshold_seed5,5,nbaiot_main,local_threshold,Danmini_Doorbell,8921,8921,PASS,968750,968750,PASS,binary,PASS
nbaiot_main_local_threshold_seed5,5,nbaiot_main,local_threshold,Ecobee_Thermostat,2362,2362,PASS,822763,822763,PASS,binary,PASS
nbaiot_main_local_threshold_seed5,5,nbaiot_main,local_threshold,Ennio_Doorbell,7038,7038,PASS,316400,316400,PASS,binary,PASS
nbaiot_main_local_threshold_seed5,5,nbaiot_main,local_threshold,Philips_B120N10_Baby_Monitor,31544,31544,PASS,923437,923437,PASS,binary,PASS
nbaiot_main_local_threshold_seed5,5,nbaiot_main,local_threshold,Provision_PT_737E_Security_Camera,11190,11190,PASS,766106,766106,PASS,binary,PASS
nbaiot_main_local_threshold_seed5,5,nbaiot_main,local_threshold,Provision_PT_838_Security_Camera,17734,17734,PASS,738377,738377,PASS,binary,PASS
nbaiot_main_local_threshold_seed5,5,nbaiot_main,local_threshold,Samsung_SNH_1011_N_Webcam,9388,9388,PASS,323072,323072,PASS,binary,PASS
nbaiot_main_local_threshold_seed5,5,nbaiot_main,local_threshold,SimpleHome_XCS7_1002_WHT_Security_Camera,8387,8387,PASS,816471,816471,PASS,binary,PASS
nbaiot_main_local_threshold_seed5,5,nbaiot_main,local_threshold,SimpleHome_XCS7_1003_WHT_Security_Camera,3517,3517,PASS,831298,831298,PASS,binary,PASS
nbaiot_main_local_threshold_seed6,6,nbaiot_main,local_threshold,Danmini_Doorbell,8921,8921,PASS,968750,968750,PASS,binary,PASS
nbaiot_main_local_threshold_seed6,6,nbaiot_main,local_threshold,Ecobee_Thermostat,2362,2362,PASS,822763,822763,PASS,binary,PASS
nbaiot_main_local_threshold_seed6,6,nbaiot_main,local_threshold,Ennio_Doorbell,7038,7038,PASS,316400,316400,PASS,binary,PASS
nbaiot_main_local_threshold_seed6,6,nbaiot_main,local_threshold,Philips_B120N10_Baby_Monitor,31544,31544,PASS,923437,923437,PASS,binary,PASS
nbaiot_main_local_threshold_seed6,6,nbaiot_main,local_threshold,Provision_PT_737E_Security_Camera,11190,11190,PASS,766106,766106,PASS,binary,PASS
nbaiot_main_local_threshold_seed6,6,nbaiot_main,local_threshold,Provision_PT_838_Security_Camera,17734,17734,PASS,738377,738377,PASS,binary,PASS
nbaiot_main_local_threshold_seed6,6,nbaiot_main,local_threshold,Samsung_SNH_1011_N_Webcam,9388,9388,PASS,323072,323072,PASS,binary,PASS
nbaiot_main_local_threshold_seed6,6,nbaiot_main,local_threshold,SimpleHome_XCS7_1002_WHT_Security_Camera,8387,8387,PASS,816471,816471,PASS,binary,PASS
nbaiot_main_local_threshold_seed6,6,nbaiot_main,local_threshold,SimpleHome_XCS7_1003_WHT_Security_Camera,3517,3517,PASS,831298,831298,PASS,binary,PASS
nbaiot_main_local_threshold_seed7,7,nbaiot_main,local_threshold,Danmini_Doorbell,8921,8921,PASS,968750,968750,PASS,binary,PASS
nbaiot_main_local_threshold_seed7,7,nbaiot_main,local_threshold,Ecobee_Thermostat,2362,2362,PASS,822763,822763,PASS,binary,PASS
nbaiot_main_local_threshold_seed7,7,nbaiot_main,local_threshold,Ennio_Doorbell,7038,7038,PASS,316400,316400,PASS,binary,PASS
nbaiot_main_local_threshold_seed7,7,nbaiot_main,local_threshold,Philips_B120N10_Baby_Monitor,31544,31544,PASS,923437,923437,PASS,binary,PASS
nbaiot_main_local_threshold_seed7,7,nbaiot_main,local_threshold,Provision_PT_737E_Security_Camera,11190,11190,PASS,766106,766106,PASS,binary,PASS
nbaiot_main_local_threshold_seed7,7,nbaiot_main,local_threshold,Provision_PT_838_Security_Camera,17734,17734,PASS,738377,738377,PASS,binary,PASS
nbaiot_main_local_threshold_seed7,7,nbaiot_main,local_threshold,Samsung_SNH_1011_N_Webcam,9388,9388,PASS,323072,323072,PASS,binary,PASS
nbaiot_main_local_threshold_seed7,7,nbaiot_main,local_threshold,SimpleHome_XCS7_1002_WHT_Security_Camera,8387,8387,PASS,816471,816471,PASS,binary,PASS
nbaiot_main_local_threshold_seed7,7,nbaiot_main,local_threshold,SimpleHome_XCS7_1003_WHT_Security_Camera,3517,3517,PASS,831298,831298,PASS,binary,PASS
nbaiot_main_local_threshold_seed8,8,nbaiot_main,local_threshold,Danmini_Doorbell,8921,8921,PASS,968750,968750,PASS,binary,PASS
nbaiot_main_local_threshold_seed8,8,nbaiot_main,local_threshold,Ecobee_Thermostat,2362,2362,PASS,822763,822763,PASS,binary,PASS
nbaiot_main_local_threshold_seed8,8,nbaiot_main,local_threshold,Ennio_Doorbell,7038,7038,PASS,316400,316400,PASS,binary,PASS
nbaiot_main_local_threshold_seed8,8,nbaiot_main,local_threshold,Philips_B120N10_Baby_Monitor,31544,31544,PASS,923437,923437,PASS,binary,PASS
nbaiot_main_local_threshold_seed8,8,nbaiot_main,local_threshold,Provision_PT_737E_Security_Camera,11190,11190,PASS,766106,766106,PASS,binary,PASS
nbaiot_main_local_threshold_seed8,8,nbaiot_main,local_threshold,Provision_PT_838_Security_Camera,17734,17734,PASS,738377,738377,PASS,binary,PASS
nbaiot_main_local_threshold_seed8,8,nbaiot_main,local_threshold,Samsung_SNH_1011_N_Webcam,9388,9388,PASS,323072,323072,PASS,binary,PASS
nbaiot_main_local_threshold_seed8,8,nbaiot_main,local_threshold,SimpleHome_XCS7_1002_WHT_Security_Camera,8387,8387,PASS,816471,816471,PASS,binary,PASS
nbaiot_main_local_threshold_seed8,8,nbaiot_main,local_threshold,SimpleHome_XCS7_1003_WHT_Security_Camera,3517,3517,PASS,831298,831298,PASS,binary,PASS
nbaiot_main_local_threshold_seed9,9,nbaiot_main,local_threshold,Danmini_Doorbell,8921,8921,PASS,968750,968750,PASS,binary,PASS
nbaiot_main_local_threshold_seed9,9,nbaiot_main,local_threshold,Ecobee_Thermostat,2362,2362,PASS,822763,822763,PASS,binary,PASS
nbaiot_main_local_threshold_seed9,9,nbaiot_main,local_threshold,Ennio_Doorbell,7038,7038,PASS,316400,316400,PASS,binary,PASS
nbaiot_main_local_threshold_seed9,9,nbaiot_main,local_threshold,Philips_B120N10_Baby_Monitor,31544,31544,PASS,923437,923437,PASS,binary,PASS
nbaiot_main_local_threshold_seed9,9,nbaiot_main,local_threshold,Provision_PT_737E_Security_Camera,11190,11190,PASS,766106,766106,PASS,binary,PASS
nbaiot_main_local_threshold_seed9,9,nbaiot_main,local_threshold,Provision_PT_838_Security_Camera,17734,17734,PASS,738377,738377,PASS,binary,PASS
nbaiot_main_local_threshold_seed9,9,nbaiot_main,local_threshold,Samsung_SNH_1011_N_Webcam,9388,9388,PASS,323072,323072,PASS,binary,PASS
nbaiot_main_local_threshold_seed9,9,nbaiot_main,local_threshold,SimpleHome_XCS7_1002_WHT_Security_Camera,8387,8387,PASS,816471,816471,PASS,binary,PASS
nbaiot_main_local_threshold_seed9,9,nbaiot_main,local_threshold,SimpleHome_XCS7_1003_WHT_Security_Camera,3517,3517,PASS,831298,831298,PASS,binary,PASS
nbaiot_main_cluster_threshold_seed3,3,nbaiot_main,cluster_threshold,Danmini_Doorbell,8921,8921,PASS,968750,968750,PASS,binary,PASS
nbaiot_main_cluster_threshold_seed3,3,nbaiot_main,cluster_threshold,Ecobee_Thermostat,2362,2362,PASS,822763,822763,PASS,binary,PASS
nbaiot_main_cluster_threshold_seed3,3,nbaiot_main,cluster_threshold,Ennio_Doorbell,7038,7038,PASS,316400,316400,PASS,binary,PASS
nbaiot_main_cluster_threshold_seed3,3,nbaiot_main,cluster_threshold,Philips_B120N10_Baby_Monitor,31544,31544,PASS,923437,923437,PASS,binary,PASS
nbaiot_main_cluster_threshold_seed3,3,nbaiot_main,cluster_threshold,Provision_PT_737E_Security_Camera,11190,11190,PASS,766106,766106,PASS,binary,PASS
nbaiot_main_cluster_threshold_seed3,3,nbaiot_main,cluster_threshold,Provision_PT_838_Security_Camera,17734,17734,PASS,738377,738377,PASS,binary,PASS
nbaiot_main_cluster_threshold_seed3,3,nbaiot_main,cluster_threshold,Samsung_SNH_1011_N_Webcam,9388,9388,PASS,323072,323072,PASS,binary,PASS
nbaiot_main_cluster_threshold_seed3,3,nbaiot_main,cluster_threshold,SimpleHome_XCS7_1002_WHT_Security_Camera,8387,8387,PASS,816471,816471,PASS,binary,PASS
nbaiot_main_cluster_threshold_seed3,3,nbaiot_main,cluster_threshold,SimpleHome_XCS7_1003_WHT_Security_Camera,3517,3517,PASS,831298,831298,PASS,binary,PASS
nbaiot_main_cluster_threshold_seed0,0,nbaiot_main,cluster_threshold,Danmini_Doorbell,8921,8921,PASS,968750,968750,PASS,binary,PASS
nbaiot_main_cluster_threshold_seed0,0,nbaiot_main,cluster_threshold,Ecobee_Thermostat,2362,2362,PASS,822763,822763,PASS,binary,PASS
nbaiot_main_cluster_threshold_seed0,0,nbaiot_main,cluster_threshold,Ennio_Doorbell,7038,7038,PASS,316400,316400,PASS,binary,PASS
nbaiot_main_cluster_threshold_seed0,0,nbaiot_main,cluster_threshold,Philips_B120N10_Baby_Monitor,31544,31544,PASS,923437,923437,PASS,binary,PASS
nbaiot_main_cluster_threshold_seed0,0,nbaiot_main,cluster_threshold,Provision_PT_737E_Security_Camera,11190,11190,PASS,766106,766106,PASS,binary,PASS
nbaiot_main_cluster_threshold_seed0,0,nbaiot_main,cluster_threshold,Provision_PT_838_Security_Camera,17734,17734,PASS,738377,738377,PASS,binary,PASS
nbaiot_main_cluster_threshold_seed0,0,nbaiot_main,cluster_threshold,Samsung_SNH_1011_N_Webcam,9388,9388,PASS,323072,323072,PASS,binary,PASS
nbaiot_main_cluster_threshold_seed0,0,nbaiot_main,cluster_threshold,SimpleHome_XCS7_1002_WHT_Security_Camera,8387,8387,PASS,816471,816471,PASS,binary,PASS
nbaiot_main_cluster_threshold_seed0,0,nbaiot_main,cluster_threshold,SimpleHome_XCS7_1003_WHT_Security_Camera,3517,3517,PASS,831298,831298,PASS,binary,PASS
nbaiot_main_cluster_threshold_seed5,5,nbaiot_main,cluster_threshold,Danmini_Doorbell,8921,8921,PASS,968750,968750,PASS,binary,PASS
nbaiot_main_cluster_threshold_seed5,5,nbaiot_main,cluster_threshold,Ecobee_Thermostat,2362,2362,PASS,822763,822763,PASS,binary,PASS
nbaiot_main_cluster_threshold_seed5,5,nbaiot_main,cluster_threshold,Ennio_Doorbell,7038,7038,PASS,316400,316400,PASS,binary,PASS
nbaiot_main_cluster_threshold_seed5,5,nbaiot_main,cluster_threshold,Philips_B120N10_Baby_Monitor,31544,31544,PASS,923437,923437,PASS,binary,PASS
nbaiot_main_cluster_threshold_seed5,5,nbaiot_main,cluster_threshold,Provision_PT_737E_Security_Camera,11190,11190,PASS,766106,766106,PASS,binary,PASS
nbaiot_main_cluster_threshold_seed5,5,nbaiot_main,cluster_threshold,Provision_PT_838_Security_Camera,17734,17734,PASS,738377,738377,PASS,binary,PASS
nbaiot_main_cluster_threshold_seed5,5,nbaiot_main,cluster_threshold,Samsung_SNH_1011_N_Webcam,9388,9388,PASS,323072,323072,PASS,binary,PASS
nbaiot_main_cluster_threshold_seed5,5,nbaiot_main,cluster_threshold,SimpleHome_XCS7_1002_WHT_Security_Camera,8387,8387,PASS,816471,816471,PASS,binary,PASS
nbaiot_main_cluster_threshold_seed5,5,nbaiot_main,cluster_threshold,SimpleHome_XCS7_1003_WHT_Security_Camera,3517,3517,PASS,831298,831298,PASS,binary,PASS
nbaiot_main_global_threshold_seed3,3,nbaiot_main,global_threshold,Danmini_Doorbell,8921,8921,PASS,968750,968750,PASS,binary,PASS
nbaiot_main_global_threshold_seed3,3,nbaiot_main,global_threshold,Ecobee_Thermostat,2362,2362,PASS,822763,822763,PASS,binary,PASS
nbaiot_main_global_threshold_seed3,3,nbaiot_main,global_threshold,Ennio_Doorbell,7038,7038,PASS,316400,316400,PASS,binary,PASS
nbaiot_main_global_threshold_seed3,3,nbaiot_main,global_threshold,Philips_B120N10_Baby_Monitor,31544,31544,PASS,923437,923437,PASS,binary,PASS
nbaiot_main_global_threshold_seed3,3,nbaiot_main,global_threshold,Provision_PT_737E_Security_Camera,11190,11190,PASS,766106,766106,PASS,binary,PASS
nbaiot_main_global_threshold_seed3,3,nbaiot_main,global_threshold,Provision_PT_838_Security_Camera,17734,17734,PASS,738377,738377,PASS,binary,PASS
nbaiot_main_global_threshold_seed3,3,nbaiot_main,global_threshold,Samsung_SNH_1011_N_Webcam,9388,9388,PASS,323072,323072,PASS,binary,PASS
nbaiot_main_global_threshold_seed3,3,nbaiot_main,global_threshold,SimpleHome_XCS7_1002_WHT_Security_Camera,8387,8387,PASS,816471,816471,PASS,binary,PASS
nbaiot_main_global_threshold_seed3,3,nbaiot_main,global_threshold,SimpleHome_XCS7_1003_WHT_Security_Camera,3517,3517,PASS,831298,831298,PASS,binary,PASS
nbaiot_main_cluster_threshold_seed4,4,nbaiot_main,cluster_threshold,Danmini_Doorbell,8921,8921,PASS,968750,968750,PASS,binary,PASS
nbaiot_main_cluster_threshold_seed4,4,nbaiot_main,cluster_threshold,Ecobee_Thermostat,2362,2362,PASS,822763,822763,PASS,binary,PASS
nbaiot_main_cluster_threshold_seed4,4,nbaiot_main,cluster_threshold,Ennio_Doorbell,7038,7038,PASS,316400,316400,PASS,binary,PASS
nbaiot_main_cluster_threshold_seed4,4,nbaiot_main,cluster_threshold,Philips_B120N10_Baby_Monitor,31544,31544,PASS,923437,923437,PASS,binary,PASS
nbaiot_main_cluster_threshold_seed4,4,nbaiot_main,cluster_threshold,Provision_PT_737E_Security_Camera,11190,11190,PASS,766106,766106,PASS,binary,PASS
nbaiot_main_cluster_threshold_seed4,4,nbaiot_main,cluster_threshold,Provision_PT_838_Security_Camera,17734,17734,PASS,738377,738377,PASS,binary,PASS
nbaiot_main_cluster_threshold_seed4,4,nbaiot_main,cluster_threshold,Samsung_SNH_1011_N_Webcam,9388,9388,PASS,323072,323072,PASS,binary,PASS
nbaiot_main_cluster_threshold_seed4,4,nbaiot_main,cluster_threshold,SimpleHome_XCS7_1002_WHT_Security_Camera,8387,8387,PASS,816471,816471,PASS,binary,PASS
nbaiot_main_cluster_threshold_seed4,4,nbaiot_main,cluster_threshold,SimpleHome_XCS7_1003_WHT_Security_Camera,3517,3517,PASS,831298,831298,PASS,binary,PASS
nbaiot_main_cluster_threshold_seed2,2,nbaiot_main,cluster_threshold,Danmini_Doorbell,8921,8921,PASS,968750,968750,PASS,binary,PASS
nbaiot_main_cluster_threshold_seed2,2,nbaiot_main,cluster_threshold,Ecobee_Thermostat,2362,2362,PASS,822763,822763,PASS,binary,PASS
nbaiot_main_cluster_threshold_seed2,2,nbaiot_main,cluster_threshold,Ennio_Doorbell,7038,7038,PASS,316400,316400,PASS,binary,PASS
nbaiot_main_cluster_threshold_seed2,2,nbaiot_main,cluster_threshold,Philips_B120N10_Baby_Monitor,31544,31544,PASS,923437,923437,PASS,binary,PASS
nbaiot_main_cluster_threshold_seed2,2,nbaiot_main,cluster_threshold,Provision_PT_737E_Security_Camera,11190,11190,PASS,766106,766106,PASS,binary,PASS
nbaiot_main_cluster_threshold_seed2,2,nbaiot_main,cluster_threshold,Provision_PT_838_Security_Camera,17734,17734,PASS,738377,738377,PASS,binary,PASS
nbaiot_main_cluster_threshold_seed2,2,nbaiot_main,cluster_threshold,Samsung_SNH_1011_N_Webcam,9388,9388,PASS,323072,323072,PASS,binary,PASS
nbaiot_main_cluster_threshold_seed2,2,nbaiot_main,cluster_threshold,SimpleHome_XCS7_1002_WHT_Security_Camera,8387,8387,PASS,816471,816471,PASS,binary,PASS
nbaiot_main_cluster_threshold_seed2,2,nbaiot_main,cluster_threshold,SimpleHome_XCS7_1003_WHT_Security_Camera,3517,3517,PASS,831298,831298,PASS,binary,PASS
