run_id,seed,stage,policy,client_id,attack_label,status,tpr,detected_count,denominator
nbaiot_main_global_threshold_seed2,2,nbaiot_main,global_threshold,Danmini_Doorbell,binary_attack,PASS,1.0,968750,968750
nbaiot_main_global_threshold_seed2,2,nbaiot_main,global_threshold,Ecobee_Thermostat,binary_attack,PASS,0.9999769070801677,822744,822763
nbaiot_main_global_threshold_seed2,2,nbaiot_main,global_threshold,Ennio_Doorbell,binary_attack,PASS,0.35118520859671304,111115,316400
nbaiot_main_global_threshold_seed2,2,nbaiot_main,global_threshold,Philips_B120N10_Baby_Monitor,binary_attack,PASS,0.7852057043414982,725088,923437
nbaiot_main_global_threshold_seed2,2,nbaiot_main,global_threshold,Provision_PT_737E_Security_Camera,binary_attack,PASS,0.7279345155892265,557675,766106
nbaiot_main_global_threshold_seed2,2,nbaiot_main,global_threshold,Provision_PT_838_Security_Camera,binary_attack,PASS,0.7372561713054442,544373,738377
nbaiot_main_global_threshold_seed2,2,nbaiot_main,global_threshold,Samsung_SNH_1011_N_Webcam,binary_attack,PASS,0.9999411895800316,323053,323072
nbaiot_main_global_threshold_seed2,2,nbaiot_main,global_threshold,SimpleHome_XCS7_1002_WHT_Security_Camera,binary_attack,PASS,0.7641545137549283,623910,816471
nbaiot_main_global_threshold_seed2,2,nbaiot_main,global_threshold,SimpleHome_XCS7_1003_WHT_Security_Camera,binary_attack,PASS,0.999974738300826,831277,831298
nbaiot_main_global_threshold_seed1,1,nbaiot_main,global_threshold,Danmini_Doorbell,binary_attack,PASS,1.0,968750,968750
nbaiot_main_global_threshold_seed1,1,nbaiot_main,global_threshold,Ecobee_Thermostat,binary_attack,PASS,0.7573541834039693,623123,822763
nbaiot_main_global_threshold_seed1,1,nbaiot_main,global_threshold,Ennio_Doorbell,binary_attack,PASS,0.3511725663716814,111111,316400
nbaiot_main_global_threshold_seed1,1,nbaiot_main,global_threshold,Philips_B120N10_Baby_Monitor,binary_attack,PASS,0.7852002897869589,725083,923437
nbaiot_main_global_threshold_seed1,1,nbaiot_main,global_threshold,Provision_PT_737E_Security_Camera,binary_attack,PASS,0.7279475686132206,557685,766106
nbaiot_main_global_threshold_seed1,1,nbaiot_main,global_threshold,Provision_PT_838_Security_Camera,binary_attack,PASS,0.7372819034179017,544392,738377
nbaiot_main_global_threshold_seed1,1,nbaiot_main,global_threshold,Samsung_SNH_1011_N_Webcam,binary_attack,PASS,0.35545017828843106,114836,323072
nbaiot_main_global_threshold_seed1,1,nbaiot_main,global_threshold,SimpleHome_XCS7_1002_WHT_Security_Camera,binary_attack,PASS,0.7640540815289214,623828,816471
nbaiot_main_global_threshold_seed1,1,nbaiot_main,global_threshold,SimpleHome_XCS7_1003_WHT_Security_Camera,binary_attack,PASS,0.9999542883538755,831260,831298
nbaiot_main_global_threshold_seed0,0,nbaiot_main,global_threshold,Danmini_Doorbell,binary_attack,PASS,1.0,968750,968750
nbaiot_main_global_threshold_seed0,0,nbaiot_main,global_threshold,Ecobee_Thermostat,binary_attack,PASS,0.7573614759049689,623129,822763
nbaiot_main_global_threshold_seed0,0,nbaiot_main,global_threshold,Ennio_Doorbell,binary_attack,PASS,0.35118520859671304,111115,316400
nbaiot_main_global_threshold_seed0,0,nbaiot_main,global_threshold,Philips_B120N10_Baby_Monitor,binary_attack,PASS,0.785199206876051,725082,923437
nbaiot_main_global_threshold_seed0,0,nbaiot_main,global_threshold,Provision_PT_737E_Security_Camera,binary_attack,PASS,0.7279410421012236,557680,766106
nbaiot_main_global_threshold_seed0,0,nbaiot_main,global_threshold,Provision_PT_838_Security_Camera,binary_attack,PASS,0.7372561713054442,544373,738377
nbaiot_main_global_threshold_seed0,0,nbaiot_main,global_threshold,Samsung_SNH_1011_N_Webcam,binary_attack,PASS,0.9997647583201268,322996,323072
nbaiot_main_global_threshold_seed0,0,nbaiot_main,global_threshold,SimpleHome_XCS7_1002_WHT_Security_Camera,binary_attack,PASS,0.7640834763267771,623852,816471
nbaiot_main_global_threshold_seed0,0,nbaiot_main,global_threshold,SimpleHome_XCS7_1003_WHT_Security_Camera,binary_attack,PASS,0.7582960623025677,630370,831298
nbaiot_main_cluster_threshold_seed1,1,nbaiot_main,cluster_threshold,Danmini_Doorbell,binary_attack,PASS,1.0,968750,968750
nbaiot_main_cluster_threshold_seed1,1,nbaiot_main,cluster_threshold,Ecobee_Thermostat,binary_attack,PASS,0.7573432446524698,623114,822763
nbaiot_main_cluster_threshold_seed1,1,nbaiot_main,cluster_threshold,Ennio_Doorbell,binary_attack,PASS,0.3511662452591656,111109,316400
nbaiot_main_cluster_threshold_seed1,1,nbaiot_main,cluster_threshold,Philips_B120N10_Baby_Monitor,binary_attack,PASS,0.9999090354837418,923353,923437
nbaiot_main_cluster_threshold_seed1,1,nbaiot_main,cluster_threshold,Provision_PT_737E_Security_Camera,binary_attack,PASS,0.7280089178259928,557732,766106
nbaiot_main_cluster_threshold_seed1,1,nbaiot_main,cluster_threshold,Provision_PT_838_Security_Camera,binary_attack,PASS,0.9999634333138763,738350,738377
nbaiot_main_cluster_threshold_seed1,1,nbaiot_main,cluster_threshold,Samsung_SNH_1011_N_Webcam,binary_attack,PASS,0.35542232072107766,114827,323072
nbaiot_main_cluster_threshold_seed1,1,nbaiot_main,cluster_threshold,SimpleHome_XCS7_1002_WHT_Security_Camera,binary_attack,PASS,0.7639107818893751,623711,816471
nbaiot_main_cluster_threshold_seed1,1,nbaiot_main,cluster_threshold,SimpleHome_XCS7_1003_WHT_Security_Camera,binary_attack,PASS,0.7583117004972946,630383,831298
nbaiot_main_cluster_threshold_seed8,8,nbaiot_main,cluster_threshold,Danmini_Doorbell,binary_attack,PASS,1.0,968750,968750
nbaiot_main_cluster_threshold_seed8,8,nbaiot_main,cluster_threshold,Ecobee_Thermostat,binary_attack,PASS,0.7573456754861363,623116,822763
nbaiot_main_cluster_threshold_seed8,8,nbaiot_main,cluster_threshold,Ennio_Doorbell,binary_attack,PASS,0.3511820480404551,111114,316400
nbaiot_main_cluster_threshold_seed8,8,nbaiot_main,cluster_threshold,Philips_B120N10_Baby_Monitor,binary_attack,PASS,0.999906869661926,923351,923437
nbaiot_main_cluster_threshold_seed8,8,nbaiot_main,cluster_threshold,Provision_PT_737E_Security_Camera,binary_attack,PASS,0.9999921681856035,766100,766106
nbaiot_main_cluster_threshold_seed8,8,nbaiot_main,cluster_threshold,Provision_PT_838_Security_Camera,binary_attack,PASS,0.9999769765309591,738360,738377
nbaiot_main_cluster_threshold_seed8,8,nbaiot_main,cluster_threshold,Samsung_SNH_1011_N_Webcam,binary_attack,PASS,0.3551963648969889,114754,323072
nbaiot_main_cluster_threshold_seed8,8,nbaiot_main,cluster_threshold,SimpleHome_XCS7_1002_WHT_Security_Camera,binary_attack,PASS,0.7639071075396432,623708,816471
nbaiot_main_cluster_threshold_seed8,8,nbaiot_main,cluster_threshold,SimpleHome_XCS7_1003_WHT_Security_Camera,binary_attack,PASS,0.7582744094175614,630352,831298
nbaiot_main_cluster_threshold_seed9,9,nbaiot_main,cluster_threshold,Danmini_Doorbell,binary_attack,PASS,1.0,968750,968750
nbaiot_main_cluster_threshold_seed9,9,nbaiot_main,cluster_threshold,Ecobee_Thermostat,binary_attack,PASS,0.7573432446524698,623114,822763
nbaiot_main_cluster_threshold_seed9,9,nbaiot_main,cluster_threshold,Ennio_Doorbell,binary_attack,PASS,0.35118520859671304,111115,316400
nbaiot_main_cluster_threshold_seed9,9,nbaiot_main,cluster_threshold,Philips_B120N10_Baby_Monitor,binary_attack,PASS,0.9998906259983085,923336,923437
nbaiot_main_cluster_threshold_seed9,9,nbaiot_main,cluster_threshold,Provision_PT_737E_Security_Camera,binary_attack,PASS,0.7280036966163951,557728,766106
nbaiot_main_cluster_threshold_seed9,9,nbaiot_main,cluster_threshold,Provision_PT_838_Security_Camera,binary_attack,PASS,0.7373306589994001,544428,738377
nbaiot_main_cluster_threshold_seed9,9,nbaiot_main,cluster_threshold,Samsung_SNH_1011_N_Webcam,binary_attack,PASS,0.35515922147385104,114742,323072
nbaiot_main_cluster_threshold_seed9,9,nbaiot_main,cluster_threshold,SimpleHome_XCS7_1002_WHT_Security_Camera,binary_attack,PASS,0.7636719491567979,623516,816471
nbaiot_main_cluster_threshold_seed9,9,nbaiot_main,cluster_threshold,SimpleHome_XCS7_1003_WHT_Security_Camera,binary_attack,PASS,0.7582226830811574,630309,831298
nbaiot_main_cluster_threshold_seed6,6,nbaiot_main,cluster_threshold,Danmini_Doorbell,binary_attack,PASS,1.0,968750,968750
nbaiot_main_cluster_threshold_seed6,6,nbaiot_main,cluster_threshold,Ecobee_Thermostat,binary_attack,PASS,0.7573468909029696,623117,822763
nbaiot_main_cluster_threshold_seed6,6,nbaiot_main,cluster_threshold,Ennio_Doorbell,binary_attack,PASS,0.3511883691529709,111116,316400
nbaiot_main_cluster_threshold_seed6,6,nbaiot_main,cluster_threshold,Philips_B120N10_Baby_Monitor,binary_attack,PASS,0.9998982063746633,923343,923437
nbaiot_main_cluster_threshold_seed6,6,nbaiot_main,cluster_threshold,Provision_PT_737E_Security_Camera,binary_attack,PASS,0.7280050019187946,557729,766106
nbaiot_main_cluster_threshold_seed6,6,nbaiot_main,cluster_threshold,Provision_PT_838_Security_Camera,binary_attack,PASS,0.7373834775460233,544467,738377
nbaiot_main_cluster_threshold_seed6,6,nbaiot_main,cluster_threshold,Samsung_SNH_1011_N_Webcam,binary_attack,PASS,0.35524279417591126,114769,323072
nbaiot_main_cluster_threshold_seed6,6,nbaiot_main,cluster_threshold,SimpleHome_XCS7_1002_WHT_Security_Camera,binary_attack,PASS,0.7637295139692653,623563,816471
nbaiot_main_cluster_threshold_seed6,6,nbaiot_main,cluster_threshold,SimpleHome_XCS7_1003_WHT_Security_Camera,binary_attack,PASS,0.7582864387981205,630362,831298
nbaiot_main_cluster_threshold_seed7,7,nbaiot_main,cluster_threshold,Danmini_Doorbell,binary_attack,PASS,1.0,968750,968750
nbaiot_main_cluster_threshold_seed7,7,nbaiot_main,cluster_threshold,Ecobee_Thermostat,binary_attack,PASS,0.9999975691663334,822761,822763
nbaiot_main_cluster_threshold_seed7,7,nbaiot_main,cluster_threshold,Ennio_Doorbell,binary_attack,PASS,0.35118520859671304,111115,316400
nbaiot_main_cluster_threshold_seed7,7,nbaiot_main,cluster_threshold,Philips_B120N10_Baby_Monitor,binary_attack,PASS,0.7852771764614154,725154,923437
nbaiot_main_cluster_threshold_seed7,7,nbaiot_main,cluster_threshold,Provision_PT_737E_Security_Camera,binary_attack,PASS,0.7279971701043981,557723,766106
nbaiot_main_cluster_threshold_seed7,7,nbaiot_main,cluster_threshold,Provision_PT_838_Security_Camera,binary_attack,PASS,0.7373089898520674,544412,738377
nbaiot_main_cluster_threshold_seed7,7,nbaiot_main,cluster_threshold,Samsung_SNH_1011_N_Webcam,binary_attack,PASS,0.9996595186212361,322962,323072
nbaiot_main_cluster_threshold_seed7,7,nbaiot_main,cluster_threshold,SimpleHome_XCS7_1002_WHT_Security_Camera,binary_attack,PASS,0.764005090199162,623788,816471
nbaiot_main_cluster_threshold_seed7,7,nbaiot_main,cluster_threshold,SimpleHome_XCS7_1003_WHT_Security_Camera,binary_attack,PASS,0.9999254178405337,831236,831298
nbaiot_main_global_threshold_seed4,4,nbaiot_main,global_threshold,Danmini_Doorbell,binary_attack,PASS,1.0,968750,968750
nbaiot_main_global_threshold_seed4,4,nbaiot_main,global_threshold,Ecobee_Thermostat,binary_attack,PASS,0.9999720454128346,822740,822763
nbaiot_main_global_threshold_seed4,4,nbaiot_main,global_threshold,Ennio_Doorbell,binary_attack,PASS,0.3511820480404551,111114,316400
nbaiot_main_global_threshold_seed4,4,nbaiot_main,global_threshold,Philips_B120N10_Baby_Monitor,binary_attack,PASS,0.7851959581433275,725079,923437
nbaiot_main_global_threshold_seed4,4,nbaiot_main,global_threshold,Provision_PT_737E_Security_Camera,binary_attack,PASS,0.7279593163348153,557694,766106
nbaiot_main_global_threshold_seed4,4,nbaiot_main,global_threshold,Provision_PT_838_Security_Camera,binary_attack,PASS,0.7372751318093602,544387,738377
nbaiot_main_global_threshold_seed4,4,nbaiot_main,global_threshold,Samsung_SNH_1011_N_Webcam,binary_attack,PASS,0.35548422642630745,114847,323072
nbaiot_main_global_threshold_seed4,4,nbaiot_main,global_threshold,SimpleHome_XCS7_1002_WHT_Security_Camera,binary_attack,PASS,0.7641153206911206,623878,816471
nbaiot_main_global_threshold_seed4,4,nbaiot_main,global_threshold,SimpleHome_XCS7_1003_WHT_Security_Camera,binary_attack,PASS,0.7583273386920214,630396,831298
nbaiot_main_global_threshold_seed5,5,nbaiot_main,global_threshold,Danmini_Doorbell,binary_attack,PASS,1.0,968750,968750
nbaiot_main_global_threshold_seed5,5,nbaiot_main,global_threshold,Ecobee_Thermostat,binary_attack,PASS,0.9999902766653338,822755,822763
nbaiot_main_global_threshold_seed5,5,nbaiot_main,global_threshold,Ennio_Doorbell,binary_attack,PASS,0.3511946902654867,111118,316400
nbaiot_main_global_threshold_seed5,5,nbaiot_main,global_threshold,Philips_B120N10_Baby_Monitor,binary_attack,PASS,0.7851937923215119,725077,923437
nbaiot_main_global_threshold_seed5,5,nbaiot_main,global_threshold,Provision_PT_737E_Security_Camera,binary_attack,PASS,0.727935820891626,557676,766106
nbaiot_main_global_threshold_seed5,5,nbaiot_main,global_threshold,Provision_PT_838_Security_Camera,binary_attack,PASS,0.7372588799488609,544375,738377
nbaiot_main_global_threshold_seed5,5,nbaiot_main,global_threshold,Samsung_SNH_1011_N_Webcam,binary_attack,PASS,0.9998854744453248,323035,323072
nbaiot_main_global_threshold_seed5,5,nbaiot_main,global_threshold,SimpleHome_XCS7_1002_WHT_Security_Camera,binary_attack,PASS,0.7642182024836155,623962,816471
nbaiot_main_global_threshold_seed5,5,nbaiot_main,global_threshold,SimpleHome_XCS7_1003_WHT_Security_Camera,binary_attack,PASS,0.9999807529911054,831282,831298
nbaiot_main_global_threshold_seed6,6,nbaiot_main,global_threshold,Danmini_Doorbell,binary_attack,PASS,1.0,968750,968750
nbaiot_main_global_threshold_seed6,6,nbaiot_main,global_threshold,Ecobee_Thermostat,binary_attack,PASS,0.9999720454128346,822740,822763
nbaiot_main_global_threshold_seed6,6,nbaiot_main,global_threshold,Ennio_Doorbell,binary_attack,PASS,0.35117888748419723,111113,316400
nbaiot_main_global_threshold_seed6,6,nbaiot_main,global_threshold,Philips_B120N10_Baby_Monitor,binary_attack,PASS,0.7851970410542354,725080,923437
nbaiot_main_global_threshold_seed6,6,nbaiot_main,global_threshold,Provision_PT_737E_Security_Camera,binary_attack,PASS,0.7279540951252177,557690,766106
nbaiot_main_global_threshold_seed6,6,nbaiot_main,global_threshold,Provision_PT_838_Security_Camera,binary_attack,PASS,0.7372656515574022,544380,738377
nbaiot_main_global_threshold_seed6,6,nbaiot_main,global_threshold,Samsung_SNH_1011_N_Webcam,binary_attack,PASS,0.9998916650158478,323037,323072
nbaiot_main_global_threshold_seed6,6,nbaiot_main,global_threshold,SimpleHome_XCS7_1002_WHT_Security_Camera,binary_attack,PASS,0.764087150676509,623855,816471
nbaiot_main_global_threshold_seed6,6,nbaiot_main,global_threshold,SimpleHome_XCS7_1003_WHT_Security_Camera,binary_attack,PASS,0.9999723324247142,831275,831298
nbaiot_main_global_threshold_seed7,7,nbaiot_main,global_threshold,Danmini_Doorbell,binary_attack,PASS,1.0,968750,968750
nbaiot_main_global_threshold_seed7,7,nbaiot_main,global_threshold,Ecobee_Thermostat,binary_attack,PASS,0.9999829841643341,822749,822763
nbaiot_main_global_threshold_seed7,7,nbaiot_main,global_threshold,Ennio_Doorbell,binary_attack,PASS,0.35117888748419723,111113,316400
nbaiot_main_global_threshold_seed7,7,nbaiot_main,global_threshold,Philips_B120N10_Baby_Monitor,binary_attack,PASS,0.7852013726978668,725084,923437
nbaiot_main_global_threshold_seed7,7,nbaiot_main,global_threshold,Provision_PT_737E_Security_Camera,binary_attack,PASS,0.7279462633108212,557684,766106
nbaiot_main_global_threshold_seed7,7,nbaiot_main,global_threshold,Provision_PT_838_Security_Camera,binary_attack,PASS,0.737264297235694,544379,738377
nbaiot_main_global_threshold_seed7,7,nbaiot_main,global_threshold,Samsung_SNH_1011_N_Webcam,binary_attack,PASS,0.9999071414421553,323042,323072
nbaiot_main_global_threshold_seed7,7,nbaiot_main,global_threshold,SimpleHome_XCS7_1002_WHT_Security_Camera,binary_attack,PASS,0.9998836455918214,816376,816471
nbaiot_main_global_threshold_seed7,7,nbaiot_main,global_threshold,SimpleHome_XCS7_1003_WHT_Security_Camera,binary_attack,PASS,0.9999627089202668,831267,831298
nbaiot_main_global_threshold_seed8,8,nbaiot_main,global_threshold,Danmini_Doorbell,binary_attack,PASS,1.0,968750,968750
nbaiot_main_global_threshold_seed8,8,nbaiot_main,global_threshold,Ecobee_Thermostat,binary_attack,PASS,0.9999708299960013,822739,822763
nbaiot_main_global_threshold_seed8,8,nbaiot_main,global_threshold,Ennio_Doorbell,binary_attack,PASS,0.3511757269279393,111112,316400
nbaiot_main_global_threshold_seed8,8,nbaiot_main,global_threshold,Philips_B120N10_Baby_Monitor,binary_attack,PASS,0.7851948752324197,725078,923437
nbaiot_main_global_threshold_seed8,8,nbaiot_main,global_threshold,Provision_PT_737E_Security_Camera,binary_attack,PASS,0.7279436527060225,557682,766106
nbaiot_main_global_threshold_seed8,8,nbaiot_main,global_threshold,Provision_PT_838_Security_Camera,binary_attack,PASS,0.7372575256271525,544374,738377
nbaiot_main_global_threshold_seed8,8,nbaiot_main,global_threshold,Samsung_SNH_1011_N_Webcam,binary_attack,PASS,0.9998266640253566,323016,323072
nbaiot_main_global_threshold_seed8,8,nbaiot_main,global_threshold,SimpleHome_XCS7_1002_WHT_Security_Camera,binary_attack,PASS,0.76417655985332,623928,816471
nbaiot_main_global_threshold_seed8,8,nbaiot_main,global_threshold,SimpleHome_XCS7_1003_WHT_Security_Camera,binary_attack,PASS,0.9999494766016519,831256,831298
nbaiot_main_global_threshold_seed9,9,nbaiot_main,global_threshold,Danmini_Doorbell,binary_attack,PASS,1.0,968750,968750
nbaiot_main_global_threshold_seed9,9,nbaiot_main,global_threshold,Ecobee_Thermostat,binary_attack,PASS,0.7573566142376359,623125,822763
nbaiot_main_global_threshold_seed9,9,nbaiot_main,global_threshold,Ennio_Doorbell,binary_attack,PASS,0.3511820480404551,111114,316400
nbaiot_main_global_threshold_seed9,9,nbaiot_main,global_threshold,Philips_B120N10_Baby_Monitor,binary_attack,PASS,0.7851840461233414,725068,923437
nbaiot_main_global_threshold_seed9,9,nbaiot_main,global_threshold,Provision_PT_737E_Security_Camera,binary_attack,PASS,0.7279162413556348,557661,766106
nbaiot_main_global_threshold_seed9,9,nbaiot_main,global_threshold,Provision_PT_838_Security_Camera,binary_attack,PASS,0.7372466910534863,544366,738377
nbaiot_main_global_threshold_seed9,9,nbaiot_main,global_threshold,Samsung_SNH_1011_N_Webcam,binary_attack,PASS,0.9998111875990491,323011,323072
nbaiot_main_global_threshold_seed9,9,nbaiot_main,global_threshold,SimpleHome_XCS7_1002_WHT_Security_Camera,binary_attack,PASS,0.7639548740861586,623747,816471
nbaiot_main_global_threshold_seed9,9,nbaiot_main,global_threshold,SimpleHome_XCS7_1003_WHT_Security_Camera,binary_attack,PASS,0.7582972652406237,630371,831298
nbaiot_main_local_threshold_seed0,0,nbaiot_main,local_threshold,Danmini_Doorbell,binary_attack,PASS,1.0,968750,968750
nbaiot_main_local_threshold_seed0,0,nbaiot_main,local_threshold,Ecobee_Thermostat,binary_attack,PASS,0.9999781224970009,822745,822763
nbaiot_main_local_threshold_seed0,0,nbaiot_main,local_threshold,Ennio_Doorbell,binary_attack,PASS,0.35119785082174465,111119,316400
nbaiot_main_local_threshold_seed0,0,nbaiot_main,local_threshold,Philips_B120N10_Baby_Monitor,binary_attack,PASS,0.9999144500382809,923358,923437
nbaiot_main_local_threshold_seed0,0,nbaiot_main,local_threshold,Provision_PT_737E_Security_Camera,binary_attack,PASS,0.7280023913139957,557727,766106
nbaiot_main_local_threshold_seed0,0,nbaiot_main,local_threshold,Provision_PT_838_Security_Camera,binary_attack,PASS,0.7373252417125669,544424,738377
nbaiot_main_local_threshold_seed0,0,nbaiot_main,local_threshold,Samsung_SNH_1011_N_Webcam,binary_attack,PASS,0.35524898474643424,114771,323072
nbaiot_main_local_threshold_seed0,0,nbaiot_main,local_threshold,SimpleHome_XCS7_1002_WHT_Security_Camera,binary_attack,PASS,0.7634857821037122,623364,816471
nbaiot_main_local_threshold_seed0,0,nbaiot_main,local_threshold,SimpleHome_XCS7_1003_WHT_Security_Camera,binary_attack,PASS,0.7582587712228347,630339,831298
nbaiot_main_local_threshold_seed1,1,nbaiot_main,local_threshold,Danmini_Doorbell,binary_attack,PASS,1.0,968750,968750
nbaiot_main_local_threshold_seed1,1,nbaiot_main,local_threshold,Ecobee_Thermostat,binary_attack,PASS,0.7573590450713025,623127,822763
nbaiot_main_local_threshold_seed1,1,nbaiot_main,local_threshold,Ennio_Doorbell,binary_attack,PASS,0.3511946902654867,111118,316400
nbaiot_main_local_threshold_seed1,1,nbaiot_main,local_threshold,Philips_B120N10_Baby_Monitor,binary_attack,PASS,0.9999285278800828,923371,923437
nbaiot_main_local_threshold_seed1,1,nbaiot_main,local_threshold,Provision_PT_737E_Security_Camera,binary_attack,PASS,0.7280089178259928,557732,766106
nbaiot_main_local_threshold_seed1,1,nbaiot_main,local_threshold,Provision_PT_838_Security_Camera,binary_attack,PASS,0.7373428478947747,544437,738377
nbaiot_main_local_threshold_seed1,1,nbaiot_main,local_threshold,Samsung_SNH_1011_N_Webcam,binary_attack,PASS,0.35524588946117275,114770,323072
nbaiot_main_local_threshold_seed1,1,nbaiot_main,local_threshold,SimpleHome_XCS7_1002_WHT_Security_Camera,binary_attack,PASS,0.7637748309492928,623600,816471
nbaiot_main_local_threshold_seed1,1,nbaiot_main,local_threshold,SimpleHome_XCS7_1003_WHT_Security_Camera,binary_attack,PASS,0.7582924534884,630367,831298
nbaiot_main_local_threshold_seed2,2,nbaiot_main,local_threshold,Danmini_Doorbell,binary_attack,PASS,1.0,968750,968750
nbaiot_main_local_threshold_seed2,2,nbaiot_main,local_threshold,Ecobee_Thermostat,binary_attack,PASS,0.9999927074990003,822757,822763
nbaiot_main_local_threshold_seed2,2,nbaiot_main,local_threshold,Ennio_Doorbell,binary_attack,PASS,0.3512231352718078,111127,316400
nbaiot_main_local_threshold_seed2,2,nbaiot_main,local_threshold,Philips_B120N10_Baby_Monitor,binary_attack,PASS,0.9999263620582671,923369,923437
nbaiot_main_local_threshold_seed2,2,nbaiot_main,local_threshold,Provision_PT_737E_Security_Camera,binary_attack,PASS,0.7280115284307915,557734,766106
nbaiot_main_local_threshold_seed2,2,nbaiot_main,local_threshold,Provision_PT_838_Security_Camera,binary_attack,PASS,0.7373103441737757,544413,738377
nbaiot_main_local_threshold_seed2,2,nbaiot_main,local_threshold,Samsung_SNH_1011_N_Webcam,binary_attack,PASS,0.3552087460380349,114758,323072
nbaiot_main_local_threshold_seed2,2,nbaiot_main,local_threshold,SimpleHome_XCS7_1002_WHT_Security_Camera,binary_attack,PASS,0.7638568914266398,623667,816471
nbaiot_main_local_threshold_seed2,2,nbaiot_main,local_threshold,SimpleHome_XCS7_1003_WHT_Security_Camera,binary_attack,PASS,0.7582924534884,630367,831298
nbaiot_main_local_threshold_seed3,3,nbaiot_main,local_threshold,Danmini_Doorbell,binary_attack,PASS,1.0,968750,968750
nbaiot_main_local_threshold_seed3,3,nbaiot_main,local_threshold,Ecobee_Thermostat,binary_attack,PASS,0.9999890612485005,822754,822763
nbaiot_main_local_threshold_seed3,3,nbaiot_main,local_threshold,Ennio_Doorbell,binary_attack,PASS,0.35123577749683943,111131,316400
nbaiot_main_local_threshold_seed3,3,nbaiot_main,local_threshold,Philips_B120N10_Baby_Monitor,binary_attack,PASS,0.9999047038401103,923349,923437
nbaiot_main_local_threshold_seed3,3,nbaiot_main,local_threshold,Provision_PT_737E_Security_Camera,binary_attack,PASS,0.7280089178259928,557732,766106
nbaiot_main_local_threshold_seed3,3,nbaiot_main,local_threshold,Provision_PT_838_Security_Camera,binary_attack,PASS,0.7373347219645249,544431,738377
nbaiot_main_local_threshold_seed3,3,nbaiot_main,local_threshold,Samsung_SNH_1011_N_Webcam,binary_attack,PASS,0.35513136390649763,114733,323072
nbaiot_main_local_threshold_seed3,3,nbaiot_main,local_threshold,SimpleHome_XCS7_1002_WHT_Security_Camera,binary_attack,PASS,0.7633510559468738,623254,816471
nbaiot_main_local_threshold_seed3,3,nbaiot_main,local_threshold,SimpleHome_XCS7_1003_WHT_Security_Camera,binary_attack,PASS,0.7583129034353505,630384,831298
nbaiot_main_local_threshold_seed4,4,nbaiot_main,local_threshold,Danmini_Doorbell,binary_attack,PASS,1.0,968750,968750
nbaiot_main_local_threshold_seed4,4,nbaiot_main,local_threshold,Ecobee_Thermostat,binary_attack,PASS,0.9999854149980006,822751,822763
nbaiot_main_local_threshold_seed4,4,nbaiot_main,local_threshold,Ennio_Doorbell,binary_attack,PASS,0.3512010113780025,111120,316400
nbaiot_main_local_threshold_seed4,4,nbaiot_main,local_threshold,Philips_B120N10_Baby_Monitor,binary_attack,PASS,0.9999047038401103,923349,923437
nbaiot_main_local_threshold_seed4,4,nbaiot_main,local_threshold,Provision_PT_737E_Security_Camera,binary_attack,PASS,0.728019360245188,557740,766106
nbaiot_main_local_threshold_seed4,4,nbaiot_main,local_threshold,Provision_PT_838_Security_Camera,binary_attack,PASS,0.7373550367901492,544446,738377
nbaiot_main_local_threshold_seed4,4,nbaiot_main,local_threshold,Samsung_SNH_1011_N_Webcam,binary_attack,PASS,0.35523969889064977,114768,323072
nbaiot_main_local_threshold_seed4,4,nbaiot_main,local_threshold,SimpleHome_XCS7_1002_WHT_Security_Camera,binary_attack,PASS,0.7638728136088115,623680,816471
nbaiot_main_local_threshold_seed4,4,nbaiot_main,local_threshold,SimpleHome_XCS7_1003_WHT_Security_Camera,binary_attack,PASS,0.7582864387981205,630362,831298
nbaiot_main_local_threshold_seed5,5,nbaiot_main,local_threshold,Danmini_Doorbell,binary_attack,PASS,1.0,968750,968750
nbaiot_main_local_threshold_seed5,5,nbaiot_main,local_threshold,Ecobee_Thermostat,binary_attack,PASS,0.9999939229158336,822758,822763
nbaiot_main_local_threshold_seed5,5,nbaiot_main,local_threshold,Ennio_Doorbell,binary_attack,PASS,0.3512231352718078,111127,316400
nbaiot_main_local_threshold_seed5,5,nbaiot_main,local_threshold,Philips_B120N10_Baby_Monitor,binary_attack,PASS,0.9999426057218846,923384,923437
nbaiot_main_local_threshold_seed5,5,nbaiot_main,local_threshold,Provision_PT_737E_Security_Camera,binary_attack,PASS,0.7280102231283921,557733,766106
nbaiot_main_local_threshold_seed5,5,nbaiot_main,local_threshold,Provision_PT_838_Security_Camera,binary_attack,PASS,0.7373252417125669,544424,738377
nbaiot_main_local_threshold_seed5,5,nbaiot_main,local_threshold,Samsung_SNH_1011_N_Webcam,binary_attack,PASS,0.3552892234548336,114784,323072
nbaiot_main_local_threshold_seed5,5,nbaiot_main,local_threshold,SimpleHome_XCS7_1002_WHT_Security_Camera,binary_attack,PASS,0.7640687789278492,623840,816471
nbaiot_main_local_threshold_seed5,5,nbaiot_main,local_threshold,SimpleHome_XCS7_1003_WHT_Security_Camera,binary_attack,PASS,0.7582972652406237,630371,831298
nbaiot_main_local_threshold_seed6,6,nbaiot_main,local_threshold,Danmini_Doorbell,binary_attack,PASS,1.0,968750,968750
nbaiot_main_local_threshold_seed6,6,nbaiot_main,local_threshold,Ecobee_Thermostat,binary_attack,PASS,0.9999902766653338,822755,822763
nbaiot_main_local_threshold_seed6,6,nbaiot_main,local_threshold,Ennio_Doorbell,binary_attack,PASS,0.35120417193426046,111121,316400
nbaiot_main_local_threshold_seed6,6,nbaiot_main,local_threshold,Philips_B120N10_Baby_Monitor,binary_attack,PASS,0.9999014551073868,923346,923437
nbaiot_main_local_threshold_seed6,6,nbaiot_main,local_threshold,Provision_PT_737E_Security_Camera,binary_attack,PASS,0.7280141390355904,557736,766106
nbaiot_main_local_threshold_seed6,6,nbaiot_main,local_threshold,Provision_PT_838_Security_Camera,binary_attack,PASS,0.7373320133211083,544429,738377
nbaiot_main_local_threshold_seed6,6,nbaiot_main,local_threshold,Samsung_SNH_1011_N_Webcam,binary_attack,PASS,0.3551994601822504,114755,323072
nbaiot_main_local_threshold_seed6,6,nbaiot_main,local_threshold,SimpleHome_XCS7_1002_WHT_Security_Camera,binary_attack,PASS,0.7634710847047844,623352,816471
nbaiot_main_local_threshold_seed6,6,nbaiot_main,local_threshold,SimpleHome_XCS7_1003_WHT_Security_Camera,binary_attack,PASS,0.7582611770989465,630341,831298
nbaiot_main_local_threshold_seed7,7,nbaiot_main,local_threshold,Danmini_Doorbell,binary_attack,PASS,1.0,968750,968750
nbaiot_main_local_threshold_seed7,7,nbaiot_main,local_threshold,Ecobee_Thermostat,binary_attack,PASS,0.9999866304148339,822752,822763
nbaiot_main_local_threshold_seed7,7,nbaiot_main,local_threshold,Ennio_Doorbell,binary_attack,PASS,0.9999525916561315,316385,316400
nbaiot_main_local_threshold_seed7,7,nbaiot_main,local_threshold,Philips_B120N10_Baby_Monitor,binary_attack,PASS,0.9999112013055574,923355,923437
nbaiot_main_local_threshold_seed7,7,nbaiot_main,local_threshold,Provision_PT_737E_Security_Camera,binary_attack,PASS,0.7279984754067975,557724,766106
nbaiot_main_local_threshold_seed7,7,nbaiot_main,local_threshold,Provision_PT_838_Security_Camera,binary_attack,PASS,0.7373035725652343,544408,738377
nbaiot_main_local_threshold_seed7,7,nbaiot_main,local_threshold,Samsung_SNH_1011_N_Webcam,binary_attack,PASS,0.9996347563391442,322954,323072
nbaiot_main_local_threshold_seed7,7,nbaiot_main,local_threshold,SimpleHome_XCS7_1002_WHT_Security_Camera,binary_attack,PASS,0.7641238941738285,623885,816471
nbaiot_main_local_threshold_seed7,7,nbaiot_main,local_threshold,SimpleHome_XCS7_1003_WHT_Security_Camera,binary_attack,PASS,0.9999121855219187,831225,831298
nbaiot_main_local_threshold_seed8,8,nbaiot_main,local_threshold,Danmini_Doorbell,binary_attack,PASS,1.0,968750,968750
nbaiot_main_local_threshold_seed8,8,nbaiot_main,local_threshold,Ecobee_Thermostat,binary_attack,PASS,0.9999866304148339,822752,822763
nbaiot_main_local_threshold_seed8,8,nbaiot_main,local_threshold,Ennio_Doorbell,binary_attack,PASS,0.9999399494310999,316381,316400
nbaiot_main_local_threshold_seed8,8,nbaiot_main,local_threshold,Philips_B120N10_Baby_Monitor,binary_attack,PASS,0.9999101183946496,923354,923437
nbaiot_main_local_threshold_seed8,8,nbaiot_main,local_threshold,Provision_PT_737E_Security_Camera,binary_attack,PASS,0.9999921681856035,766100,766106
nbaiot_main_local_threshold_seed8,8,nbaiot_main,local_threshold,Provision_PT_838_Security_Camera,binary_attack,PASS,0.9999634333138763,738350,738377
nbaiot_main_local_threshold_seed8,8,nbaiot_main,local_threshold,Samsung_SNH_1011_N_Webcam,binary_attack,PASS,0.35518088847068147,114749,323072
nbaiot_main_local_threshold_seed8,8,nbaiot_main,local_threshold,SimpleHome_XCS7_1002_WHT_Security_Camera,binary_attack,PASS,0.7635996869454028,623457,816471
nbaiot_main_local_threshold_seed8,8,nbaiot_main,local_threshold,SimpleHome_XCS7_1003_WHT_Security_Camera,binary_attack,PASS,0.9998929385130242,831209,831298
nbaiot_main_local_threshold_seed9,9,nbaiot_main,local_threshold,Danmini_Doorbell,binary_attack,PASS,1.0,968750,968750
nbaiot_main_local_threshold_seed9,9,nbaiot_main,local_threshold,Ecobee_Thermostat,binary_attack,PASS,0.9999781224970009,822745,822763
nbaiot_main_local_threshold_seed9,9,nbaiot_main,local_threshold,Ennio_Doorbell,binary_attack,PASS,0.35120417193426046,111121,316400
nbaiot_main_local_threshold_seed9,9,nbaiot_main,local_threshold,Philips_B120N10_Baby_Monitor,binary_attack,PASS,0.999900372196479,923345,923437
nbaiot_main_local_threshold_seed9,9,nbaiot_main,local_threshold,Provision_PT_737E_Security_Camera,binary_attack,PASS,0.7280089178259928,557732,766106
nbaiot_main_local_threshold_seed9,9,nbaiot_main,local_threshold,Provision_PT_838_Security_Camera,binary_attack,PASS,0.7373049268869426,544409,738377
nbaiot_main_local_threshold_seed9,9,nbaiot_main,local_threshold,Samsung_SNH_1011_N_Webcam,binary_attack,PASS,0.3551096969096672,114726,323072
nbaiot_main_local_threshold_seed9,9,nbaiot_main,local_threshold,SimpleHome_XCS7_1002_WHT_Security_Camera,binary_attack,PASS,0.763504153852372,623379,816471
nbaiot_main_local_threshold_seed9,9,nbaiot_main,local_threshold,SimpleHome_XCS7_1003_WHT_Security_Camera,binary_attack,PASS,0.7582106537005984,630299,831298
nbaiot_main_cluster_threshold_seed3,3,nbaiot_main,cluster_threshold,Danmini_Doorbell,binary_attack,PASS,1.0,968750,968750
nbaiot_main_cluster_threshold_seed3,3,nbaiot_main,cluster_threshold,Ecobee_Thermostat,binary_attack,PASS,0.7573493217366362,623119,822763
nbaiot_main_cluster_threshold_seed3,3,nbaiot_main,cluster_threshold,Ennio_Doorbell,binary_attack,PASS,0.3511883691529709,111116,316400
nbaiot_main_cluster_threshold_seed3,3,nbaiot_main,cluster_threshold,Philips_B120N10_Baby_Monitor,binary_attack,PASS,0.9999036209292025,923348,923437
nbaiot_main_cluster_threshold_seed3,3,nbaiot_main,cluster_threshold,Provision_PT_737E_Security_Camera,binary_attack,PASS,0.7280076125235934,557731,766106
nbaiot_main_cluster_threshold_seed3,3,nbaiot_main,cluster_threshold,Provision_PT_838_Security_Camera,binary_attack,PASS,0.7373374306079414,544433,738377
nbaiot_main_cluster_threshold_seed3,3,nbaiot_main,cluster_threshold,Samsung_SNH_1011_N_Webcam,binary_attack,PASS,0.3552892234548336,114784,323072
nbaiot_main_cluster_threshold_seed3,3,nbaiot_main,cluster_threshold,SimpleHome_XCS7_1002_WHT_Security_Camera,binary_attack,PASS,0.7636339808762345,623485,816471
nbaiot_main_cluster_threshold_seed3,3,nbaiot_main,cluster_threshold,SimpleHome_XCS7_1003_WHT_Security_Camera,binary_attack,PASS,0.7583020769928474,630375,831298
nbaiot_main_cluster_threshold_seed0,0,nbaiot_main,cluster_threshold,Danmini_Doorbell,binary_attack,PASS,1.0,968750,968750
nbaiot_main_cluster_threshold_seed0,0,nbaiot_main,cluster_threshold,Ecobee_Thermostat,binary_attack,PASS,0.7573432446524698,623114,822763
nbaiot_main_cluster_threshold_seed0,0,nbaiot_main,cluster_threshold,Ennio_Doorbell,binary_attack,PASS,0.35119785082174465,111119,316400
nbaiot_main_cluster_threshold_seed0,0,nbaiot_main,cluster_threshold,Philips_B120N10_Baby_Monitor,binary_attack,PASS,0.999893874731032,923339,923437
nbaiot_main_cluster_threshold_seed0,0,nbaiot_main,cluster_threshold,Provision_PT_737E_Security_Camera,binary_attack,PASS,0.7280023913139957,557727,766106
nbaiot_main_cluster_threshold_seed0,0,nbaiot_main,cluster_threshold,Provision_PT_838_Security_Camera,binary_attack,PASS,0.7373482651816078,544441,738377
nbaiot_main_cluster_threshold_seed0,0,nbaiot_main,cluster_threshold,Samsung_SNH_1011_N_Webcam,binary_attack,PASS,0.3552551753169572,114773,323072
nbaiot_main_cluster_threshold_seed0,0,nbaiot_main,cluster_threshold,SimpleHome_XCS7_1002_WHT_Security_Camera,binary_attack,PASS,0.763836070111492,623650,816471
nbaiot_main_cluster_threshold_seed0,0,nbaiot_main,cluster_threshold,SimpleHome_XCS7_1003_WHT_Security_Camera,binary_attack,PASS,0.7582611770989465,630341,831298
nbaiot_main_cluster_threshold_seed5,5,nbaiot_main,cluster_threshold,Danmini_Doorbell,binary_attack,PASS,1.0,968750,968750
nbaiot_main_cluster_threshold_seed5,5,nbaiot_main,cluster_threshold,Ecobee_Thermostat,binary_attack,PASS,0.9999611066613351,822731,822763
nbaiot_main_cluster_threshold_seed5,5,nbaiot_main,cluster_threshold,Ennio_Doorbell,binary_attack,PASS,0.9999715549936788,316391,316400
nbaiot_main_cluster_threshold_seed5,5,nbaiot_main,cluster_threshold,Philips_B120N10_Baby_Monitor,binary_attack,PASS,0.9999090354837418,923353,923437
nbaiot_main_cluster_threshold_seed5,5,nbaiot_main,cluster_threshold,Provision_PT_737E_Security_Camera,binary_attack,PASS,0.7280102231283921,557733,766106
nbaiot_main_cluster_threshold_seed5,5,nbaiot_main,cluster_threshold,Provision_PT_838_Security_Camera,binary_attack,PASS,0.7373482651816078,544441,738377
nbaiot_main_cluster_threshold_seed5,5,nbaiot_main,cluster_threshold,Samsung_SNH_1011_N_Webcam,binary_attack,PASS,0.35536041501584786,114807,323072
nbaiot_main_cluster_threshold_seed5,5,nbaiot_main,cluster_threshold,SimpleHome_XCS7_1002_WHT_Security_Camera,binary_attack,PASS,0.7641189950408527,623881,816471
nbaiot_main_cluster_threshold_seed5,5,nbaiot_main,cluster_threshold,SimpleHome_XCS7_1003_WHT_Security_Camera,binary_attack,PASS,0.9999386501591487,831247,831298
nbaiot_main_global_threshold_seed3,3,nbaiot_main,global_threshold,Danmini_Doorbell,binary_attack,PASS,1.0,968750,968750
nbaiot_main_global_threshold_seed3,3,nbaiot_main,global_threshold,Ecobee_Thermostat,binary_attack,PASS,0.7573639067386355,623131,822763
nbaiot_main_global_threshold_seed3,3,nbaiot_main,global_threshold,Ennio_Doorbell,binary_attack,PASS,0.3511820480404551,111114,316400
nbaiot_main_global_threshold_seed3,3,nbaiot_main,global_threshold,Philips_B120N10_Baby_Monitor,binary_attack,PASS,0.7851948752324197,725078,923437
nbaiot_main_global_threshold_seed3,3,nbaiot_main,global_threshold,Provision_PT_737E_Security_Camera,binary_attack,PASS,0.7279214625652325,557665,766106
nbaiot_main_global_threshold_seed3,3,nbaiot_main,global_threshold,Provision_PT_838_Security_Camera,binary_attack,PASS,0.7372426280883614,544363,738377
nbaiot_main_global_threshold_seed3,3,nbaiot_main,global_threshold,Samsung_SNH_1011_N_Webcam,binary_attack,PASS,0.3554718452852615,114843,323072
nbaiot_main_global_threshold_seed3,3,nbaiot_main,global_threshold,SimpleHome_XCS7_1002_WHT_Security_Camera,binary_attack,PASS,0.7640504071791895,623825,816471
nbaiot_main_global_threshold_seed3,3,nbaiot_main,global_threshold,SimpleHome_XCS7_1003_WHT_Security_Camera,binary_attack,PASS,0.9999578971680432,831263,831298
nbaiot_main_cluster_threshold_seed4,4,nbaiot_main,cluster_threshold,Danmini_Doorbell,binary_attack,PASS,1.0,968750,968750
nbaiot_main_cluster_threshold_seed4,4,nbaiot_main,cluster_threshold,Ecobee_Thermostat,binary_attack,PASS,0.9999975691663334,822761,822763
nbaiot_main_cluster_threshold_seed4,4,nbaiot_main,cluster_threshold,Ennio_Doorbell,binary_attack,PASS,0.35121997471554994,111126,316400
nbaiot_main_cluster_threshold_seed4,4,nbaiot_main,cluster_threshold,Philips_B120N10_Baby_Monitor,binary_attack,PASS,0.7852576840650742,725136,923437
nbaiot_main_cluster_threshold_seed4,4,nbaiot_main,cluster_threshold,Provision_PT_737E_Security_Camera,binary_attack,PASS,0.7280076125235934,557731,766106
nbaiot_main_cluster_threshold_seed4,4,nbaiot_main,cluster_threshold,Provision_PT_838_Security_Camera,binary_attack,PASS,0.7373794145808984,544464,738377
nbaiot_main_cluster_threshold_seed4,4,nbaiot_main,cluster_threshold,Samsung_SNH_1011_N_Webcam,binary_attack,PASS,0.35523969889064977,114768,323072
nbaiot_main_cluster_threshold_seed4,4,nbaiot_main,cluster_threshold,SimpleHome_XCS7_1002_WHT_Security_Camera,binary_attack,PASS,0.7639291536380349,623726,816471
nbaiot_main_cluster_threshold_seed4,4,nbaiot_main,cluster_threshold,SimpleHome_XCS7_1003_WHT_Security_Camera,binary_attack,PASS,0.758280424107841,630357,831298
nbaiot_main_cluster_threshold_seed2,2,nbaiot_main,cluster_threshold,Danmini_Doorbell,binary_attack,PASS,1.0,968750,968750
nbaiot_main_cluster_threshold_seed2,2,nbaiot_main,cluster_threshold,Ecobee_Thermostat,binary_attack,PASS,0.7573541834039693,623123,822763
nbaiot_main_cluster_threshold_seed2,2,nbaiot_main,cluster_threshold,Ennio_Doorbell,binary_attack,PASS,0.35119152970922884,111117,316400
nbaiot_main_cluster_threshold_seed2,2,nbaiot_main,cluster_threshold,Philips_B120N10_Baby_Monitor,binary_attack,PASS,0.9998960405528476,923341,923437
nbaiot_main_cluster_threshold_seed2,2,nbaiot_main,cluster_threshold,Provision_PT_737E_Security_Camera,binary_attack,PASS,0.7280076125235934,557731,766106
nbaiot_main_cluster_threshold_seed2,2,nbaiot_main,cluster_threshold,Provision_PT_838_Security_Camera,binary_attack,PASS,0.7373469108598995,544440,738377
nbaiot_main_cluster_threshold_seed2,2,nbaiot_main,cluster_threshold,Samsung_SNH_1011_N_Webcam,binary_attack,PASS,0.3552613658874802,114775,323072
nbaiot_main_cluster_threshold_seed2,2,nbaiot_main,cluster_threshold,SimpleHome_XCS7_1002_WHT_Security_Camera,binary_attack,PASS,0.7639965167164541,623781,816471
nbaiot_main_cluster_threshold_seed2,2,nbaiot_main,cluster_threshold,SimpleHome_XCS7_1003_WHT_Security_Camera,binary_attack,PASS,0.7583068887450709,630379,831298
