run_id,policy,seed,stage,client_id,stage_split,count,mean,std,min,p50,p95,max,benign_attack_overlap,array_hash
nbaiot_main_global_threshold_seed2,global_threshold,2,nbaiot_main,Danmini_Doorbell,cal,9909,0.21386743659500018,1.628007162090207,0.017006561160087585,0.04351899027824402,0.5307115793228157,65.0726318359375,,b6938f71473065c97dda22abf10165d95c59539d5083d3559af4b2a34999850e
nbaiot_main_global_threshold_seed2,global_threshold,2,nbaiot_main,Ecobee_Thermostat,cal,2622,0.1526626675275334,0.10707728967798372,0.057135287672281265,0.11888687685132027,0.3728890880942342,1.136340856552124,,65cabf3fe82ac332601f4240a68cebbf1f25d81f0cbc8c91a1231c372a29111f
nbaiot_main_global_threshold_seed2,global_threshold,2,nbaiot_main,Ennio_Doorbell,cal,7820,0.1150174865426491,1.121400992706003,0.011872746981680393,0.02535428199917078,0.17023086026310913,55.1407356262207,,d6f5d031df40bc0b4aa7d160b508383bdb8af8e65089f209ee4f71fd0205ec6b
nbaiot_main_global_threshold_seed2,global_threshold,2,nbaiot_main,Philips_B120N10_Baby_Monitor,cal,35048,0.03428016246108038,0.1286362197489702,0.002553416881710291,0.00642436183989048,0.12037581540644188,3.167992115020752,,376dfa869172a305b985167dc1b5ffa76b748e4a22cf3920c902912cedf916fd
nbaiot_main_global_threshold_seed2,global_threshold,2,nbaiot_main,Provision_PT_737E_Security_Camera,cal,12430,0.04853930884720466,0.09512024578203572,0.011127619072794914,0.020859000273048878,0.14296980425715447,7.950717926025391,,6f93e9b6a66052e6fed6414460a79353596b6d8a869968981f49c24ba419cc6c
nbaiot_main_global_threshold_seed2,global_threshold,2,nbaiot_main,Provision_PT_838_Security_Camera,cal,19702,0.06656354545263826,0.11430699144743608,0.015470022335648537,0.03127100504934788,0.20205160081386572,5.218867778778076,,45d512320c871cd19ea9c0a67eee4bf02563ed9feb4550601ebe5f0417636e62
nbaiot_main_global_threshold_seed2,global_threshold,2,nbaiot_main,Samsung_SNH_1011_N_Webcam,cal,10430,0.19640148025263218,0.8687460954988864,0.017743736505508423,0.04140571318566799,0.729207208752631,34.9388427734375,,09e377da27bf2c22e40525f30e8acff61c6d6767c9ec821d39092011caeeb1cf
nbaiot_main_global_threshold_seed2,global_threshold,2,nbaiot_main,SimpleHome_XCS7_1002_WHT_Security_Camera,cal,9317,0.11683846423328459,0.5175553620761024,0.0073255193419754505,0.018393762409687042,0.7881907701492309,28.461669921875,,491ccc08aefe9d9ce66d6f126bba87e30856c7640c1ca8204308921c487ceac2
nbaiot_main_global_threshold_seed2,global_threshold,2,nbaiot_main,SimpleHome_XCS7_1003_WHT_Security_Camera,cal,3905,0.11538436105415206,0.4561078369986314,0.009184619411826134,0.017870420590043068,0.708543837070465,8.747954368591309,,e05f8ae3d1b8049de047106efbf61c5f95d0671f9879aac44eb1947838bc3081
nbaiot_main_global_threshold_seed2,global_threshold,2,nbaiot_main,Danmini_Doorbell,test_benign,8921,0.1692795213700266,1.3931552743157682,0.01692764274775982,0.042394306510686874,0.2910102307796478,65.0726318359375,,24c6b0653ba290b9a116f575950084e26887ede5e0196003859da4053b6251f0
nbaiot_main_global_threshold_seed2,global_threshold,2,nbaiot_main,Ecobee_Thermostat,test_benign,2362,0.172314126494007,0.16372763203408255,0.05498294532299042,0.12548556923866272,0.4024826526641845,2.543825626373291,,d0d87de1c9d49af09c76136a001989e5e74c64079d245c4cb8a0f76687562044
nbaiot_main_global_threshold_seed2,global_threshold,2,nbaiot_main,Ennio_Doorbell,test_benign,7038,0.12846652513201068,1.1899816746441083,0.012016753666102886,0.025201715528964996,0.1676615372300144,55.1407356262207,,d57c3f14733e03f9b9200ddb72c2c546498dbb396d073b7e1e475464362435e7
nbaiot_main_global_threshold_seed2,global_threshold,2,nbaiot_main,Philips_B120N10_Baby_Monitor,test_benign,31544,0.02642147177810557,0.1033562902376718,0.0024079459253698587,0.006042667431756854,0.07188236527144895,2.6477255821228027,,df451f0217f985759c0586b773e081e96421309b1e57ec83cb81fbebe7776fdb
nbaiot_main_global_threshold_seed2,global_threshold,2,nbaiot_main,Provision_PT_737E_Security_Camera,test_benign,11190,0.04807791284820642,0.09793243755480263,0.01103227213025093,0.020641573704779148,0.14457653090357775,7.950717926025391,,1b7ba096c3326fff7668009a1a3146b2f512af80f59247be5332d510aad33e88
nbaiot_main_global_threshold_seed2,global_threshold,2,nbaiot_main,Provision_PT_838_Security_Camera,test_benign,17734,0.05317195706476785,0.09517949057351557,0.01515877339988947,0.03261695243418217,0.14100302681326857,5.218867778778076,,7c8837f6e073031cb1268d8e2a560177d0af9afcd0255942cd140528dc4f0da2
nbaiot_main_global_threshold_seed2,global_threshold,2,nbaiot_main,Samsung_SNH_1011_N_Webcam,test_benign,9388,0.16577469147872742,0.7360160401503167,0.01751319132745266,0.042913710698485374,0.5012031137943262,34.9388427734375,,ef6036a5bae4c7298356901928f8f60d1952fcbaf15d451348d6d502132164a5
nbaiot_main_global_threshold_seed2,global_threshold,2,nbaiot_main,SimpleHome_XCS7_1002_WHT_Security_Camera,test_benign,8387,0.13505740271211852,0.2884280239793323,0.0068212454207241535,0.02139521762728691,0.8223844468593596,4.0559492111206055,,b79a4c5d3db37f09fdbc7df3b10e0a2c46447d428923e855dc31f2f664647b17
nbaiot_main_global_threshold_seed2,global_threshold,2,nbaiot_main,SimpleHome_XCS7_1003_WHT_Security_Camera,test_benign,3517,0.07245090136339982,0.2834856322824696,0.00930840615183115,0.017482515424489975,0.32912206649780185,8.504338264465332,,5276819c4b1cca290959acae75a666f7b1058a9a59c37c59aa8d5b55e880f22e
nbaiot_main_global_threshold_seed2,global_threshold,2,nbaiot_main,Danmini_Doorbell,test_attack,968750,1367442.1203737601,1346453.178708005,0.9780018925666809,974816.8125,3921316.55,4661797.5,,e2127b0311be83e22ba3c3b753c6164141d61fdbccb15ae76c3d38b86f4f2342
nbaiot_main_global_threshold_seed2,global_threshold,2,nbaiot_main,Ecobee_Thermostat,test_attack,822763,380499.0368000184,379768.6715415012,0.29597243666648865,289742.28125,1089053.1999999997,1593050.125,,c8f05d50aca37461e8aa6aa6cc38efc0fd5f48be39f347035718f609ed56212d
nbaiot_main_global_threshold_seed2,global_threshold,2,nbaiot_main,Ennio_Doorbell,test_attack,316400,110375.23341311148,245393.6576789628,0.09006430953741074,0.14876839518547058,747998.4312499997,1152011.5,,91ea69a64c78be445bb24c2c5a4d2102e00d1f9ed964a9b543707fad949828a3
nbaiot_main_global_threshold_seed2,global_threshold,2,nbaiot_main,Philips_B120N10_Baby_Monitor,test_attack,923437,1992.5722077611165,2065.158659859483,0.03689112514257431,1182.9959716796875,6394.058105468749,7091.83984375,,9a405c1ea790885e4656f00011730d90a320aa65dafa1c0f24f214e6b83c83ce
nbaiot_main_global_threshold_seed2,global_threshold,2,nbaiot_main,Provision_PT_737E_Security_Camera,test_attack,766106,4799.8778360801225,16415.899057627063,0.05365379899740219,1275.60009765625,11713.74560546875,152641.046875,,3c22b5e708cff8e2aa2e0bec836a7e3abe0ee62c20ecaca14135678212f02a93
nbaiot_main_global_threshold_seed2,global_threshold,2,nbaiot_main,Provision_PT_838_Security_Camera,test_attack,738377,505.1442253447779,754.0201986379243,0.04706493765115738,236.73251342773438,1863.4344970703119,4742.96337890625,,ab2ab4515c745e5bfc5344bda0a4e236557dbb4da5ca5317d0f8d039f3b97782
nbaiot_main_global_threshold_seed2,global_threshold,2,nbaiot_main,Samsung_SNH_1011_N_Webcam,test_attack,323072,2486.7643158935225,4284.72159917558,0.144151508808136,0.613768994808197,11430.371679687501,14273.5859375,,ec096a6b8b57b36ee83d31379b250ccd2b7814deeb260e55159e26dc4a144369
nbaiot_main_global_threshold_seed2,global_threshold,2,nbaiot_main,SimpleHome_XCS7_1002_WHT_Security_Camera,test_attack,816471,677.2570655441895,738.9887021392269,0.10583574324846268,408.6546325683594,2166.6353759765625,2764.451416015625,,2eade2b30813792ecad7e6c9ddb9702c1e0c4cb8411b61dc75d828e85b01eda3
nbaiot_main_global_threshold_seed2,global_threshold,2,nbaiot_main,SimpleHome_XCS7_1003_WHT_Security_Camera,test_attack,831298,12618.688576066277,12683.19625568456,0.2637198269367218,8843.39208984375,35886.7841796875,53452.50390625,,70b9b262413a7532eb29c36e676ea4f24eea0d0f138f04a05f9fe5a02fa1ceb0
nbaiot_main_global_threshold_seed1,global_threshold,1,nbaiot_main,Danmini_Doorbell,cal,9909,0.20072304771570038,1.3938608993530712,0.014185373671352863,0.03923077508807182,0.5272560834884646,59.33985137939453,,43a256c66e291eaf16f7fcff9f77ba12f1365a89e78c63c140aa3c256859d5d8
nbaiot_main_global_threshold_seed1,global_threshold,1,nbaiot_main,Ecobee_Thermostat,cal,2622,0.12294619715709344,0.09019858666462172,0.041222091764211655,0.09483586251735687,0.2933110132813453,1.1708425283432007,,a4ebc9efc355d0be83d774f58d717b2754067e72e50f9c7c12e0607188973dea
nbaiot_main_global_threshold_seed1,global_threshold,1,nbaiot_main,Ennio_Doorbell,cal,7820,0.11752879727319779,1.1441157672002786,0.008320998400449753,0.021857052110135555,0.15765685588121414,55.4930534362793,,6732939441d515db4a3d083927a0067295019edaead89ef1db830e87119394f1
nbaiot_main_global_threshold_seed1,global_threshold,1,nbaiot_main,Philips_B120N10_Baby_Monitor,cal,35048,0.029656064398217653,0.11490626854851291,0.0025146258994936943,0.005258101271465421,0.10005206912756012,2.555913209915161,,d41408a2bbc861b1c0063d7ab028566caed2d7c54c664577d759ea1380f2e9a8
nbaiot_main_global_threshold_seed1,global_threshold,1,nbaiot_main,Provision_PT_737E_Security_Camera,cal,12430,0.04412359258853804,0.08889786200943266,0.008564310148358345,0.02013595961034298,0.12246210798621172,7.294403553009033,,abab427fd8dd68934d4d6030861217a5da1091672b870997fca54780ae515998
nbaiot_main_global_threshold_seed1,global_threshold,1,nbaiot_main,Provision_PT_838_Security_Camera,cal,19702,0.05485661015768784,0.11482549034302557,0.012178534641861916,0.025606058537960052,0.15789328143000608,6.487728595733643,,db3057b0bc412ce04110350f9a9d1d90d3549f8c2a8a849275594eb5ad9425a5
nbaiot_main_global_threshold_seed1,global_threshold,1,nbaiot_main,Samsung_SNH_1011_N_Webcam,cal,10430,0.18439838638402387,0.8541195167457706,0.015824921429157257,0.03303687460720539,0.6536970734596248,36.86812973022461,,f0d5f7e14f2efdc76095c386d18bccd7ce821b18a81ee27ed53cf702b5876ea7
nbaiot_main_global_threshold_seed1,global_threshold,1,nbaiot_main,SimpleHome_XCS7_1002_WHT_Security_Camera,cal,9317,0.10022030095467331,0.39798585739768116,0.005081088747829199,0.015780581161379814,0.6463016748428344,20.5383358001709,,bda105dd4d023b5bda02ea0dca8211010756c8800fe8b7e76bd32ed56eb959b2
nbaiot_main_global_threshold_seed1,global_threshold,1,nbaiot_main,SimpleHome_XCS7_1003_WHT_Security_Camera,cal,3905,0.11107149459827076,0.4227968965530419,0.009063481353223324,0.01932988129556179,0.5943003773689214,8.216229438781738,,a2fba21de495e3312dd8171d55da6713be7f3179c1bfbc8e89439dabaf290aea
nbaiot_main_global_threshold_seed1,global_threshold,1,nbaiot_main,Danmini_Doorbell,test_benign,8921,0.16125087611819464,1.1763781337920598,0.014157059602439404,0.03833291307091713,0.2859550714492798,59.33985137939453,,6fa92a63338e25b86438a19e51dd8dbb66d78d8d0c11acf17d6171c0d68fa72a
nbaiot_main_global_threshold_seed1,global_threshold,1,nbaiot_main,Ecobee_Thermostat,test_benign,2362,0.13947277604921657,0.12994205321750704,0.04399728402495384,0.09942394495010376,0.3369624868035315,2.122836112976074,,81b575953e34ac91327473de37db8e567fac38dcf3738a50fea8e5876b9090dd
nbaiot_main_global_threshold_seed1,global_threshold,1,nbaiot_main,Ennio_Doorbell,test_benign,7038,0.13114325685914088,1.2127511857232254,0.008222688920795918,0.021548054181039333,0.15523217767477035,55.4930534362793,,8e2e9315c898d409fd9fb34d9f6b97b26dc59b3d2ac3b4479aa7dac8c07ab465
nbaiot_main_global_threshold_seed1,global_threshold,1,nbaiot_main,Philips_B120N10_Baby_Monitor,test_benign,31544,0.023093977582191522,0.09623762174803954,0.00258639152161777,0.005022867349907756,0.06231676060706371,2.357590675354004,,c84869f0f8391278d7ddef4d738d66b95280239abe236d82d10617dcc8c2bc4a
nbaiot_main_global_threshold_seed1,global_threshold,1,nbaiot_main,Provision_PT_737E_Security_Camera,test_benign,11190,0.04372702827460737,0.09109836570367334,0.008368496783077717,0.0196291571483016,0.12435100451111793,7.294403553009033,,4a89223ae6277e2bc44e72c31dad3426a635eda34aa1f6508f54f8de7d01d98c
nbaiot_main_global_threshold_seed1,global_threshold,1,nbaiot_main,Provision_PT_838_Security_Camera,test_benign,17734,0.04265240608785208,0.09969050647861223,0.012598713859915733,0.024821355007588863,0.10882068984210486,6.487728595733643,,4e6cd6597a8cf7612584f6f329eee96cb62cb982e81e2887a43f2a45b0d866ad
nbaiot_main_global_threshold_seed1,global_threshold,1,nbaiot_main,Samsung_SNH_1011_N_Webcam,test_benign,9388,0.15678872049773848,0.7055105697542078,0.016527025029063225,0.03421562723815441,0.5591796338558193,36.86812973022461,,6f4c6abff7482bf3a780a75aa9cb2b9ab391b304e961e9eae4eab2a980e68c35
nbaiot_main_global_threshold_seed1,global_threshold,1,nbaiot_main,SimpleHome_XCS7_1002_WHT_Security_Camera,test_benign,8387,0.11325213031301856,0.24183901862496815,0.005689561367034912,0.017240917310118675,0.6779356122016906,4.555095672607422,,0a1f34324e0ab7338f54a49460e68a62c8cb4c4f04172fb8b9c1d64b58a4d67c
nbaiot_main_global_threshold_seed1,global_threshold,1,nbaiot_main,SimpleHome_XCS7_1003_WHT_Security_Camera,test_benign,3517,0.07099398468531835,0.24471745178632667,0.009110523387789726,0.018053438514471054,0.29484421014785595,6.298522472381592,,061c456d04a1046273b0d7b0a5a6e1f5b9134dc24a778ab3740a25f64ad4c3ac
nbaiot_main_global_threshold_seed1,global_threshold,1,nbaiot_main,Danmini_Doorbell,test_attack,968750,1008292.7120935756,911432.0093475895,0.747214674949646,845519.75,2582835.8,2998621.75,,ebb3abd86aa1bafee29d5cadc815fc6050129cd09539b6aaccdb86d5853fc0ab
nbaiot_main_global_threshold_seed1,global_threshold,1,nbaiot_main,Ecobee_Thermostat,test_attack,822763,275130.0916238832,255179.84906530846,0.1822574883699417,243417.6875,729891.7437499999,1012581.125,,5f7aa6c384a0e5d0bd25316c12dd6403cf7caffb65484014ff3940de6019ca5f
nbaiot_main_global_threshold_seed1,global_threshold,1,nbaiot_main,Ennio_Doorbell,test_attack,316400,69241.76149217754,158590.32001976602,0.0746176689863205,0.12618903815746307,484734.9359374999,776302.625,,69598bd65fb1c0adf6b95f17836ca4a3970e1d2b5cd832db9be87ff76a296171
nbaiot_main_global_threshold_seed1,global_threshold,1,nbaiot_main,Philips_B120N10_Baby_Monitor,test_attack,923437,1360.0974313489035,1331.2007527456947,0.030494609847664833,851.932861328125,3930.03271484375,4505.9287109375,,b10633d5dcf4a5f10c38921be765e499fa2c524fb077458a9dc7acc8245fbedd
nbaiot_main_global_threshold_seed1,global_threshold,1,nbaiot_main,Provision_PT_737E_Security_Camera,test_attack,766106,3696.9948868487572,13509.868002899184,0.07677222043275833,1022.9529418945312,8810.735107421875,126026.40625,,f52dc1f032cf7b8bcc9f09d1897302da5f6003de6c520c70ae2c621ffdc3f320
nbaiot_main_global_threshold_seed1,global_threshold,1,nbaiot_main,Provision_PT_838_Security_Camera,test_attack,738377,361.75907007540513,468.3771990386907,0.06213299557566643,218.2982635498047,1120.018432617187,3004.99951171875,,deb10aa77944ed0478749a8f64af7702151018404a2edd0c91276b7e2739abba
nbaiot_main_global_threshold_seed1,global_threshold,1,nbaiot_main,Samsung_SNH_1011_N_Webcam,test_attack,323072,2124.361406995157,3613.865915400517,0.12826667726039886,0.32130372524261475,9561.03603515625,10481.3154296875,,edb9dc287a85a0e9bc02da50ec5e019b4d2e8e46960f6574f98d49c97340e7bf
nbaiot_main_global_threshold_seed1,global_threshold,1,nbaiot_main,SimpleHome_XCS7_1002_WHT_Security_Camera,test_attack,816471,515.6399303822521,569.9512027621142,0.06847967952489853,299.1378479003906,1680.2377319335938,2180.182861328125,,fb602fd9ff2443ac9b6bb823b389ab728e3081131fbd3bbded684294d1c1ed73
nbaiot_main_global_threshold_seed1,global_threshold,1,nbaiot_main,SimpleHome_XCS7_1003_WHT_Security_Camera,test_attack,831298,9514.988181227507,8315.824453251282,0.13341878354549408,9709.27001953125,23707.936621093748,33258.7109375,,7cfa6fac409aac2e5ed13c1122cf62ec19cac2a2b51c5162545731e2a2547ee4
nbaiot_main_global_threshold_seed0,global_threshold,0,nbaiot_main,Danmini_Doorbell,cal,9909,0.20374367370369162,1.4361376645751007,0.01959766261279583,0.046488501131534576,0.48428599834442165,66.14505004882812,,444fee701a3a28ba387a2f660b66e305fe1b1f8761d1908f8f6edcaa22b93aea
nbaiot_main_global_threshold_seed0,global_threshold,0,nbaiot_main,Ecobee_Thermostat,cal,2622,0.13451151358010566,0.08184732097964709,0.05585194379091263,0.10486668348312378,0.2936508029699321,1.058236002922058,,2d1939380257ec3d8110ce65cf7e808611534781137048851aa5008063ab3629
nbaiot_main_global_threshold_seed0,global_threshold,0,nbaiot_main,Ennio_Doorbell,cal,7820,0.10429138115409504,0.9096957835092908,0.01063079759478569,0.02247330080717802,0.1552039250731467,46.058563232421875,,a28e3f8352bab72d32cca304cda6c377013f778b2fdc448e89e4ea8fc407babc
nbaiot_main_global_threshold_seed0,global_threshold,0,nbaiot_main,Philips_B120N10_Baby_Monitor,cal,35048,0.03397214054017881,0.13263039887338768,0.002189790830016136,0.005332238972187042,0.1157731659710408,2.205681800842285,,087c028b878f79de0d3f39db898ffe97e6025a62ac872612241317c429200660
nbaiot_main_global_threshold_seed0,global_threshold,0,nbaiot_main,Provision_PT_737E_Security_Camera,cal,12430,0.05102507921380807,0.08956722427564127,0.011073614470660686,0.020537889562547207,0.15585540756583213,6.546480655670166,,e09d872ef2196df65fc35988157c9a15ed6f542abd7567c1f0f4437c2a547d9c
nbaiot_main_global_threshold_seed0,global_threshold,0,nbaiot_main,Provision_PT_838_Security_Camera,cal,19702,0.06506074782564544,0.11816128488171374,0.01663931831717491,0.02915006596595049,0.18494317904114727,6.180271148681641,,6e64dea845edf9cfe942badc47103ec15bfc7c9273089656aaf56d3f0d10a5a9
nbaiot_main_global_threshold_seed0,global_threshold,0,nbaiot_main,Samsung_SNH_1011_N_Webcam,cal,10430,0.18336976607823932,0.8721993469779792,0.013535787351429462,0.03457549773156643,0.5030703723430626,29.570934295654297,,cc36e8daf5e855a975a489f97edb8aa30238caaf7f1f0261ffe934e12cd0b98d
nbaiot_main_global_threshold_seed0,global_threshold,0,nbaiot_main,SimpleHome_XCS7_1002_WHT_Security_Camera,cal,9317,0.11193634727690879,0.38503179311515134,0.007237964775413275,0.018330881372094154,0.8101808905601501,19.103866577148438,,d76d9cc7c9d020d6961228f7c69c303a831cb097f27c496e7abad23896cb939d
nbaiot_main_global_threshold_seed0,global_threshold,0,nbaiot_main,SimpleHome_XCS7_1003_WHT_Security_Camera,cal,3905,0.10464083698844101,0.41540438675514996,0.007407494820654392,0.019849486649036407,0.6021710157394398,8.6041259765625,,7fa64c26b4bb35fcc2ded9528bec4839ebb323620e46103a86825fc9b53f422b
nbaiot_main_global_threshold_seed0,global_threshold,0,nbaiot_main,Danmini_Doorbell,test_benign,8921,0.1624676718461869,1.224473342673625,0.019566761329770088,0.045790113508701324,0.2688758373260498,66.14505004882812,,3749c63a50558a432d76050a8008413fa02307eeef1cabd298ae2d1215b9a1d8
nbaiot_main_global_threshold_seed0,global_threshold,0,nbaiot_main,Ecobee_Thermostat,test_benign,2362,0.15019659253403506,0.13267855139594595,0.06244346871972084,0.11537026986479759,0.33860069662332526,2.397402286529541,,b823a4d6de9ba69b4f79ca82d84fe630712e094b6729a2639f22bdfe2e72dac6
nbaiot_main_global_threshold_seed0,global_threshold,0,nbaiot_main,Ennio_Doorbell,test_benign,7038,0.11661302516317357,0.9671818426593768,0.009935463778674603,0.022396055050194263,0.15473757609724986,46.058563232421875,,2197ac473f48b9a1cdef0748e1404bfe3fa6c6ac6e8d66fec9d1aca02384df34
nbaiot_main_global_threshold_seed0,global_threshold,0,nbaiot_main,Philips_B120N10_Baby_Monitor,test_benign,31544,0.025457531826549903,0.10830419429908504,0.002085432643070817,0.004728315398097038,0.07121562100946895,2.404129981994629,,b41723aa10fa8a0b22a01ead96172b5781a15a555fc1538aadb86b3bb9f83ee6
nbaiot_main_global_threshold_seed0,global_threshold,0,nbaiot_main,Provision_PT_737E_Security_Camera,test_benign,11190,0.04974545860410043,0.09031047881135136,0.011089080944657326,0.019822584465146065,0.15230550318956373,6.546480655670166,,0c34a71e7943ac7af1f4a776cb305a88dcf2dd52b51897836ec9bec6c8817691
nbaiot_main_global_threshold_seed0,global_threshold,0,nbaiot_main,Provision_PT_838_Security_Camera,test_benign,17734,0.05307156491135666,0.10176848959311927,0.01600133255124092,0.030292848125100136,0.1348848141729831,6.180271148681641,,6f0675999f49a44c5dabdb793d5574a188945bf8dc1271383350592f2b1ebb0c
nbaiot_main_global_threshold_seed0,global_threshold,0,nbaiot_main,Samsung_SNH_1011_N_Webcam,test_benign,9388,0.15707040052715346,0.7116163815802653,0.013517875224351883,0.03540676459670067,0.47659631222486426,29.570934295654297,,43be886dcbcff7b3e5f4447f23639a3c4c8aad9b585f3c62825b9f6dd7065ee4
nbaiot_main_global_threshold_seed0,global_threshold,0,nbaiot_main,SimpleHome_XCS7_1002_WHT_Security_Camera,test_benign,8387,0.13248479757486842,0.2977557497644509,0.00836888700723648,0.01976839080452919,0.8491682350635525,3.603379249572754,,5080b17c7fd151b8dd47fa751ee214798c5ed2f3dcbe0e6de2c980c0478cd73f
nbaiot_main_global_threshold_seed0,global_threshold,0,nbaiot_main,SimpleHome_XCS7_1003_WHT_Security_Camera,test_benign,3517,0.0664150735010113,0.25975849838519804,0.008302933536469936,0.017774779349565506,0.26372720003128025,8.6041259765625,,a1aded8089b312e6740a14e32c10001f04d28b1ae350d42b607b11598d746def
nbaiot_main_global_threshold_seed0,global_threshold,0,nbaiot_main,Danmini_Doorbell,test_attack,968750,1517103.4847242874,1475494.5940215443,0.7995409369468689,1097991.3125,4491467.875,4814602.5,,d771e8173119244d3b97ccd2418faeed02f3955c0553bf458357c839f90286fd
nbaiot_main_global_threshold_seed0,global_threshold,0,nbaiot_main,Ecobee_Thermostat,test_attack,822763,448782.5363516952,468868.3406169306,0.17006219923496246,317634.40625,1399970.5874999997,1862621.0,,b55378f5a14bd000d90ddc09a264bc013225c793c6e7d28e2d9d2c8c6d626748
nbaiot_main_global_threshold_seed0,global_threshold,0,nbaiot_main,Ennio_Doorbell,test_attack,316400,86903.80810571749,198478.50895372545,0.07408566772937775,0.12933196127414703,605002.121875,966296.6875,,3a6fc074e70b3f866b241b7fc810d6ef2f58b5d43937d410e4febb9b99aa3c9f
nbaiot_main_global_threshold_seed0,global_threshold,0,nbaiot_main,Philips_B120N10_Baby_Monitor,test_attack,923437,2573.2308124800984,2719.0121655335333,0.02904517389833927,1422.97265625,8266.7162109375,9109.1328125,,a202206811070b8d70923f291f89ca40130f95f1e3e51c29fe0d885443873e67
nbaiot_main_global_threshold_seed0,global_threshold,0,nbaiot_main,Provision_PT_737E_Security_Camera,test_attack,766106,5191.463021262362,16262.820691383336,0.04880350083112717,1625.7120971679688,12333.7373046875,151712.46875,,1889bc80f6e8e4d2f2967102b1b309b6809f574df7ae442ad597a46e191ae5e5
nbaiot_main_global_threshold_seed0,global_threshold,0,nbaiot_main,Provision_PT_838_Security_Camera,test_attack,738377,515.8804802550488,681.0321960675509,0.05890073627233505,250.07525634765625,1623.6664306640564,4077.162109375,,59a2f882fefcdd2647dea25f247bb21bbc7e728f57d2bb6383c08a5589966cea
nbaiot_main_global_threshold_seed0,global_threshold,0,nbaiot_main,Samsung_SNH_1011_N_Webcam,test_attack,323072,2452.0600978382454,4157.385726279606,0.18108013272285461,0.37137627601623535,10809.952734375,12302.1015625,,c52650962a7464acffb5285d88cf2aeea441a9ff9dcb058110b41a5e7f82b5a3
nbaiot_main_global_threshold_seed0,global_threshold,0,nbaiot_main,SimpleHome_XCS7_1002_WHT_Security_Camera,test_attack,816471,793.4775420626584,879.3774038173419,0.08300808817148209,448.8329162597656,2588.0093994140625,3268.447509765625,,c79580dd741e4ab8faba7d9d7c0848fa58f58036d0995a72f77c0dbf98602657
nbaiot_main_global_threshold_seed0,global_threshold,0,nbaiot_main,SimpleHome_XCS7_1003_WHT_Security_Camera,test_attack,831298,13055.332021961893,12735.436328480879,0.1667875051498413,10895.47705078125,38912.04999999999,49682.3828125,,14429a6cb73d62b89600d017de7b2364834ac8515d073efe661670fc71ebab39
nbaiot_main_global_threshold_seed4,global_threshold,4,nbaiot_main,Danmini_Doorbell,cal,9909,0.2064062821114798,1.460615602552835,0.013760198839008808,0.03493953496217728,0.5199504017829916,66.97415924072266,,e0ae3fd777bf71670e499cad0a386273229b144b207fb0cc49dbf43d745fa593
nbaiot_main_global_threshold_seed4,global_threshold,4,nbaiot_main,Ecobee_Thermostat,cal,2622,0.11707308357773302,0.08951500177449351,0.04259907081723213,0.08569793030619621,0.2886346548795699,1.2644578218460083,,1df23b43df22462b75372b560bd122ac19b87524db8099e59d90f248e5264bd5
nbaiot_main_global_threshold_seed4,global_threshold,4,nbaiot_main,Ennio_Doorbell,cal,7820,0.09286913281220877,0.9374943778933357,0.009429308585822582,0.02169166412204504,0.1567363202571869,46.17055130004883,,d8257b6de2dbdd2b68d35613d11496f0a0a282569a8c62eb92b4a3127e8909fd
nbaiot_main_global_threshold_seed4,global_threshold,4,nbaiot_main,Philips_B120N10_Baby_Monitor,cal,35048,0.031618934271034474,0.1183542416663919,0.001812829403206706,0.005232200026512146,0.11443072669208056,2.643434524536133,,7886a6ced3fb94e21dbeba4dc1ee0dc8f6ae5310a5e941a61bd611dbcd93a383
nbaiot_main_global_threshold_seed4,global_threshold,4,nbaiot_main,Provision_PT_737E_Security_Camera,cal,12430,0.044504880076401646,0.10329540853015791,0.012819932773709297,0.02147464919835329,0.11401620507240294,9.4398832321167,,606f3fb2c443faef6689e231fb317ee221f535819e76cb561055b3078a039112
nbaiot_main_global_threshold_seed4,global_threshold,4,nbaiot_main,Provision_PT_838_Security_Camera,cal,19702,0.06126502140942001,0.13101716694878068,0.015842607244849205,0.033403150737285614,0.16513502970337873,8.774600982666016,,e5ac8f4d40a192f479e43ca4e86fe53eed65b22ce6b0365be67a94a33cd3fac4
nbaiot_main_global_threshold_seed4,global_threshold,4,nbaiot_main,Samsung_SNH_1011_N_Webcam,cal,10430,0.16959919162042802,0.7580407608624595,0.010868732817471027,0.038028763607144356,0.6142655909061424,32.243385314941406,,db6796a585addb2d9bb246972952cd9fd950cd4d902729c41b6678a5f62540cb
nbaiot_main_global_threshold_seed4,global_threshold,4,nbaiot_main,SimpleHome_XCS7_1002_WHT_Security_Camera,cal,9317,0.10483582167305133,0.41897057489151834,0.006910648196935654,0.018791772425174713,0.7305568456649779,25.413711547851562,,44deb1f9a836b131df5c37e188514957c8369a81f7e46cd63d8e17ef0fa90281
nbaiot_main_global_threshold_seed4,global_threshold,4,nbaiot_main,SimpleHome_XCS7_1003_WHT_Security_Camera,cal,3905,0.10225497236780622,0.40179236530883167,0.007071760483086109,0.01730109564960003,0.6057969212532044,7.480518817901611,,f68a017aff69a95da56107aca914f12c06ab156c2b18bb36fc6f535aa7455bed
nbaiot_main_global_threshold_seed4,global_threshold,4,nbaiot_main,Danmini_Doorbell,test_benign,8921,0.16661382828967636,1.2814135942290898,0.013962575234472752,0.03413289785385132,0.2926863431930542,66.97415924072266,,a32d47b53a9eb40ab9f0404a16ed96f1f7d1b0b932a6a30334014341f2295f32
nbaiot_main_global_threshold_seed4,global_threshold,4,nbaiot_main,Ecobee_Thermostat,test_benign,2362,0.1344284969512105,0.1360352100898793,0.043236035853624344,0.09473353624343872,0.33826096206903455,2.6254642009735107,,105124e5b9bb36dc81f9483b7482e6cdcdc82ac9d3a43d4816dfe792f1c6dbe4
nbaiot_main_global_threshold_seed4,global_threshold,4,nbaiot_main,Ennio_Doorbell,test_benign,7038,0.10303523980145128,0.9956794453094029,0.009492087177932262,0.02162521705031395,0.1541189871728418,46.17055130004883,,55f3e8fa3a216ddce1e49f50f42d67d32e61b3694352b191538f45977f5e327b
nbaiot_main_global_threshold_seed4,global_threshold,4,nbaiot_main,Philips_B120N10_Baby_Monitor,test_benign,31544,0.023353695753576684,0.09188109242279645,0.001685807597823441,0.004478938644751906,0.06961649656295768,2.146821975708008,,aef6fccb1d74167d979260fcb3d6ad5c10964373d35114993c7e004209dc0766
nbaiot_main_global_threshold_seed4,global_threshold,4,nbaiot_main,Provision_PT_737E_Security_Camera,test_benign,11190,0.043708963247833375,0.10670304310175369,0.01291622407734394,0.020990779623389244,0.11305039823055264,9.4398832321167,,0f387db53e02ef05d47a3d3b072306dd84c264b5088e5002dcc93a695f713486
nbaiot_main_global_threshold_seed4,global_threshold,4,nbaiot_main,Provision_PT_838_Security_Camera,test_benign,17734,0.0500827148351686,0.11995170056015535,0.016202090308070183,0.033638834953308105,0.11144330576062192,8.774600982666016,,c51ed1b356f92b942e092f40f1b68b4ad6bb434b2d8057a908c0c1a35f7d889f
nbaiot_main_global_threshold_seed4,global_threshold,4,nbaiot_main,Samsung_SNH_1011_N_Webcam,test_benign,9388,0.14704872741160377,0.6343815508707201,0.012162154540419579,0.04114699177443981,0.4804813191294667,32.243385314941406,,c9b5be0999d0d4235264156604df4b7fcc850742d7e9c358d24f54124ce3727b
nbaiot_main_global_threshold_seed4,global_threshold,4,nbaiot_main,SimpleHome_XCS7_1002_WHT_Security_Camera,test_benign,8387,0.12250239708236227,0.25720242141449623,0.007097593042999506,0.022333014756441116,0.7674699008464813,2.912477493286133,,b79d95d2deb3910c0353e39a9a8b7da49e6398b5e52ebe89d51f0647e8fa71ee
nbaiot_main_global_threshold_seed4,global_threshold,4,nbaiot_main,SimpleHome_XCS7_1003_WHT_Security_Camera,test_benign,3517,0.06645413356501358,0.24608951844324642,0.007215365767478943,0.01425167266279459,0.2153750449419013,5.917213439941406,,8f54b6692f72964def312ad45feb1b0ec05c0fb53ff02c813f1a7769b27efabe
nbaiot_main_global_threshold_seed4,global_threshold,4,nbaiot_main,Danmini_Doorbell,test_attack,968750,1196988.3052379303,1132361.9924998283,1.0198442935943604,917890.78125,3384623.2124999994,3667953.25,,2677b0acbd0a5532db6abbe773051ff38c379a34c3a3bbccd30b4a79b2bd8935
nbaiot_main_global_threshold_seed4,global_threshold,4,nbaiot_main,Ecobee_Thermostat,test_attack,822763,328811.6106502374,342792.9339373922,0.18870778381824493,228963.6875,1012084.5437499998,1316885.875,,6e47409bf902e94d4093e8c788825fea63749ec13d228b19019855e1c07999d2
nbaiot_main_global_threshold_seed4,global_threshold,4,nbaiot_main,Ennio_Doorbell,test_attack,316400,111618.15870203392,256874.35126604635,0.07798334211111069,0.1209140196442604,787143.3624999999,1244628.875,,6a19237012abbb935b3583eca859e06bf788c42fba766dd09b41c9655cbdce10
nbaiot_main_global_threshold_seed4,global_threshold,4,nbaiot_main,Philips_B120N10_Baby_Monitor,test_attack,923437,2079.8616581196106,2178.4970064440863,0.02826935611665249,1142.4002685546875,6688.917382812496,7395.455078125,,d9135c53c38f6d38a7fec51d4bac6646632682daafb1a3303e6315f16bced0f5
nbaiot_main_global_threshold_seed4,global_threshold,4,nbaiot_main,Provision_PT_737E_Security_Camera,test_attack,766106,5020.71290136579,16882.664555989933,0.06597579270601273,1369.861572265625,12929.281494140625,156372.9375,,5343f5411a36dc4b3b173375ee0cd7d04e5b60fcff6831ab2ed15cdb9999b7d5
nbaiot_main_global_threshold_seed4,global_threshold,4,nbaiot_main,Provision_PT_838_Security_Camera,test_attack,738377,517.5619393935457,713.9096063290833,0.05347441881895065,291.1919860839844,1799.6131591796864,4615.3310546875,,dc65afbce9fb3c8ceef54a207c49f1eaad56699c5f323ecea8c63d2dd9481103
nbaiot_main_global_threshold_seed4,global_threshold,4,nbaiot_main,Samsung_SNH_1011_N_Webcam,test_attack,323072,1754.8577716861219,2961.152025688406,0.12578921020030975,0.32472994923591614,7686.066650390625,9221.3310546875,,033115dabaa110bc8b133201d5a977692aa4042df2256bc5e86f82043d7639b2
nbaiot_main_global_threshold_seed4,global_threshold,4,nbaiot_main,SimpleHome_XCS7_1002_WHT_Security_Camera,test_attack,816471,711.0894183329082,803.9373128761274,0.04373546689748764,391.95233154296875,2368.640625,3071.285888671875,,dfacdf0bea6ef226b3b4358ca1274039cea19972d044086faa1d14c5de51b2a4
nbaiot_main_global_threshold_seed4,global_threshold,4,nbaiot_main,SimpleHome_XCS7_1003_WHT_Security_Camera,test_attack,831298,9797.033059398113,9928.87739911544,0.15285156667232513,7307.501953125,29470.883593749997,40343.3125,,c325890c113d68ef42ffb0cb07c0b502201838690d1001cd96ee81d0776cf78a
nbaiot_main_global_threshold_seed5,global_threshold,5,nbaiot_main,Danmini_Doorbell,cal,9909,0.21151965291555402,1.6907947732820703,0.017697935923933983,0.041684091091156006,0.46541510820388804,67.81387329101562,,830dd8eb327eb1097414d1e998969774950df044b7d34696c9ac470cafac65fd
nbaiot_main_global_threshold_seed5,global_threshold,5,nbaiot_main,Ecobee_Thermostat,cal,2622,0.12033932387948172,0.09144566068553865,0.038150958716869354,0.08912092074751854,0.2973048508167266,1.4975314140319824,,e2b17fc952f8dad06cfd29c455adabcdf8e59ecf1b3516eedd730c8a0fb58af0
nbaiot_main_global_threshold_seed5,global_threshold,5,nbaiot_main,Ennio_Doorbell,cal,7820,0.09762244509566394,1.1312529190920113,0.0077028945088386536,0.01699287723749876,0.15347834229469268,55.63379669189453,,61d18137e221de6e4853e1b50c1857f3fbad3c485575f0d54b1dfddcbb63501e
nbaiot_main_global_threshold_seed5,global_threshold,5,nbaiot_main,Philips_B120N10_Baby_Monitor,cal,35048,0.030249154195056614,0.1063102941313073,0.0025551961734890938,0.005824477644637227,0.11378398202359756,2.149583578109741,,f2bd344c001182ca88f5faef8075aa8f6a52443ff400ebc994034a3befa3b51e
nbaiot_main_global_threshold_seed5,global_threshold,5,nbaiot_main,Provision_PT_737E_Security_Camera,cal,12430,0.047838815661523364,0.0925404023424963,0.01224564854055643,0.02387982327491045,0.13738885819911956,7.641371726989746,,90b796e2d6715a6df7f54b2b6cddf63c5a7f1bf1d9f9be559696b82c3005c7f2
nbaiot_main_global_threshold_seed5,global_threshold,5,nbaiot_main,Provision_PT_838_Security_Camera,cal,19702,0.06462557982644304,0.11415452498067366,0.020450055599212646,0.03366457298398018,0.17794793322682384,6.13021993637085,,942fb23e0473d108512e20fbc55fce214df3eccdf1df5d96420567baea794ce7
nbaiot_main_global_threshold_seed5,global_threshold,5,nbaiot_main,Samsung_SNH_1011_N_Webcam,cal,10430,0.1728092786694376,0.7025015300363581,0.014027410186827183,0.041748326271772385,0.645886906981467,26.819320678710938,,1992f2536bf026fbc9164b5a806364ebceda23da032577c4a14ab64f058edf9c
nbaiot_main_global_threshold_seed5,global_threshold,5,nbaiot_main,SimpleHome_XCS7_1002_WHT_Security_Camera,cal,9317,0.10476380021773056,0.4019311477746046,0.007817024365067482,0.017462778836488724,0.674453556537628,20.169315338134766,,e9ad9d663593ca10aa8ef7b43a24b18c51c599ba843c9cf4e8daea50a2fb9c70
nbaiot_main_global_threshold_seed5,global_threshold,5,nbaiot_main,SimpleHome_XCS7_1003_WHT_Security_Camera,cal,3905,0.11598628664081594,0.4563169043302314,0.00936888623982668,0.0211221631616354,0.7005097627639738,8.708844184875488,,9998598dddaa55529fb933be2743cac6755cce66d3f0dca0e1f1691590580747
nbaiot_main_global_threshold_seed5,global_threshold,5,nbaiot_main,Danmini_Doorbell,test_benign,8921,0.16612329624347716,1.3097162420238624,0.017728189006447792,0.04134109243750572,0.2925812900066376,60.719093322753906,,55909545cd54763d13ff52651d48c508e43c5e66ad1c15e0643d03a7a0862677
nbaiot_main_global_threshold_seed5,global_threshold,5,nbaiot_main,Ecobee_Thermostat,test_benign,2362,0.13556364059896162,0.12676823965956055,0.040517132729291916,0.09985868632793427,0.3045327052474018,1.9813593626022339,,0b6d2eda4e78d4a53471f657ac2d515c7260d92c85da3c0ca4f1bb955a3ac7b0
nbaiot_main_global_threshold_seed5,global_threshold,5,nbaiot_main,Ennio_Doorbell,test_benign,7038,0.10795435723026886,1.196122902602834,0.0074798041023314,0.016793275251984596,0.14766039401292785,55.63379669189453,,3f46e63ada4c2ec35e199d240d623012d205bcf870db9a609a78ec0694de02e5
nbaiot_main_global_threshold_seed5,global_threshold,5,nbaiot_main,Philips_B120N10_Baby_Monitor,test_benign,31544,0.023420320503676033,0.08978623185504978,0.0025303163565695286,0.005330786807462573,0.07093631513416754,2.1464226245880127,,8586f344568cf296d60cdbb3513ece1fd91dcbde7f90f6dcc061de2f06e1d648
nbaiot_main_global_threshold_seed5,global_threshold,5,nbaiot_main,Provision_PT_737E_Security_Camera,test_benign,11190,0.04697931764624061,0.09479815650340032,0.01224564854055643,0.023505442775785923,0.13800835162401184,7.641371726989746,,0b28bbfbafb804c02ddb7dc00693688936b0fc8ea058600cdf66dc708390517c
nbaiot_main_global_threshold_seed5,global_threshold,5,nbaiot_main,Provision_PT_838_Security_Camera,test_benign,17734,0.05146340951518869,0.09696882256949531,0.01997705176472664,0.03388856537640095,0.13329213857650743,6.13021993637085,,5f446ed533ceb3bcdeaafa9ff0ed9d4f21f4fcaff1cdad5472761ec89bf7b9ee
nbaiot_main_global_threshold_seed5,global_threshold,5,nbaiot_main,Samsung_SNH_1011_N_Webcam,test_benign,9388,0.1503179126029654,0.5899808063466555,0.013790244236588478,0.04355328343808651,0.4863962128758427,26.819320678710938,,e0e04ec02d26f7ac27bf42d130b5a0c2e91bcb4781f0f0d37cf6ec628196b213
nbaiot_main_global_threshold_seed5,global_threshold,5,nbaiot_main,SimpleHome_XCS7_1002_WHT_Security_Camera,test_benign,8387,0.11587723861883202,0.24588549584684577,0.007981895469129086,0.018664514645934105,0.6962837696075439,3.898664951324463,,e1dfa8a49f50e812ac0138ca64a231bf3c57c374145c359809a9f6f1b996c8b8
nbaiot_main_global_threshold_seed5,global_threshold,5,nbaiot_main,SimpleHome_XCS7_1003_WHT_Security_Camera,test_benign,3517,0.07253229693754054,0.27032364380573387,0.010072029195725918,0.019266685470938683,0.30439392328262244,7.578206539154053,,63b1c36ec00663a23e2800426ce21415c8c71f148fcdc0b46aaaf7a30b08215b
nbaiot_main_global_threshold_seed5,global_threshold,5,nbaiot_main,Danmini_Doorbell,test_attack,968750,1383534.9961818967,1273406.579541111,1.1093332767486572,1082145.75,3751068.3499999996,3932695.25,,37f0beecc1e6d3eb125c040335e47ea1ff0afcd71771966d93fd83c934f0f726
nbaiot_main_global_threshold_seed5,global_threshold,5,nbaiot_main,Ecobee_Thermostat,test_attack,822763,329723.5662577596,341872.6606268692,0.24439549446105957,223918.515625,1005887.4562499995,1217482.0,,1125763645497da871f61d1078b3fe5e781b199931e4151be2515f9da255da92
nbaiot_main_global_threshold_seed5,global_threshold,5,nbaiot_main,Ennio_Doorbell,test_attack,316400,90340.86094739886,211056.72509190202,0.0782364010810852,0.15254537761211395,653215.1968749996,1039466.25,,792de86598a05c63ddeb9d95faf1dbfe9cd698bc3505a8bd63ee721031ed8346
nbaiot_main_global_threshold_seed5,global_threshold,5,nbaiot_main,Philips_B120N10_Baby_Monitor,test_attack,923437,2503.248658308321,2620.7387800991137,0.033592406660318375,1248.914794921875,7884.6815429687485,8683.798828125,,78e8540c1c57ea2c67cb5d3551171088667c3383bbdfef5fd09bf6c592caa1a5
nbaiot_main_global_threshold_seed5,global_threshold,5,nbaiot_main,Provision_PT_737E_Security_Camera,test_attack,766106,5225.1348136341385,15823.191811015306,0.054980792105197906,1800.2845458984375,12527.76220703125,147369.65625,,e67433faf76823a87bc728d325f1b391322f64efa82b4ffd0a550962c4f3a101
nbaiot_main_global_threshold_seed5,global_threshold,5,nbaiot_main,Provision_PT_838_Security_Camera,test_attack,738377,488.4824574028709,599.6934276838142,0.07235685735940933,321.6375427246094,1391.5450927734375,3768.057373046875,,a92106e760d51ad15b346428e57404c1bf138117a911b4c95ca321639b5cba6f
nbaiot_main_global_threshold_seed5,global_threshold,5,nbaiot_main,Samsung_SNH_1011_N_Webcam,test_attack,323072,1957.5883500016566,3294.968764304502,0.16537433862686157,0.4142132103443146,8620.348681640626,10140.75,,5d7774e7b340126d8b94cfd26a996cb0c51a1d49900e75278c6393959458573d
nbaiot_main_global_threshold_seed5,global_threshold,5,nbaiot_main,SimpleHome_XCS7_1002_WHT_Security_Camera,test_attack,816471,795.9276274133899,882.8009003511996,0.1131155863404274,423.1998596191406,2557.773193359375,3290.408935546875,,540e1918b8cb99a8117f36d240a09c897633557330c1678b8b0486e4e5bb35e1
nbaiot_main_global_threshold_seed5,global_threshold,5,nbaiot_main,SimpleHome_XCS7_1003_WHT_Security_Camera,test_attack,831298,8359.21632930578,7839.7112358095,0.274528831243515,7294.312744140625,23192.818749999995,31668.20703125,,836795204a73a47cdfe952b8bcee6e7751b1ad70d60826156007649656b5bb7b
nbaiot_main_global_threshold_seed6,global_threshold,6,nbaiot_main,Danmini_Doorbell,cal,9909,0.17932215900331336,1.4133115194386723,0.011297277174890041,0.028105424717068672,0.44087109565734894,56.75675964355469,,7b287975bda1afa1d652d1324ac254776b3c4b668747082682b15bf77bf6b5bb
nbaiot_main_global_threshold_seed6,global_threshold,6,nbaiot_main,Ecobee_Thermostat,cal,2622,0.11986186932900268,0.08884352103696513,0.04256615415215492,0.08652222901582718,0.28632404059171657,1.5077766180038452,,3a63250f42ff5a5179c8aa1c1ce3302a2144fd0605662fd9331504fb5d19524a
nbaiot_main_global_threshold_seed6,global_threshold,6,nbaiot_main,Ennio_Doorbell,cal,7820,0.09892374618048005,1.1258945899658221,0.00994616188108921,0.021437376737594604,0.1390735678374767,54.64084243774414,,a9d4be4d17a75786175fd3c785dc497cd795cf56c7a3791605e8f78468336f75
nbaiot_main_global_threshold_seed6,global_threshold,6,nbaiot_main,Philips_B120N10_Baby_Monitor,cal,35048,0.032449353955541486,0.11241824412993923,0.002504493109881878,0.006721776677295566,0.1176329143345356,2.382171869277954,,d61144fc5e7f006a5d2e40ccf17efd28e0fac3acfc704f9b82b007cc2c306e3e
nbaiot_main_global_threshold_seed6,global_threshold,6,nbaiot_main,Provision_PT_737E_Security_Camera,cal,12430,0.0427619525662242,0.09673034295431863,0.012935086153447628,0.020929191261529922,0.12041728235781189,8.749127388000488,,68ca26b981c169d4b451b51cefc4b18f6e8312963bb870f8473b96e345c82e2c
nbaiot_main_global_threshold_seed6,global_threshold,6,nbaiot_main,Provision_PT_838_Security_Camera,cal,19702,0.06111980836124511,0.11349730472542699,0.019893601536750793,0.03301153890788555,0.15965380370616913,5.901046276092529,,a15e7c23d57b6cd68115b6fc6cb78cf185365cac7b13d09a2f0b302e0bfc6efb
nbaiot_main_global_threshold_seed6,global_threshold,6,nbaiot_main,Samsung_SNH_1011_N_Webcam,cal,10430,0.15771559584164352,0.7334509189332732,0.009443153627216816,0.028834974393248558,0.5300369143486022,29.104080200195312,,d2433c2c7885ff4ff0b9f928adbf1a79037e1b3246a3686f89a606e709175652
nbaiot_main_global_threshold_seed6,global_threshold,6,nbaiot_main,SimpleHome_XCS7_1002_WHT_Security_Camera,cal,9317,0.10043319111920432,0.4302873871664663,0.008788353763520718,0.016965264454483986,0.6216105937957752,22.746763229370117,,436c4bdc6da592e3485b318e9fbf9184e8a54ee07aceafe5b0b6f81424c00bed
nbaiot_main_global_threshold_seed6,global_threshold,6,nbaiot_main,SimpleHome_XCS7_1003_WHT_Security_Camera,cal,3905,0.09674323802520539,0.396470374337726,0.008481231518089771,0.015407110564410686,0.5916271567344534,9.091458320617676,,2b78bb4c3737fa5beca2fbb1d6d4264d7b6662c8f39cb5d38e3ac34346b907de
nbaiot_main_global_threshold_seed6,global_threshold,6,nbaiot_main,Danmini_Doorbell,test_benign,8921,0.1399509433725624,1.123015057374437,0.011297277174890041,0.027702562510967255,0.2653549313545227,53.716766357421875,,595e7af73f904cc2b3330c724cbf765302838edecefdcc208da01196816eb882
nbaiot_main_global_threshold_seed6,global_threshold,6,nbaiot_main,Ecobee_Thermostat,test_benign,2362,0.13203295777811275,0.11639338394086816,0.04349261894822121,0.0970192663371563,0.31143223643302903,2.024304151535034,,898db002b4cbd71255c384eddc7f1b4a3a8160eef1c93c36c227a971b6ed9f16
nbaiot_main_global_threshold_seed6,global_threshold,6,nbaiot_main,Ennio_Doorbell,test_benign,7038,0.10925944428639521,1.1911950919691545,0.0102941719815135,0.020905080251395702,0.13731859400868413,54.64084243774414,,2619d90736b6ac5cc155ed68e3911958f388884a3e7cfc1c65d5500dc111a326
nbaiot_main_global_threshold_seed6,global_threshold,6,nbaiot_main,Philips_B120N10_Baby_Monitor,test_benign,31544,0.02562472041530205,0.09512523458896739,0.002504493109881878,0.0064190293196588755,0.07743273116648193,2.1910486221313477,,f7289a24fe95c8b5e3b8c5076170c257fccc9cede0ed2dbe7a0d35014b434f89
nbaiot_main_global_threshold_seed6,global_threshold,6,nbaiot_main,Provision_PT_737E_Security_Camera,test_benign,11190,0.04259209379202572,0.09997440641306597,0.013278903439640999,0.020675634033977985,0.12333261333405969,8.749127388000488,,f2ab198d9935de744fa7620cff1986df390b30b6e2afa34ecb7c3d7ab44d35d8
nbaiot_main_global_threshold_seed6,global_threshold,6,nbaiot_main,Provision_PT_838_Security_Camera,test_benign,17734,0.050179107757366115,0.09934653839295647,0.019519487395882607,0.03264107182621956,0.12025919295847415,5.901046276092529,,3e1f601fccefa76e0f3d7cce9e421f9012d316ec53d41ef62d9e553b99ba3496
nbaiot_main_global_threshold_seed6,global_threshold,6,nbaiot_main,Samsung_SNH_1011_N_Webcam,test_benign,9388,0.14069538688109368,0.6414420185494446,0.010318572632968426,0.029894237406551838,0.43915635794401103,29.104080200195312,,82d0f771738b7193054ad7cefd3613b580cffefdd8dda561271f7168ea67d849
nbaiot_main_global_threshold_seed6,global_threshold,6,nbaiot_main,SimpleHome_XCS7_1002_WHT_Security_Camera,test_benign,8387,0.11368894550087193,0.2353361747313314,0.009342879056930542,0.01912408508360386,0.6618231236934661,3.8694982528686523,,dc13cce9afc8235c2786be7ad4c8c7f3606e5d2f2349da6c26045e2bdd2446f8
nbaiot_main_global_threshold_seed6,global_threshold,6,nbaiot_main,SimpleHome_XCS7_1003_WHT_Security_Camera,test_benign,3517,0.061760047093438415,0.2591447764342149,0.008481231518089771,0.015063255093991756,0.2513158023357389,9.091458320617676,,89e6437a3a52b8bc1b23dd721e7fb81dfa44511bd5ba5ab8e331679b092c0d47
nbaiot_main_global_threshold_seed6,global_threshold,6,nbaiot_main,Danmini_Doorbell,test_attack,968750,1178185.53288441,1148397.4592491265,0.69353187084198,863417.75,3354463.0124999997,3938564.25,,5384500699f8a166b628ea48cc1e319a81fccfc948fa99f9177cd2432bc9425d
nbaiot_main_global_threshold_seed6,global_threshold,6,nbaiot_main,Ecobee_Thermostat,test_attack,822763,322021.3361053794,340581.99050122686,0.15423086285591125,221188.21875,1007387.0999999996,1366999.875,,bba8906446a0ba091d23c23c74e48059eb5a59b9a02edd48eaad4be6484e82ec
nbaiot_main_global_threshold_seed6,global_threshold,6,nbaiot_main,Ennio_Doorbell,test_attack,316400,95251.36890022988,213866.91604392108,0.06442833691835403,0.11060714721679688,652288.8875,1020268.75,,3fc30daaa1a159a3aebe65fa200634e3eea62004e28faecb7d5ee933c36e98f5
nbaiot_main_global_threshold_seed6,global_threshold,6,nbaiot_main,Philips_B120N10_Baby_Monitor,test_attack,923437,1882.6767876323834,2064.126100480609,0.03261353820562363,996.4105224609375,6442.466113281249,7159.00634765625,,c42e630f3fcc0eb342bb619b0cec206a854f8ced08b11dc026d97794bd8a83e8
nbaiot_main_global_threshold_seed6,global_threshold,6,nbaiot_main,Provision_PT_737E_Security_Camera,test_attack,766106,4357.96600878946,14355.983483871267,0.06707210838794708,1138.5488891601562,11528.524169921875,133573.28125,,e1ad7daf470a9f6218da64c87145336a68716628501d9838e2f0f4d75dc90e37
nbaiot_main_global_threshold_seed6,global_threshold,6,nbaiot_main,Provision_PT_838_Security_Camera,test_attack,738377,433.23980022554167,631.8226859258195,0.06045084074139595,183.53892517089844,1457.610522460937,3955.870849609375,,7d53526e26513df8a0d475e29a7742dd07f550be399933f868c9f5786a7ce5ff
nbaiot_main_global_threshold_seed6,global_threshold,6,nbaiot_main,Samsung_SNH_1011_N_Webcam,test_attack,323072,2216.644688507967,3736.7271739565163,0.12007622420787811,0.3543047308921814,9737.846777343751,11066.74609375,,8dd7dffcc7a36d107a1e756f0fe65aa01754e69a14de8cbe7795d841ec70528b
nbaiot_main_global_threshold_seed6,global_threshold,6,nbaiot_main,SimpleHome_XCS7_1002_WHT_Security_Camera,test_attack,816471,660.1861430479958,765.0524872376529,0.08655134588479996,348.79949951171875,2265.6226806640625,2925.74609375,,b0a8e3cbd17d5b36062ff106476612726f067835b3c25ac3cdd075eb4437ad49
nbaiot_main_global_threshold_seed6,global_threshold,6,nbaiot_main,SimpleHome_XCS7_1003_WHT_Security_Camera,test_attack,831298,10165.575599883701,10393.62415861931,0.1926492601633072,7273.506103515625,30485.398535156248,41962.13671875,,54089d4c774b70f418f07441a2c97dc9c4ab82703c0903ace0301c2fd60c96f3
nbaiot_main_global_threshold_seed7,global_threshold,7,nbaiot_main,Danmini_Doorbell,cal,9909,0.18859557956885722,1.4204052289222944,0.014107796363532543,0.036052946001291275,0.4322259664535529,76.2142333984375,,1b8d0a078d39629ea12b3ff9a5bf46e657f65cb909186159b09814dfbac1342e
nbaiot_main_global_threshold_seed7,global_threshold,7,nbaiot_main,Ecobee_Thermostat,cal,2622,0.12197955265288858,0.09065534751667909,0.04842819646000862,0.09409889206290245,0.27588356584310497,1.006693720817566,,6f21241ff9e068f0fbce18ab954de81bb92884329c4b13d950dafdeb2f3c23b7
nbaiot_main_global_threshold_seed7,global_threshold,7,nbaiot_main,Ennio_Doorbell,cal,7820,0.10828125190675793,1.0278209941581,0.009463069960474968,0.022593675181269646,0.1632537782192225,50.8148078918457,,43cff0b89dafab2f94cb6b7a92ae89450682889ce2494e5f26cdc497d5c740c7
nbaiot_main_global_threshold_seed7,global_threshold,7,nbaiot_main,Philips_B120N10_Baby_Monitor,cal,35048,0.030373155997514525,0.1130478377602485,0.0023841834627091885,0.005218764767050743,0.1072599854320288,2.2930831909179688,,e21929b4ee3114ca0b97fe62166e743f0aaf6ae0934ab6fd363ed6c45ac49e17
nbaiot_main_global_threshold_seed7,global_threshold,7,nbaiot_main,Provision_PT_737E_Security_Camera,cal,12430,0.052618977583627116,0.11820389492457549,0.011512736789882183,0.02123402152210474,0.17040315195918074,10.520044326782227,,c7e039cd0c03e0283ae49b4a44225f8fc6bfd396ac7be8b26dcbe59fff5263c0
nbaiot_main_global_threshold_seed7,global_threshold,7,nbaiot_main,Provision_PT_838_Security_Camera,cal,19702,0.0676250201821083,0.12488758745172401,0.01536635309457779,0.02868072036653757,0.1928467079997063,6.440190315246582,,64da51f4acd2e94c61f3e8da9b5e43c1ccc5cd62eea5476c29cfa620a11ba963
nbaiot_main_global_threshold_seed7,global_threshold,7,nbaiot_main,Samsung_SNH_1011_N_Webcam,cal,10430,0.18282212182720506,0.8412125723803335,0.012050215154886246,0.03655443526804447,0.6497595101594924,33.07512283325195,,05c55abc7244da8dea7aa31c149db00777b2903a92be543550947b21b95794b9
nbaiot_main_global_threshold_seed7,global_threshold,7,nbaiot_main,SimpleHome_XCS7_1002_WHT_Security_Camera,cal,9317,0.09247125897623916,0.40903064746671247,0.006398209370672703,0.014809876680374146,0.5387758135795585,18.318151473999023,,8090e2f820f329eed84883e5186ee64f345f3cca5c4e2c1c314a787a2d7e2db8
nbaiot_main_global_threshold_seed7,global_threshold,7,nbaiot_main,SimpleHome_XCS7_1003_WHT_Security_Camera,cal,3905,0.10218039502922766,0.3968671588868655,0.008550873026251793,0.016715899109840393,0.6604601025581347,8.630276679992676,,267b43bb2af9a6098785284f02b65efbd1ec3c74867bc5777175ada4d2271cb1
nbaiot_main_global_threshold_seed7,global_threshold,7,nbaiot_main,Danmini_Doorbell,test_benign,8921,0.1516799197431285,1.248334666310021,0.014312561601400375,0.03546584025025368,0.27182894945144653,76.2142333984375,,c0c1f68800238781bccea151279ee856e8a819ccafcdd4bb72550ad2ef70951c
nbaiot_main_global_threshold_seed7,global_threshold,7,nbaiot_main,Ecobee_Thermostat,test_benign,2362,0.13874851609442215,0.1361606619120529,0.0502815768122673,0.09975818544626236,0.33424636274576186,2.354640483856201,,ec807d454af94fe5a43f340cf8669d332450c802b591d15dc8ee8fe256859735
nbaiot_main_global_threshold_seed7,global_threshold,7,nbaiot_main,Ennio_Doorbell,test_benign,7038,0.12101444065780968,1.0904038144203336,0.009650037623941898,0.022019301541149616,0.1612544536590574,50.8148078918457,,39ea54c36a37e3e6b97b2cb5035886097bbd39c559890b68be0db93dbfc0eda9
nbaiot_main_global_threshold_seed7,global_threshold,7,nbaiot_main,Philips_B120N10_Baby_Monitor,test_benign,31544,0.022982486746863953,0.08879015146693206,0.002258499851450324,0.004995353054255247,0.06672145873308177,2.8012397289276123,,c01a4cd5b51566c804894325747ac96be5827b8220e75aeca899f2fce3e60290
nbaiot_main_global_threshold_seed7,global_threshold,7,nbaiot_main,Provision_PT_737E_Security_Camera,test_benign,11190,0.05200751091755587,0.12179991652578,0.01158280298113823,0.020890946500003338,0.16914018020033822,10.520044326782227,,8bab28a0309c34d1586ce258aa4a712ba8413b02958ae4dd7bb4b91e26ca7a59
nbaiot_main_global_threshold_seed7,global_threshold,7,nbaiot_main,Provision_PT_838_Security_Camera,test_benign,17734,0.054951887118360285,0.10811211760719452,0.01561584509909153,0.0291921803727746,0.15465062037110322,6.440190315246582,,2e2256c2fece115f4ab5b585f1e5d198448e15f891838f402e502c173c9b45eb
nbaiot_main_global_threshold_seed7,global_threshold,7,nbaiot_main,Samsung_SNH_1011_N_Webcam,test_benign,9388,0.15237661687086618,0.6927004772117125,0.012926595285534859,0.03771420009434223,0.4708759620785712,33.07512283325195,,df6c83da84de518c2eee26b60504e3d55a9679e2456d969af8b175d3d726f575
nbaiot_main_global_threshold_seed7,global_threshold,7,nbaiot_main,SimpleHome_XCS7_1002_WHT_Security_Camera,test_benign,8387,0.10868533668585216,0.23989237730079807,0.006133510731160641,0.01622636616230011,0.5987372696399689,3.7738468647003174,,0cae75305af58fb2f25af7f1a2686421f9f9b1c9af67e8781e0ca6428b02c8be
nbaiot_main_global_threshold_seed7,global_threshold,7,nbaiot_main,SimpleHome_XCS7_1003_WHT_Security_Camera,test_benign,3517,0.063883424293539,0.25333306700696656,0.00883189495652914,0.01508908811956644,0.258938401937484,8.630276679992676,,cb0d543391129db31877d63ebc9e972e8b54d5a6231b9cf1c373a2a5e01dc223
nbaiot_main_global_threshold_seed7,global_threshold,7,nbaiot_main,Danmini_Doorbell,test_attack,968750,1221852.59650229,1157754.830184571,1.144652009010315,948750.78125,3408684.6624999987,3662318.75,,12385b253f2904ad1fea0d3389123a0844c103b22f32692031202e1c6e2f4502
nbaiot_main_global_threshold_seed7,global_threshold,7,nbaiot_main,Ecobee_Thermostat,test_attack,822763,321663.5384184659,319455.65685430984,0.15699724853038788,255469.90625,932576.8312499997,1244242.625,,a691655f9d5a3e303bfc25b451f3168455e78671e29f3e8d3aafdc04379a9647
nbaiot_main_global_threshold_seed7,global_threshold,7,nbaiot_main,Ennio_Doorbell,test_attack,316400,86819.31221922625,199171.42077921744,0.06640898436307907,0.2136659175157547,615204.5718749999,977076.3125,,491e69ce70d0deb8757d800ea676db54f23abd097e42676630e6ca37294f1bb8
nbaiot_main_global_threshold_seed7,global_threshold,7,nbaiot_main,Philips_B120N10_Baby_Monitor,test_attack,923437,2002.7415305888087,2121.3586943756864,0.029133936390280724,1088.7237548828125,6552.592187499999,7322.59765625,,69ed6291c32c52ebb80bd34d6a92087a5a6c54c7040c3ca1408bae602e3132a0
nbaiot_main_global_threshold_seed7,global_threshold,7,nbaiot_main,Provision_PT_737E_Security_Camera,test_attack,766106,5197.128524910975,18798.091513352698,0.04956967383623123,1293.0353393554688,11510.166748046875,175259.890625,,422c1aa67b481875c654359e72eb2c19c5ca76f2af192c655b7e76a694aed06f
nbaiot_main_global_threshold_seed7,global_threshold,7,nbaiot_main,Provision_PT_838_Security_Camera,test_attack,738377,433.4019785475494,592.8698076163283,0.03520181402564049,211.63389587402344,1605.032617187499,3556.879150390625,,c9f32802c5a625cce3eecf6cff73d0ecd670afa4cd402a52f96fb0c3f3b550df
nbaiot_main_global_threshold_seed7,global_threshold,7,nbaiot_main,Samsung_SNH_1011_N_Webcam,test_attack,323072,2963.934532710078,5025.632763527688,0.158378005027771,0.746160626411438,13170.529003906251,15029.509765625,,928233916b529eababef7f413e6c867e3e66ed58381dcedb8894a056b9229ebc
nbaiot_main_global_threshold_seed7,global_threshold,7,nbaiot_main,SimpleHome_XCS7_1002_WHT_Security_Camera,test_attack,816471,679.318570618973,772.5968993531358,0.06679298728704453,352.1520690917969,2270.330322265625,2972.747802734375,,52046a67ce041e6e0752b3f67f6cb256a98f9144d43ff70296d911a1283547c5
nbaiot_main_global_threshold_seed7,global_threshold,7,nbaiot_main,SimpleHome_XCS7_1003_WHT_Security_Camera,test_attack,831298,10181.837903053747,9923.22772808858,0.19812671840190887,7769.744873046875,28198.3623046875,40949.53125,,4d8641a59cd2b9c2eed0a4047ca82570b7ab0eace39025115b9313b6449a6f4e
nbaiot_main_global_threshold_seed8,global_threshold,8,nbaiot_main,Danmini_Doorbell,cal,9909,0.19557139585436575,1.374457588815888,0.016063228249549866,0.03666612133383751,0.4855330705642701,54.585792541503906,,2d8de6596e896493591e4ee7cc22aad4e1bd9b32bf37f6b8c65e0a5d7b33b681
nbaiot_main_global_threshold_seed8,global_threshold,8,nbaiot_main,Ecobee_Thermostat,cal,2622,0.14556885852949433,0.09080555634790688,0.052598997950553894,0.12237906828522682,0.33148062676191253,1.287423014640808,,004672b02c60e076c79d2c7c42197da6cab1d4794deb200b16d70158da9500e8
nbaiot_main_global_threshold_seed8,global_threshold,8,nbaiot_main,Ennio_Doorbell,cal,7820,0.1102627773552447,1.173355624002683,0.010248261503875256,0.022593460977077484,0.1889535330235958,58.09344482421875,,e5c246220e22908dae790defb3ea832148ecb8c0712688de4f25dcc365b5fa80
nbaiot_main_global_threshold_seed8,global_threshold,8,nbaiot_main,Philips_B120N10_Baby_Monitor,cal,35048,0.03218748919122985,0.11691290382768985,0.002601447282359004,0.005439048400148749,0.12199610956013204,2.16142201423645,,fed2f6985be5990e92e0a23ba4e31b5fd9b60a859544bbae955c7210978be932
nbaiot_main_global_threshold_seed8,global_threshold,8,nbaiot_main,Provision_PT_737E_Security_Camera,cal,12430,0.04202297043118233,0.10587674778514096,0.008885014802217484,0.017143852077424526,0.1171332750469446,9.789861679077148,,3a0cd4e6bc3a0fd6e586acd9af579d10717aa8445240a27ece8c449bf903dbca
nbaiot_main_global_threshold_seed8,global_threshold,8,nbaiot_main,Provision_PT_838_Security_Camera,cal,19702,0.05360154088825001,0.10753422928082805,0.013959551230072975,0.026112401857972145,0.1479500874876976,6.067587375640869,,47b8a42821c9573f05bbd4532de6d0b129b5fd1328f6031c74b257a32c4ba80b
nbaiot_main_global_threshold_seed8,global_threshold,8,nbaiot_main,Samsung_SNH_1011_N_Webcam,cal,10430,0.1935325037126366,0.8721856726586934,0.013912319205701351,0.038612667471170425,0.7008317053318023,31.217119216918945,,2e3430adc677d3b99580ff1a740a179bd64c0f10afddf9a0e7bbfe6f14db183d
nbaiot_main_global_threshold_seed8,global_threshold,8,nbaiot_main,SimpleHome_XCS7_1002_WHT_Security_Camera,cal,9317,0.13631186058585454,0.526636364313867,0.008734406903386116,0.018834354355931282,0.9889944791793823,30.827621459960938,,ede5b46c74a4c21910b66f31a0ac20acc576473f7ece896af4a8fde8066ddc7c
nbaiot_main_global_threshold_seed8,global_threshold,8,nbaiot_main,SimpleHome_XCS7_1003_WHT_Security_Camera,cal,3905,0.10815069637572566,0.4075759869389225,0.008868585340678692,0.023305300623178482,0.6395730972290039,8.342120170593262,,32a8c0730cf579ebe0fa729b08d172e5dee3d0528192876227b2ae4b1ac1c412
nbaiot_main_global_threshold_seed8,global_threshold,8,nbaiot_main,Danmini_Doorbell,test_benign,8921,0.15920535287581883,1.1801118163011461,0.01588481478393078,0.03599393367767334,0.287284791469574,54.585792541503906,,0cc03595b95e53ee17e085d0117b80f795d86f3d3d0e7cf8e31e3cdc5092ece4
nbaiot_main_global_threshold_seed8,global_threshold,8,nbaiot_main,Ecobee_Thermostat,test_benign,2362,0.1583508583657904,0.1348602038735084,0.048938900232315063,0.12442541867494583,0.3414373129606241,2.5441205501556396,,4614209972f4cc427a8baeaec1ce2f6066a390cdd85861350b05077f251a91eb
nbaiot_main_global_threshold_seed8,global_threshold,8,nbaiot_main,Ennio_Doorbell,test_benign,7038,0.1234876089945063,1.2437308195825778,0.010828901082277298,0.022191697731614113,0.18870118260383606,58.09344482421875,,3a9bb2582776a928ace1e9632ca381c6f88ca64f617a7e439b6cfedfddc635c2
nbaiot_main_global_threshold_seed8,global_threshold,8,nbaiot_main,Philips_B120N10_Baby_Monitor,test_benign,31544,0.02478417275248823,0.09513067971475082,0.002585027599707246,0.004901112290099263,0.08189171850681305,2.16142201423645,,2a6f8508a42d7aa7885d8d6e4833ff5012eb4303bcf84bfb90771b77e2af21b8
nbaiot_main_global_threshold_seed8,global_threshold,8,nbaiot_main,Provision_PT_737E_Security_Camera,test_benign,11190,0.04144442424118199,0.10890930869295345,0.008885014802217484,0.01692940667271614,0.11711226031184195,9.789861679077148,,9d0c2d00179e0c1b382248042e770766fe266b348a13c2fbebc3b1939c71b5ce
nbaiot_main_global_threshold_seed8,global_threshold,8,nbaiot_main,Provision_PT_838_Security_Camera,test_benign,17734,0.04631668640071871,0.09301555379389323,0.014330285601317883,0.029074931517243385,0.11815308555960648,6.067587375640869,,a8620d7013066a2d706bee13092f110609d328a84ec94868d9aa7a1f01cd40a2
nbaiot_main_global_threshold_seed8,global_threshold,8,nbaiot_main,Samsung_SNH_1011_N_Webcam,test_benign,9388,0.16722092949201975,0.7484843355090011,0.013334071263670921,0.043688785284757614,0.5246138274669646,31.217119216918945,,84c66fb9bdfb421c0be9a22fcbd505a264fae13d18416fedd76e6f37d0c4e43b
nbaiot_main_global_threshold_seed8,global_threshold,8,nbaiot_main,SimpleHome_XCS7_1002_WHT_Security_Camera,test_benign,8387,0.15555025337742984,0.33522009193242214,0.009552882984280586,0.02077406458556652,0.9922870218753814,3.6519181728363037,,d096eec51f2c1f8f0376f72feb3133dd979e30b8722cf3c2beb4bdfb1f81b74b
nbaiot_main_global_threshold_seed8,global_threshold,8,nbaiot_main,SimpleHome_XCS7_1003_WHT_Security_Camera,test_benign,3517,0.07233729799783066,0.26675641152062707,0.008839706890285015,0.022905712947249413,0.287207382917404,7.4477949142456055,,440b92d4419694d8473d70ee1d955cadb03536306d80d9a07ef25f9e25e09c18
nbaiot_main_global_threshold_seed8,global_threshold,8,nbaiot_main,Danmini_Doorbell,test_attack,968750,1380355.566991431,1273215.713998722,0.8397306799888611,1119569.375,3763247.0499999993,4214355.0,,1ce2bd5a00920ba9d2aaa0202aefd7718b1c2a3d942d29b81e9828f4aa35c562
nbaiot_main_global_threshold_seed8,global_threshold,8,nbaiot_main,Ecobee_Thermostat,test_attack,822763,434131.2877254405,443868.40716957365,0.20984813570976257,322912.90625,1309699.7624999995,1742216.75,,3fab740794f673b758d851ff91487a1e2331aaf2b7a16789fc76b3283d04ab76
nbaiot_main_global_threshold_seed8,global_threshold,8,nbaiot_main,Ennio_Doorbell,test_attack,316400,106245.00469491145,240778.75697600702,0.10109400749206543,0.21867722272872925,743593.690625,1153323.625,,45082227f1fbc94d4070108aede51fa64cdfc9a8da6b3dc7288d4844ab594b65
nbaiot_main_global_threshold_seed8,global_threshold,8,nbaiot_main,Philips_B120N10_Baby_Monitor,test_attack,923437,2414.8598967592247,2433.288034462769,0.03058544173836708,1451.9979248046875,7263.4842773437485,7960.53271484375,,0cdef531951bc7449d4a825be47121d374f533002b1f1747f19d1a4095266e3c
nbaiot_main_global_threshold_seed8,global_threshold,8,nbaiot_main,Provision_PT_737E_Security_Camera,test_attack,766106,5631.403665958277,18756.147813595082,0.07717663794755936,1617.41064453125,14940.51708984375,174133.4375,,2ec8ca4111307bbf30427a3d8e2c33127a4b31f8b2d93c4836d302debfe72e3b
nbaiot_main_global_threshold_seed8,global_threshold,8,nbaiot_main,Provision_PT_838_Security_Camera,test_attack,738377,596.9589861209336,783.0449131559269,0.036340244114398956,331.79425048828125,1856.3411865234366,4830.35595703125,,3deb999fe528e3240866c692fb3acba49ccaa1e4e0fc03366652dcb80921a8f8
nbaiot_main_global_threshold_seed8,global_threshold,8,nbaiot_main,Samsung_SNH_1011_N_Webcam,test_attack,323072,2309.231875490266,3940.645550541416,0.1279788315296173,0.6483696103096008,10507.081640625001,11537.2109375,,aefa2e816518ab319c49af16f3c0e8ed192899776cd13b02090bf4fb7d496eef
nbaiot_main_global_threshold_seed8,global_threshold,8,nbaiot_main,SimpleHome_XCS7_1002_WHT_Security_Camera,test_attack,816471,872.1143407766082,982.6886324906642,0.07937968522310257,494.1325988769531,2919.9041748046875,3749.4033203125,,7676733b63460137bef9a9e7bcc03f7d9810b6a4bec07eb533f63b543af672b2
nbaiot_main_global_threshold_seed8,global_threshold,8,nbaiot_main,SimpleHome_XCS7_1003_WHT_Security_Camera,test_attack,831298,12446.425770766666,12002.589876551598,0.2011883705854416,10197.21142578125,35929.48085937499,48979.73828125,,a760aa2d72551690694fe56c197ddc7c3df40e7a71839abd1494917cd1c0f7d3
nbaiot_main_global_threshold_seed9,global_threshold,9,nbaiot_main,Danmini_Doorbell,cal,9909,0.19769363562170542,1.7778513220407446,0.025240261107683182,0.04243871569633484,0.45583250522613555,95.47725677490234,,365208317bab66cef23dd0d0fc78aeb5c876c0d476be07cfa584160960fefd97
nbaiot_main_global_threshold_seed9,global_threshold,9,nbaiot_main,Ecobee_Thermostat,cal,2622,0.12359772427227778,0.08451618796574055,0.047755155712366104,0.0943538099527359,0.27302483469247785,1.0407546758651733,,b6da52fff5f614cae5020b15118852e08ae8f6b70a155964ac468ca2210e7fe6
nbaiot_main_global_threshold_seed9,global_threshold,9,nbaiot_main,Ennio_Doorbell,cal,7820,0.10769660969210022,1.1801438929986747,0.00960029847919941,0.021849319338798523,0.16708210110664362,60.36776351928711,,f27369ab026e36d0e6ed0dfb04e12491c2b6c0e73986e8468ece3c80b715a407
nbaiot_main_global_threshold_seed9,global_threshold,9,nbaiot_main,Philips_B120N10_Baby_Monitor,cal,35048,0.029992056622449352,0.11391634535572617,0.002097924007102847,0.005682991584762931,0.10738971382379538,3.0334575176239014,,975ad9addd916db876a305b305fe7abfa1104c1ec373093cffee39c13e5a88c4
nbaiot_main_global_threshold_seed9,global_threshold,9,nbaiot_main,Provision_PT_737E_Security_Camera,cal,12430,0.04179254053407802,0.10153178225622973,0.01091689895838499,0.020820997655391693,0.119672293961048,9.259465217590332,,87d78f9e8cd26adc00496a783c19c802392fddbc1d986a150b57d3555b0be7f7
nbaiot_main_global_threshold_seed9,global_threshold,9,nbaiot_main,Provision_PT_838_Security_Camera,cal,19702,0.05871131349583393,0.12362277331665339,0.01632596179842949,0.02779691107571125,0.17572442591190343,7.010151386260986,,fba5ebfa6cdd5e4dffbbb471483c076075da2fc8ff6433c512eda1b2c8b10886
nbaiot_main_global_threshold_seed9,global_threshold,9,nbaiot_main,Samsung_SNH_1011_N_Webcam,cal,10430,0.17489201208239033,0.737591938065841,0.015090449713170528,0.03624488599598408,0.8005066782236094,26.491910934448242,,bdec1f247452eaae8b417f5c0334d1496b87d536131600c4cd8ee9c19f39610e
nbaiot_main_global_threshold_seed9,global_threshold,9,nbaiot_main,SimpleHome_XCS7_1002_WHT_Security_Camera,cal,9317,0.12462326284832641,0.5571405143715467,0.008176345378160477,0.017737412825226784,0.846114432811737,28.854434967041016,,31b26d84545cddeca53808e533c2d4b8e4a133c129ad0769f151ba4953281cba
nbaiot_main_global_threshold_seed9,global_threshold,9,nbaiot_main,SimpleHome_XCS7_1003_WHT_Security_Camera,cal,3905,0.11563671772486307,0.45251512293357876,0.009381545707583427,0.016977934166789055,0.7667231559753418,8.883809089660645,,a3daafac9f538ec8f0896f13470d89a03c93b4c3a48edcfa1a98a5bb8e4484d0
nbaiot_main_global_threshold_seed9,global_threshold,9,nbaiot_main,Danmini_Doorbell,test_benign,8921,0.16123100732967946,1.6269190184294777,0.025156483054161072,0.04181094840168953,0.2707307040691376,95.47725677490234,,6e670da5f9041b5c979607554791dab5e1c424766c7df7d42174d77d7f4a7753
nbaiot_main_global_threshold_seed9,global_threshold,9,nbaiot_main,Ecobee_Thermostat,test_benign,2362,0.1368727037394506,0.12884393461531843,0.04890912026166916,0.09972942620515823,0.32792054414749094,2.854854106903076,,0a6b352e77293ad47450792c1b2e46eb92b1db1739553e4aa685baef64518c8f
nbaiot_main_global_threshold_seed9,global_threshold,9,nbaiot_main,Ennio_Doorbell,test_benign,7038,0.12071450944787723,1.2493911266265516,0.009225578047335148,0.02147385012358427,0.16558225527405737,60.36776351928711,,4acadf19ee92fa5f2eda0ec4ec67ca8ac434b2ce0a525b970847e61edd506f32
nbaiot_main_global_threshold_seed9,global_threshold,9,nbaiot_main,Philips_B120N10_Baby_Monitor,test_benign,31544,0.023428304575229486,0.09663941373225,0.0019253701902925968,0.005589403910562396,0.06607946790754789,3.0334575176239014,,43bed342baffdd991e62fc031cb4e75c830bdf47c6f0509ca5bcee0abd20dbc9
nbaiot_main_global_threshold_seed9,global_threshold,9,nbaiot_main,Provision_PT_737E_Security_Camera,test_benign,11190,0.0418004194917898,0.10526056969419015,0.01100289449095726,0.020454139448702335,0.12323728017508973,9.259465217590332,,01085acd161875d64e1976f6c6aa12ee9f29ecdcee02ae6e2e9759898deb9bd0
nbaiot_main_global_threshold_seed9,global_threshold,9,nbaiot_main,Provision_PT_838_Security_Camera,test_benign,17734,0.04577008289469546,0.10794479877981064,0.015918303281068802,0.026796714402735233,0.11478223465383049,7.010151386260986,,f05b6408f35dd8941a63adb7e7a21885e16d1e7f9a34d2e1e77b8e6127682927
nbaiot_main_global_threshold_seed9,global_threshold,9,nbaiot_main,Samsung_SNH_1011_N_Webcam,test_benign,9388,0.14740869483597416,0.6069606824101896,0.015580189414322376,0.03842689283192158,0.5039389401674262,26.491910934448242,,a6ccfe5b047e6784a0327c9a776f9001fc7ac432ccbb61a235bf612371b83b95
nbaiot_main_global_threshold_seed9,global_threshold,9,nbaiot_main,SimpleHome_XCS7_1002_WHT_Security_Camera,test_benign,8387,0.13171077525540537,0.2776126252160997,0.00914221815764904,0.018946459516882896,0.8246468186378477,3.668104887008667,,371f172c953eee1884270fa3c0717413e251ec6e2ab4ca21e02913c93337bbfe
nbaiot_main_global_threshold_seed9,global_threshold,9,nbaiot_main,SimpleHome_XCS7_1003_WHT_Security_Camera,test_benign,3517,0.06721089341838463,0.24745805416219396,0.009381545707583427,0.015038162469863892,0.23190787434577914,6.654689311981201,,dbc6781c47422c06436683e2f6b1a07e63a08926052d1d40cb80e2990a3e7c84
nbaiot_main_global_threshold_seed9,global_threshold,9,nbaiot_main,Danmini_Doorbell,test_attack,968750,1131270.2423342706,1125876.5624856302,0.8246845006942749,782247.25,3060500.7624999997,4471218.5,,b0d5e151a05913dcb8d0623396b2cf142deae0543738e0e9155d03ebe4d61782
nbaiot_main_global_threshold_seed9,global_threshold,9,nbaiot_main,Ecobee_Thermostat,test_attack,822763,345738.28671027394,352492.32672971074,0.18811462819576263,256481.9375,1020105.4249999998,1460331.5,,367959362826e6464329fcaee36bb59e13f0c3951379f20d47517a47861f7d64
nbaiot_main_global_threshold_seed9,global_threshold,9,nbaiot_main,Ennio_Doorbell,test_attack,316400,119042.81725043924,270041.35140679637,0.08535225689411163,0.1417287141084671,827905.5718749999,1293069.375,,6e1b42defb46c0fed47c61babc0c6652825ef92c2d1a981b9d10cce82f2bd7e7
nbaiot_main_global_threshold_seed9,global_threshold,9,nbaiot_main,Philips_B120N10_Baby_Monitor,test_attack,923437,1623.1464739588291,1707.6494035239434,0.030538400635123253,978.7810668945312,5309.469628906248,5868.19580078125,,5525f01fca9223519232cab13a9d0700c35cab4685d1f7498aca4ed0f9142d23
nbaiot_main_global_threshold_seed9,global_threshold,9,nbaiot_main,Provision_PT_737E_Security_Camera,test_attack,766106,4577.058303035564,16521.355230728874,0.0679413229227066,948.0608825683594,13184.381591796875,153023.890625,,ba68106238c89216831ce4b6055cb3d36fcc8e30c10066d8e6827fb112b8b88a
nbaiot_main_global_threshold_seed9,global_threshold,9,nbaiot_main,Provision_PT_838_Security_Camera,test_attack,738377,472.5807867885557,746.1685262557204,0.0812935158610344,185.44692993164062,1774.4388427734366,4815.14990234375,,402ce55f03b564d2a0830d0ae4c5f9c03f183440d226bef1ba88c45cb7c86c74
nbaiot_main_global_threshold_seed9,global_threshold,9,nbaiot_main,Samsung_SNH_1011_N_Webcam,test_attack,323072,2315.1993825881127,3992.4860238150236,0.1876852661371231,0.42493128776550293,10704.755517578127,13059.541015625,,101ce418d749ed30a6a8ad747246e8a841d99648e521d4361a3de9276aeebd56
nbaiot_main_global_threshold_seed9,global_threshold,9,nbaiot_main,SimpleHome_XCS7_1002_WHT_Security_Camera,test_attack,816471,668.9125531458099,787.9677259186369,0.05652984604239464,344.663818359375,2322.2786865234375,3065.37744140625,,5d718748d9ae8193a4d6b9c56f3739a73fdc4ccf45536a8441040c59119e8061
nbaiot_main_global_threshold_seed9,global_threshold,9,nbaiot_main,SimpleHome_XCS7_1003_WHT_Security_Camera,test_attack,831298,11963.579072862984,12030.560015861909,0.2174789160490036,8387.34521484375,34429.601757812496,49924.71875,,7a99c45434e57e4837146488cbc1a5fbdda62dd5a17f88f30fe78fd4faeeec15
nbaiot_main_global_threshold_seed3,global_threshold,3,nbaiot_main,Danmini_Doorbell,cal,9909,0.17732741924254466,1.2777601037987663,0.0178231094032526,0.043671708554029465,0.4731938600540162,63.35372543334961,,fb083aed675900060d84d243036293860220951051e2b392862166bf05450b80
nbaiot_main_global_threshold_seed3,global_threshold,3,nbaiot_main,Ecobee_Thermostat,cal,2622,0.1384664628168811,0.08813658231931676,0.04556887596845627,0.10761105269193649,0.26930424869060493,1.2878029346466064,,c1d12d707b56b945e9dbd35af789eb7c0e8c32ce1467b13088017abb16d0758e
nbaiot_main_global_threshold_seed3,global_threshold,3,nbaiot_main,Ennio_Doorbell,cal,7820,0.10552035820517984,0.9378458591017235,0.009125868789851665,0.020461424253880978,0.1751981854438781,46.04868698120117,,b3fd58ec9936ed40a4396bc8595e455ebcad3a73910a0cd8e6f1e82377ca6693
nbaiot_main_global_threshold_seed3,global_threshold,3,nbaiot_main,Philips_B120N10_Baby_Monitor,cal,35048,0.0338732210928402,0.11874956442349553,0.0028228843584656715,0.006798898801207542,0.1274134851992131,2.240597724914551,,1fa4203b9dd4b3302ac2ba6786556af0d49730b2c1307229f33826a138cccea7
nbaiot_main_global_threshold_seed3,global_threshold,3,nbaiot_main,Provision_PT_737E_Security_Camera,cal,12430,0.043736908358258775,0.08118076710497298,0.010188165120780468,0.021215065382421017,0.12445045150816438,6.091916084289551,,8847e6b843ef999bc31b81eb2f6277b822575446f29e50f3d862657a0018679d
nbaiot_main_global_threshold_seed3,global_threshold,3,nbaiot_main,Provision_PT_838_Security_Camera,cal,19702,0.05454116557676463,0.10196688477214198,0.015653906390070915,0.027591269463300705,0.14416954666376114,5.25756311416626,,3ddeed802cc057a74caa05feabfe1ada2c6ddb2fea1efce8f2d133dc22bef774
nbaiot_main_global_threshold_seed3,global_threshold,3,nbaiot_main,Samsung_SNH_1011_N_Webcam,cal,10430,0.19415175694506168,0.7840968149786158,0.014453159645199776,0.038283696398139,0.9982847481966018,21.34222984313965,,8d64fc04183e2042a184b2d4917b6e6d07702fdc41be2cccbb2404a90122435c
nbaiot_main_global_threshold_seed3,global_threshold,3,nbaiot_main,SimpleHome_XCS7_1002_WHT_Security_Camera,cal,9317,0.11545622473889701,0.4529605807866178,0.007225545588880777,0.01778542622923851,0.8133240938186642,28.65690803527832,,c9404168c64df4f818ecea2e843d932a87efaeb6deb0bec4516af83f57d1be56
nbaiot_main_global_threshold_seed3,global_threshold,3,nbaiot_main,SimpleHome_XCS7_1003_WHT_Security_Camera,cal,3905,0.10719280317175309,0.425303178284946,0.00778991961851716,0.018703369423747063,0.5624268889427184,9.307389259338379,,f3b60f65423f8ef45d39c20d322854c37c29772bf99347d65a2c81f2d695640e
nbaiot_main_global_threshold_seed3,global_threshold,3,nbaiot_main,Danmini_Doorbell,test_benign,8921,0.14201973193709178,1.054025390389226,0.0178231094032526,0.04230441525578499,0.2595847249031067,63.35372543334961,,5fad0d931859c6d99a21f8775105ce575730b362c0a9e384e8b340efea13dd96
nbaiot_main_global_threshold_seed3,global_threshold,3,nbaiot_main,Ecobee_Thermostat,test_benign,2362,0.14970440686436703,0.13327390174265996,0.043547373265028,0.11276673898100853,0.31845376044511764,2.559818983078003,,a112274ff9e665eb63c8ea0aa3eed79c921ecf9fc1f59cd5e29597f30d8aa733
nbaiot_main_global_threshold_seed3,global_threshold,3,nbaiot_main,Ennio_Doorbell,test_benign,7038,0.11704324056590508,0.9950908994615124,0.009288408793509007,0.02001223247498274,0.1739931091666221,46.04868698120117,,96f2cd88745e1dde51e59cb5e81e52b3591d9164a7aac5159ced5b1cb3e5070a
nbaiot_main_global_threshold_seed3,global_threshold,3,nbaiot_main,Philips_B120N10_Baby_Monitor,test_benign,31544,0.026495657817004973,0.0995875380468867,0.003005795879289508,0.006678778678178787,0.08344550766050808,2.572352886199951,,5cae354773929de63046740d5eea55d847ec0318c7de726ccad2b2b3ba0725e9
nbaiot_main_global_threshold_seed3,global_threshold,3,nbaiot_main,Provision_PT_737E_Security_Camera,test_benign,11190,0.04351718612256609,0.08262684315861368,0.010211502201855183,0.020955202169716358,0.12588696628808962,6.091916084289551,,743038953de284462705af01ee0cc09cb93726cb084253e891a03aa3b3af9d70
nbaiot_main_global_threshold_seed3,global_threshold,3,nbaiot_main,Provision_PT_838_Security_Camera,test_benign,17734,0.04608219489980385,0.08620969686433728,0.014943578280508518,0.029190754517912865,0.11244204193353653,5.127771377563477,,e43b06e4482c0f3fb83dc2e68aa65f3b2fc0336c7403a14d1b548293feccb4a4
nbaiot_main_global_threshold_seed3,global_threshold,3,nbaiot_main,Samsung_SNH_1011_N_Webcam,test_benign,9388,0.16665730617940822,0.6550343473091169,0.015029316768050194,0.042310599237680435,0.6214977949857703,21.34222984313965,,bca76773776d76204f7213344070005bff3bd59428fdf95070db0579cf542ba5
nbaiot_main_global_threshold_seed3,global_threshold,3,nbaiot_main,SimpleHome_XCS7_1002_WHT_Security_Camera,test_benign,8387,0.13117976568955086,0.2742777729347213,0.007054408546537161,0.019786758348345757,0.8150918304920196,3.5766639709472656,,33e018cf350e77965f933aad99c13c25584e232f7c7e77e6df404682242ed200
nbaiot_main_global_threshold_seed3,global_threshold,3,nbaiot_main,SimpleHome_XCS7_1003_WHT_Security_Camera,test_benign,3517,0.07231692252148399,0.2856087216090379,0.008298077620565891,0.01630043052136898,0.28166479468345623,8.650397300720215,,379bf396b49985918eda6a7f0b3667fc0df73662d3546730c8cfcb2201243283
nbaiot_main_global_threshold_seed3,global_threshold,3,nbaiot_main,Danmini_Doorbell,test_attack,968750,1399844.1639845967,1358607.3312857305,0.9247624278068542,992461.21875,4097034.337499999,4436949.5,,006d3ca43737e666e6148c737c8dcede488475a7b531309a4f8bf67f2dbfaace
nbaiot_main_global_threshold_seed3,global_threshold,3,nbaiot_main,Ecobee_Thermostat,test_attack,822763,393928.83346750966,427815.9910301915,0.18435747921466827,257797.21875,1277025.5749999997,1635335.125,,13e51721c1478f4d3f5048737eb89366fa3e2d21e44fb42203ca11d24d9d99fd
nbaiot_main_global_threshold_seed3,global_threshold,3,nbaiot_main,Ennio_Doorbell,test_attack,316400,104265.5795632055,234149.34956268445,0.07996710389852524,0.07996723055839539,714789.684375,1114674.625,,8a74ab5efac46f23369c0f0bed7fde4431d3d6fca71f14afde7f542e91971aa4
nbaiot_main_global_threshold_seed3,global_threshold,3,nbaiot_main,Philips_B120N10_Baby_Monitor,test_attack,923437,2568.4034905014814,2875.713198341103,0.03597324341535568,1209.6964111328125,8833.8712890625,9751.0498046875,,5e090b228986371801708839febb234adc7df0e2c881188405506836fb21af3a
nbaiot_main_global_threshold_seed3,global_threshold,3,nbaiot_main,Provision_PT_737E_Security_Camera,test_attack,766106,4884.402827487291,13591.450810641703,0.03881300985813141,1670.7247314453125,12830.766357421875,125812.0703125,,1fa83b83c254f2a3b74109a13f7f776cd475f19cb32de8dbaae80231202abf4d
nbaiot_main_global_threshold_seed3,global_threshold,3,nbaiot_main,Provision_PT_838_Security_Camera,test_attack,738377,493.13182220543547,690.2972577829701,0.055457524955272675,221.90013122558594,1612.6469970703124,4261.87646484375,,b99c091a479e2ef749473b8384fdf724a9e2025f8b7ed522efbba274fe90b681
nbaiot_main_global_threshold_seed3,global_threshold,3,nbaiot_main,Samsung_SNH_1011_N_Webcam,test_attack,323072,2362.1039281865637,3979.5310210887615,0.1901382952928543,0.399005651473999,10296.687158203125,11619.7705078125,,a21d1d4e2a8ed3b2ddb6bad3cc4b0debdc5b605ffddb76bd9079b49906cd8f65
nbaiot_main_global_threshold_seed3,global_threshold,3,nbaiot_main,SimpleHome_XCS7_1002_WHT_Security_Camera,test_attack,816471,783.5029681172442,894.4163752015188,0.10919023305177689,413.2335510253906,2634.8985595703125,3402.40673828125,,dc3eb0f98610e464ae4149dea4a7cd2bbdd0557347e9b32cb60b79b926494889
nbaiot_main_global_threshold_seed3,global_threshold,3,nbaiot_main,SimpleHome_XCS7_1003_WHT_Security_Camera,test_attack,831298,11521.831896804642,11931.982928706788,0.21715882420539856,8344.5283203125,35256.21328124999,47414.95703125,,3fd0ea1c878a84e518e3d9d5d002b320bde51bb36c7e838b5ebbb73d76757486
