run_id,timestamp,git_commit_hash,seed,dataset,stage,policy,client_count,split_hash,model_hash,encoder_hash,training_config_hash,preprocessing_config_hash,scoring_code_hash,threshold_code_hash,metrics_code_hash,artifact_schema_version,convergence_round,convergence_criterion_value,convergence_status,eligible_clients,calibration_pending_clients,evaluation_incomplete_clients,feature_count,feature_list_hash,threshold_aggregation_method,normalization_scope,train_count,calibration_count,test_count
nbaiot_main_global_threshold_seed2,2026-10-03T09:37:30.911249+00:00,cb5f3a90c207060361c25b730ab4e5d96306c19c,2,nbaiot,nbaiot_main,global_threshold,9,98badfa9249cfdc738456f4638696bcf11a048c2c83a00486f9a44e015df93b9,46a27db41700ca14b07d6afc545dcee65442a6b925c9b60b0527a3cd197e0bdc,46a27db41700ca14b07d6afc545dcee65442a6b925c9b60b0527a3cd197e0bdc,52bb0635cbd2a914eaee500702df359385587b4aaecc0e0713d046806191d903,1090687cf64d55573a5eab66e04789b7c4153e3fa2030974b912e0edc12a9b47,b047331c8dd3dcef3a309adcc8a01abf0090864631c6e8da458c18329b375f5b,f08fc5643dcab0e3009233ddb1ec3df63cbb80dd2c49456c6ac1842d8bac542d,dc2b822b87481fab237ce8360722395ccf9ae743ce3f2c46490ae81c7f314d70,1.0,,0.008787087930790981,not_converged,9,0,0,115,d333c9d4bf529ed634b151faec9c344a3239db77ca0e9067b0ba2c76148f8e25,eligible_client_arithmetic_mean,,,,6606755
nbaiot_main_global_threshold_seed1,2026-10-03T09:37:30.911249+00:00,cb5f3a90c207060361c25b730ab4e5d96306c19c,1,nbaiot,nbaiot_main,global_threshold,9,98badfa9249cfdc738456f4638696bcf11a048c2c83a00486f9a44e015df93b9,27b526cd99a112587591171fbf4071a7fab8930753fba21f87a9209f76b90317,27b526cd99a112587591171fbf4071a7fab8930753fba21f87a9209f76b90317,267420a28d90d71452dc74440fed7377d2e0f5e703f7c77b55b3cbc878cf71bd,1090687cf64d55573a5eab66e04789b7c4153e3fa2030974b912e0edc12a9b47,b047331c8dd3dcef3a309adcc8a01abf0090864631c6e8da458c18329b375f5b,f08fc5643dcab0e3009233ddb1ec3df63cbb80dd2c49456c6ac1842d8bac542d,dc2b822b87481fab237ce8360722395ccf9ae743ce3f2c46490ae81c7f314d70,1.0,,0.011256725855228572,not_converged,9,0,0,115,d333c9d4bf529ed634b151faec9c344a3239db77ca0e9067b0ba2c76148f8e25,eligible_client_arithmetic_mean,,,,6606755
nbaiot_main_global_threshold_seed0,2026-10-03T09:37:30.911249+00:00,cb5f3a90c207060361c25b730ab4e5d96306c19c,0,nbaiot,nbaiot_main,global_threshold,9,98badfa9249cfdc738456f4638696bcf11a048c2c83a00486f9a44e015df93b9,82d6be1e3d87298171f801ec6da7873f8de5d65b8f7b47c2109c93cffd15b5c4,82d6be1e3d87298171f801ec6da7873f8de5d65b8f7b47c2109c93cffd15b5c4,e66276cfdd434c474af8a4a956c1f12668c52c97d1dd61ac629658af85a1c546,1090687cf64d55573a5eab66e04789b7c4153e3fa2030974b912e0edc12a9b47,b047331c8dd3dcef3a309adcc8a01abf0090864631c6e8da458c18329b375f5b,f08fc5643dcab0e3009233ddb1ec3df63cbb80dd2c49456c6ac1842d8bac542d,dc2b822b87481fab237ce8360722395ccf9ae743ce3f2c46490ae81c7f314d70,1.0,,0.023236548073533432,not_converged,9,0,0,115,d333c9d4bf529ed634b151faec9c344a3239db77ca0e9067b0ba2c76148f8e25,eligible_client_arithmetic_mean,,,,6606755
nbaiot_main_cluster_threshold_seed1,2026-10-03T09:37:30.911249+00:00,cb5f3a90c207060361c25b730ab4e5d96306c19c,1,nbaiot,nbaiot_main,cluster_threshold,9,98badfa9249cfdc738456f4638696bcf11a048c2c83a00486f9a44e015df93b9,27b526cd99a112587591171fbf4071a7fab8930753fba21f87a9209f76b90317,27b526cd99a112587591171fbf4071a7fab8930753fba21f87a9209f76b90317,8ba4e811131914a5920b75ef70a93578d60bfa2fdcb48788bd5c42b243fc5517,1090687cf64d55573a5eab66e04789b7c4153e3fa2030974b912e0edc12a9b47,b047331c8dd3dcef3a309adcc8a01abf0090864631c6e8da458c18329b375f5b,f08fc5643dcab0e3009233ddb1ec3df63cbb80dd2c49456c6ac1842d8bac542d,dc2b822b87481fab237ce8360722395ccf9ae743ce3f2c46490ae81c7f314d70,1.0,,0.011256725855228572,not_converged,9,0,0,115,d333c9d4bf529ed634b151faec9c344a3239db77ca0e9067b0ba2c76148f8e25,eligible_cluster_arithmetic_mean,,,,6606755
nbaiot_main_cluster_threshold_seed8,2026-10-03T09:37:30.911249+00:00,cb5f3a90c207060361c25b730ab4e5d96306c19c,8,nbaiot,nbaiot_main,cluster_threshold,9,98badfa9249cfdc738456f4638696bcf11a048c2c83a00486f9a44e015df93b9,c323f7b2bf5bb80495a815bf25d5bf4019b1e876390c20e3296927923f81c2ae,c323f7b2bf5bb80495a815bf25d5bf4019b1e876390c20e3296927923f81c2ae,85f47a68b2aaf3e1362a61bc33c5cb856d436b2178a2297d4dc53bb0ce42fdaf,1090687cf64d55573a5eab66e04789b7c4153e3fa2030974b912e0edc12a9b47,b047331c8dd3dcef3a309adcc8a01abf0090864631c6e8da458c18329b375f5b,f08fc5643dcab0e3009233ddb1ec3df63cbb80dd2c49456c6ac1842d8bac542d,dc2b822b87481fab237ce8360722395ccf9ae743ce3f2c46490ae81c7f314d70,1.0,,0.013736383551079813,not_converged,9,0,0,115,d333c9d4bf529ed634b151faec9c344a3239db77ca0e9067b0ba2c76148f8e25,eligible_cluster_arithmetic_mean,,,,6606755
nbaiot_main_cluster_threshold_seed9,2026-10-03T09:37:30.911249+00:00,cb5f3a90c207060361c25b730ab4e5d96306c19c,9,nbaiot,nbaiot_main,cluster_threshold,9,98badfa9249cfdc738456f4638696bcf11a048c2c83a00486f9a44e015df93b9,3e404b50dd73e02e3c55c0ab9d3cc823a8c0ff729ca5685ec90536bbdaed4b03,3e404b50dd73e02e3c55c0ab9d3cc823a8c0ff729ca5685ec90536bbdaed4b03,5e9ea455c3ef5d53016bbf58bf1439848986fbba39cf003959c7fc326a5ff78a,1090687cf64d55573a5eab66e04789b7c4153e3fa2030974b912e0edc12a9b47,b047331c8dd3dcef3a309adcc8a01abf0090864631c6e8da458c18329b375f5b,f08fc5643dcab0e3009233ddb1ec3df63cbb80dd2c49456c6ac1842d8bac542d,dc2b822b87481fab237ce8360722395ccf9ae743ce3f2c46490ae81c7f314d70,1.0,,0.0158019486278996,not_converged,9,0,0,115,d333c9d4bf529ed634b151faec9c344a3239db77ca0e9067b0ba2c76148f8e25,eligible_cluster_arithmetic_mean,,,,6606755
nbaiot_main_cluster_threshold_seed6,2026-10-03T09:37:30.911249+00:00,cb5f3a90c207060361c25b730ab4e5d96306c19c,6,nbaiot,nbaiot_main,cluster_threshold,9,98badfa9249cfdc738456f4638696bcf11a048c2c83a00486f9a44e015df93b9,4c93341b9bbc004afd40ca0639e1e7668f3af27d6623cd725d150f7f95618e29,4c93341b9bbc004afd40ca0639e1e7668f3af27d6623cd725d150f7f95618e29,6d09dc352f736466432aa6b40382f938868ff4ca42d1e0530aaec4ecfb1020c6,1090687cf64d55573a5eab66e04789b7c4153e3fa2030974b912e0edc12a9b47,b047331c8dd3dcef3a309adcc8a01abf0090864631c6e8da458c18329b375f5b,f08fc5643dcab0e3009233ddb1ec3df63cbb80dd2c49456c6ac1842d8bac542d,dc2b822b87481fab237ce8360722395ccf9ae743ce3f2c46490ae81c7f314d70,1.0,,0.008663154883511385,not_converged,9,0,0,115,d333c9d4bf529ed634b151faec9c344a3239db77ca0e9067b0ba2c76148f8e25,eligible_cluster_arithmetic_mean,,,,6606755
nbaiot_main_cluster_threshold_seed7,2026-10-03T09:37:30.911249+00:00,cb5f3a90c207060361c25b730ab4e5d96306c19c,7,nbaiot,nbaiot_main,cluster_threshold,9,98badfa9249cfdc738456f4638696bcf11a048c2c83a00486f9a44e015df93b9,124497370466f48fa5efc26f94e682cfde51cf0bb60df8eeb17d876480d7c08d,124497370466f48fa5efc26f94e682cfde51cf0bb60df8eeb17d876480d7c08d,f81d3c46faa81bce5a33a3c8df35a2f798fe9e8f94150068dcce454ff9c2f72a,1090687cf64d55573a5eab66e04789b7c4153e3fa2030974b912e0edc12a9b47,b047331c8dd3dcef3a309adcc8a01abf0090864631c6e8da458c18329b375f5b,f08fc5643dcab0e3009233ddb1ec3df63cbb80dd2c49456c6ac1842d8bac542d,dc2b822b87481fab237ce8360722395ccf9ae743ce3f2c46490ae81c7f314d70,1.0,,0.00905614557548481,not_converged,9,0,0,115,d333c9d4bf529ed634b151faec9c344a3239db77ca0e9067b0ba2c76148f8e25,eligible_cluster_arithmetic_mean,,,,6606755
nbaiot_main_global_threshold_seed4,2026-10-03T09:37:30.911249+00:00,cb5f3a90c207060361c25b730ab4e5d96306c19c,4,nbaiot,nbaiot_main,global_threshold,9,98badfa9249cfdc738456f4638696bcf11a048c2c83a00486f9a44e015df93b9,d0394ac7e34c1ba9250eab61df629c2d066855596824263461cd586cb34035bb,d0394ac7e34c1ba9250eab61df629c2d066855596824263461cd586cb34035bb,3acf74659367067696c93f45c2221c1a2389dda6b797a91bf53873f071bda9d1,1090687cf64d55573a5eab66e04789b7c4153e3fa2030974b912e0edc12a9b47,b047331c8dd3dcef3a309adcc8a01abf0090864631c6e8da458c18329b375f5b,f08fc5643dcab0e3009233ddb1ec3df63cbb80dd2c49456c6ac1842d8bac542d,dc2b822b87481fab237ce8360722395ccf9ae743ce3f2c46490ae81c7f314d70,1.0,,0.014611787123593015,not_converged,9,0,0,115,d333c9d4bf529ed634b151faec9c344a3239db77ca0e9067b0ba2c76148f8e25,eligible_client_arithmetic_mean,,,,6606755
nbaiot_main_global_threshold_seed5,2026-10-03T09:37:30.911249+00:00,cb5f3a90c207060361c25b730ab4e5d96306c19c,5,nbaiot,nbaiot_main,global_threshold,9,98badfa9249cfdc738456f4638696bcf11a048c2c83a00486f9a44e015df93b9,2d9d514de3a1388ba5a5753bb805c4fd63f59c8a742632a99d7057436f4ebd0d,2d9d514de3a1388ba5a5753bb805c4fd63f59c8a742632a99d7057436f4ebd0d,687b96e729cad29844e617f4cd5f5f39a1b88a9b6445d207a178ed89fc500c3c,1090687cf64d55573a5eab66e04789b7c4153e3fa2030974b912e0edc12a9b47,b047331c8dd3dcef3a309adcc8a01abf0090864631c6e8da458c18329b375f5b,f08fc5643dcab0e3009233ddb1ec3df63cbb80dd2c49456c6ac1842d8bac542d,dc2b822b87481fab237ce8360722395ccf9ae743ce3f2c46490ae81c7f314d70,1.0,,0.012088155568171645,not_converged,9,0,0,115,d333c9d4bf529ed634b151faec9c344a3239db77ca0e9067b0ba2c76148f8e25,eligible_client_arithmetic_mean,,,,6606755
nbaiot_main_global_threshold_seed6,2026-10-03T09:37:30.911249+00:00,cb5f3a90c207060361c25b730ab4e5d96306c19c,6,nbaiot,nbaiot_main,global_threshold,9,98badfa9249cfdc738456f4638696bcf11a048c2c83a00486f9a44e015df93b9,4c93341b9bbc004afd40ca0639e1e7668f3af27d6623cd725d150f7f95618e29,4c93341b9bbc004afd40ca0639e1e7668f3af27d6623cd725d150f7f95618e29,eeaa683b462a41310926029ed2d38defb4836350130efeb45caeb091e462777a,1090687cf64d55573a5eab66e04789b7c4153e3fa2030974b912e0edc12a9b47,b047331c8dd3dcef3a309adcc8a01abf0090864631c6e8da458c18329b375f5b,f08fc5643dcab0e3009233ddb1ec3df63cbb80dd2c49456c6ac1842d8bac542d,dc2b822b87481fab237ce8360722395ccf9ae743ce3f2c46490ae81c7f314d70,1.0,,0.008663154883511385,not_converged,9,0,0,115,d333c9d4bf529ed634b151faec9c344a3239db77ca0e9067b0ba2c76148f8e25,eligible_client_arithmetic_mean,,,,6606755
nbaiot_main_global_threshold_seed7,2026-10-03T09:37:30.911249+00:00,cb5f3a90c207060361c25b730ab4e5d96306c19c,7,nbaiot,nbaiot_main,global_threshold,9,98badfa9249cfdc738456f4638696bcf11a048c2c83a00486f9a44e015df93b9,124497370466f48fa5efc26f94e682cfde51cf0bb60df8eeb17d876480d7c08d,124497370466f48fa5efc26f94e682cfde51cf0bb60df8eeb17d876480d7c08d,5cc1f33a9f4beb6f3125fa68c7b2220389112cc735e8f034be28440f9ae384cf,1090687cf64d55573a5eab66e04789b7c4153e3fa2030974b912e0edc12a9b47,b047331c8dd3dcef3a309adcc8a01abf0090864631c6e8da458c18329b375f5b,f08fc5643dcab0e3009233ddb1ec3df63cbb80dd2c49456c6ac1842d8bac542d,dc2b822b87481fab237ce8360722395ccf9ae743ce3f2c46490ae81c7f314d70,1.0,,0.00905614557548481,not_converged,9,0,0,115,d333c9d4bf529ed634b151faec9c344a3239db77ca0e9067b0ba2c76148f8e25,eligible_client_arithmetic_mean,,,,6606755
nbaiot_main_global_threshold_seed8,2026-10-03T09:37:30.911249+00:00,cb5f3a90c207060361c25b730ab4e5d96306c19c,8,nbaiot,nbaiot_main,global_threshold,9,98badfa9249cfdc738456f4638696bcf11a048c2c83a00486f9a44e015df93b9,c323f7b2bf5bb80495a815bf25d5bf4019b1e876390c20e3296927923f81c2ae,c323f7b2bf5bb80495a815bf25d5bf4019b1e876390c20e3296927923f81c2ae,ebc054f5d379b2c120d45a4cf8c3227ff464956614581715621e00fb89e8f598,1090687cf64d55573a5eab66e04789b7c4153e3fa2030974b912e0edc12a9b47,b047331c8dd3dcef3a309adcc8a01abf0090864631c6e8da458c18329b375f5b,f08fc5643dcab0e3009233ddb1ec3df63cbb80dd2c49456c6ac1842d8bac542d,dc2b822b87481fab237ce8360722395ccf9ae743ce3f2c46490ae81c7f314d70,1.0,,0.013736383551079813,not_converged,9,0,0,115,d333c9d4bf529ed634b151faec9c344a3239db77ca0e9067b0ba2c76148f8e25,eligible_client_arithmetic_mean,,,,6606755
nbaiot_main_global_threshold_seed9,2026-10-03T09:37:30.911249+00:00,cb5f3a90c207060361c25b730ab4e5d96306c19c,9,nbaiot,nbaiot_main,global_threshold,9,98badfa9249cfdc738456f4638696bcf11a048c2c83a00486f9a44e015df93b9,3e404b50dd73e02e3c55c0ab9d3cc823a8c0ff729ca5685ec90536bbdaed4b03,3e404b50dd73e02e3c55c0ab9d3cc823a8c0ff729ca5685ec90536bbdaed4b03,85af4bcd17aa0ff2fd25fd6864e675f380f7b38b536307b7b5e73f60f0bdbde8,1090687cf64d55573a5eab66e04789b7c4153e3fa2030974b912e0edc12a9b47,b047331c8dd3dcef3a309adcc8a01abf0090864631c6e8da458c18329b375f5b,f08fc5643dcab0e3009233ddb1ec3df63cbb80dd2c49456c6ac1842d8bac542d,dc2b822b87481fab237ce8360722395ccf9ae743ce3f2c46490ae81c7f314d70,1.0,,0.0158019486278996,not_converged,9,0,0,115,d333c9d4bf529ed634b151faec9c344a3239db77ca0e9067b0ba2c76148f8e25,eligible_client_arithmetic_mean,,,,6606755
nbaiot_main_local_threshold_seed0,2026-10-03T09:37:30.911249+00:00,cb5f3a90c207060361c25b730ab4e5d96306c19c,0,nbaiot,nbaiot_main,local_threshold,9,98badfa9249cfdc738456f4638696bcf11a048c2c83a00486f9a44e015df93b9,82d6be1e3d87298171f801ec6da7873f8de5d65b8f7b47c2109c93cffd15b5c4,82d6be1e3d87298171f801ec6da7873f8de5d65b8f7b47c2109c93cffd15b5c4,b0159ef99a497a72455a5a4a394278bf9ebb4bed092372f0588af68eb1211f09,1090687cf64d55573a5eab66e04789b7c4153e3fa2030974b912e0edc12a9b47,b047331c8dd3dcef3a309adcc8a01abf0090864631c6e8da458c18329b375f5b,f08fc5643dcab0e3009233ddb1ec3df63cbb80dd2c49456c6ac1842d8bac542d,dc2b822b87481fab237ce8360722395ccf9ae743ce3f2c46490ae81c7f314d70,1.0,,0.023236548073533432,not_converged,9,0,0,115,d333c9d4bf529ed634b151faec9c344a3239db77ca0e9067b0ba2c76148f8e25,per_client_percentile,,,,6606755
nbaiot_main_local_threshold_seed1,2026-10-03T09:37:30.911249+00:00,cb5f3a90c207060361c25b730ab4e5d96306c19c,1,nbaiot,nbaiot_main,local_threshold,9,98badfa9249cfdc738456f4638696bcf11a048c2c83a00486f9a44e015df93b9,27b526cd99a112587591171fbf4071a7fab8930753fba21f87a9209f76b90317,27b526cd99a112587591171fbf4071a7fab8930753fba21f87a9209f76b90317,98ab3dc6980ae8f986be40ca90136f542c408e5c5e47a29d1806720ec10e8081,1090687cf64d55573a5eab66e04789b7c4153e3fa2030974b912e0edc12a9b47,b047331c8dd3dcef3a309adcc8a01abf0090864631c6e8da458c18329b375f5b,f08fc5643dcab0e3009233ddb1ec3df63cbb80dd2c49456c6ac1842d8bac542d,dc2b822b87481fab237ce8360722395ccf9ae743ce3f2c46490ae81c7f314d70,1.0,,0.011256725855228572,not_converged,9,0,0,115,d333c9d4bf529ed634b151faec9c344a3239db77ca0e9067b0ba2c76148f8e25,per_client_percentile,,,,6606755
nbaiot_main_local_threshold_seed2,2026-10-03T09:37:30.911249+00:00,cb5f3a90c207060361c25b730ab4e5d96306c19c,2,nbaiot,nbaiot_main,local_threshold,9,98badfa9249cfdc738456f4638696bcf11a048c2c83a00486f9a44e015df93b9,46a27db41700ca14b07d6afc545dcee65442a6b925c9b60b0527a3cd197e0bdc,46a27db41700ca14b07d6afc545dcee65442a6b925c9b60b0527a3cd197e0bdc,aae2fcd7c5e75f3be1c123da455b57636871a276560ccc85203d0fb34f9e2e7e,1090687cf64d55573a5eab66e04789b7c4153e3fa2030974b912e0edc12a9b47,b047331c8dd3dcef3a309adcc8a01abf0090864631c6e8da458c18329b375f5b,f08fc5643dcab0e3009233ddb1ec3df63cbb80dd2c49456c6ac1842d8bac542d,dc2b822b87481fab237ce8360722395ccf9ae743ce3f2c46490ae81c7f314d70,1.0,,0.008787087930790981,not_converged,9,0,0,115,d333c9d4bf529ed634b151faec9c344a3239db77ca0e9067b0ba2c76148f8e25,per_client_percentile,,,,6606755
nbaiot_main_local_threshold_seed3,2026-10-03T09:37:30.911249+00:00,cb5f3a90c207060361c25b730ab4e5d96306c19c,3,nbaiot,nbaiot_main,local_threshold,9,98badfa9249cfdc738456f4638696bcf11a048c2c83a00486f9a44e015df93b9,ed4e02a88a49afbc90d72a81c65dec809ec91fa4d0993c20ea56f69c052568a6,ed4e02a88a49afbc90d72a81c65dec809ec91fa4d0993c20ea56f69c052568a6,aa18c69198bba7ec6e289d861a2772b1b75f9c1fc367fcd0cafa23e37db10f4f,1090687cf64d55573a5eab66e04789b7c4153e3fa2030974b912e0edc12a9b47,b047331c8dd3dcef3a309adcc8a01abf0090864631c6e8da458c18329b375f5b,f08fc5643dcab0e3009233ddb1ec3df63cbb80dd2c49456c6ac1842d8bac542d,dc2b822b87481fab237ce8360722395ccf9ae743ce3f2c46490ae81c7f314d70,1.0,,0.007428068969976105,not_converged,9,0,0,115,d333c9d4bf529ed634b151faec9c344a3239db77ca0e9067b0ba2c76148f8e25,per_client_percentile,,,,6606755
nbaiot_main_local_threshold_seed4,2026-10-03T09:37:30.911249+00:00,cb5f3a90c207060361c25b730ab4e5d96306c19c,4,nbaiot,nbaiot_main,local_threshold,9,98badfa9249cfdc738456f4638696bcf11a048c2c83a00486f9a44e015df93b9,d0394ac7e34c1ba9250eab61df629c2d066855596824263461cd586cb34035bb,d0394ac7e34c1ba9250eab61df629c2d066855596824263461cd586cb34035bb,013c71c660f5b5c331cb1090209e2f6976bd89936e76fb78acddeac1b80fa885,1090687cf64d55573a5eab66e04789b7c4153e3fa2030974b912e0edc12a9b47,b047331c8dd3dcef3a309adcc8a01abf0090864631c6e8da458c18329b375f5b,f08fc5643dcab0e3009233ddb1ec3df63cbb80dd2c49456c6ac1842d8bac542d,dc2b822b87481fab237ce8360722395ccf9ae743ce3f2c46490ae81c7f314d70,1.0,,0.014611787123593015,not_converged,9,0,0,115,d333c9d4bf529ed634b151faec9c344a3239db77ca0e9067b0ba2c76148f8e25,per_client_percentile,,,,6606755
nbaiot_main_local_threshold_seed5,2026-10-03T09:37:30.911249+00:00,cb5f3a90c207060361c25b730ab4e5d96306c19c,5,nbaiot,nbaiot_main,local_threshold,9,98badfa9249cfdc738456f4638696bcf11a048c2c83a00486f9a44e015df93b9,2d9d514de3a1388ba5a5753bb805c4fd63f59c8a742632a99d7057436f4ebd0d,2d9d514de3a1388ba5a5753bb805c4fd63f59c8a742632a99d7057436f4ebd0d,aafd891d62efc14112d30b9ecc06233fb73765cd135b3758b9b482f713db52f7,1090687cf64d55573a5eab66e04789b7c4153e3fa2030974b912e0edc12a9b47,b047331c8dd3dcef3a309adcc8a01abf0090864631c6e8da458c18329b375f5b,f08fc5643dcab0e3009233ddb1ec3df63cbb80dd2c49456c6ac1842d8bac542d,dc2b822b87481fab237ce8360722395ccf9ae743ce3f2c46490ae81c7f314d70,1.0,,0.012088155568171645,not_converged,9,0,0,115,d333c9d4bf529ed634b151faec9c344a3239db77ca0e9067b0ba2c76148f8e25,per_client_percentile,,,,6606755
nbaiot_main_local_threshold_seed6,2026-10-03T09:37:30.911249+00:00,cb5f3a90c207060361c25b730ab4e5d96306c19c,6,nbaiot,nbaiot_main,local_threshold,9,98badfa9249cfdc738456f4638696bcf11a048c2c83a00486f9a44e015df93b9,4c93341b9bbc004afd40ca0639e1e7668f3af27d6623cd725d150f7f95618e29,4c93341b9bbc004afd40ca0639e1e7668f3af27d6623cd725d150f7f95618e29,c0f1b8c6afa7add21c800d31693c9a385a589b02535534c9c21bb964a730ae1a,1090687cf64d55573a5eab66e04789b7c4153e3fa2030974b912e0edc12a9b47,b047331c8dd3dcef3a309adcc8a01abf0090864631c6e8da458c18329b375f5b,f08fc5643dcab0e3009233ddb1ec3df63cbb80dd2c49456c6ac1842d8bac542d,dc2b822b87481fab237ce8360722395ccf9ae743ce3f2c46490ae81c7f314d70,1.0,,0.008663154883511385,not_converged,9,0,0,115,d333c9d4bf529ed634b151faec9c344a3239db77ca0e9067b0ba2c76148f8e25,per_client_percentile,,,,6606755
nbaiot_main_local_threshold_seed7,2026-10-03T09:37:30.911249+00:00,cb5f3a90c207060361c25b730ab4e5d96306c19c,7,nbaiot,nbaiot_main,local_threshold,9,98badfa9249cfdc738456f4638696bcf11a048c2c83a00486f9a44e015df93b9,124497370466f48fa5efc26f94e682cfde51cf0bb60df8eeb17d876480d7c08d,124497370466f48fa5efc26f94e682cfde51cf0bb60df8eeb17d876480d7c08d,40a783ad450779bbfd3317157fc75ae2820962c2769db31c76a5885950f60899,1090687cf64d55573a5eab66e04789b7c4153e3fa2030974b912e0edc12a9b47,b047331c8dd3dcef3a309adcc8a01abf0090864631c6e8da458c18329b375f5b,f08fc5643dcab0e3009233ddb1ec3df63cbb80dd2c49456c6ac1842d8bac542d,dc2b822b87481fab237ce8360722395ccf9ae743ce3f2c46490ae81c7f314d70,1.0,,0.00905614557548481,not_converged,9,0,0,115,d333c9d4bf529ed634b151faec9c344a3239db77ca0e9067b0ba2c76148f8e25,per_client_percentile,,,,6606755
nbaiot_main_local_threshold_seed8,2026-10-03T09:37:30.911249+00:00,cb5f3a90c207060361c25b730ab4e5d96306c19c,8,nbaiot,nbaiot_main,local_threshold,9,98badfa9249cfdc738456f4638696bcf11a048c2c83a00486f9a44e015df93b9,c323f7b2bf5bb80495a815bf25d5bf4019b1e876390c20e3296927923f81c2ae,c323f7b2bf5bb80495a815bf25d5bf4019b1e876390c20e3296927923f81c2ae,924c210258159459c8df7edce6d8a672eb7603c18c47c10c08fb2d8a7d912300,1090687cf64d55573a5eab66e04789b7c4153e3fa2030974b912e0edc12a9b47,b047331c8dd3dcef3a309adcc8a01abf0090864631c6e8da458c18329b375f5b,f08fc5643dcab0e3009233ddb1ec3df63cbb80dd2c49456c6ac1842d8bac542d,dc2b822b87481fab237ce8360722395ccf9ae743ce3f2c46490ae81c7f314d70,1.0,,0.013736383551079813,not_converged,9,0,0,115,d333c9d4bf529ed634b151faec9c344a3239db77ca0e9067b0ba2c76148f8e25,per_client_percentile,,,,6606755
nbaiot_main_local_threshold_seed9,2026-10-03T09:37:30.911249+00:00,cb5f3a90c207060361c25b730ab4e5d96306c19c,9,nbaiot,nbaiot_main,local_threshold,9,98badfa9249cfdc738456f4638696bcf11a048c2c83a00486f9a44e015df93b9,3e404b50dd73e02e3c55c0ab9d3cc823a8c0ff729ca5685ec90536bbdaed4b03,3e404b50dd73e02e3c55c0ab9d3cc823a8c0ff729ca5685ec90536bbdaed4b03,75229f0ac845073f7f9533ef947196e10abcbacb065e34ad11b376f0f1acfe93,1090687cf64d55573a5eab66e04789b7c4153e3fa2030974b912e0edc12a9b47,b047331c8dd3dcef3a309adcc8a01abf0090864631c6e8da458c18329b375f5b,f08fc5643dcab0e3009233ddb1ec3df63cbb80dd2c49456c6ac1842d8bac542d,dc2b822b87481fab237ce8360722395ccf9ae743ce3f2c46490ae81c7f314d70,1.0,,0.0158019486278996,not_converged,9,0,0,115,d333c9d4bf529ed634b151faec9c344a3239db77ca0e9067b0ba2c76148f8e25,per_client_percentile,,,,6606755
nbaiot_main_cluster_threshold_seed3,2026-10-03T09:37:30.911249+00:00,cb5f3a90c207060361c25b730ab4e5d96306c19c,3,nbaiot,nbaiot_main,cluster_threshold,9,98badfa9249cfdc738456f4638696bcf11a048c2c83a00486f9a44e015df93b9,ed4e02a88a49afbc90d72a81c65dec809ec91fa4d0993c20ea56f69c052568a6,ed4e02a88a49afbc90d72a81c65dec809ec91fa4d0993c20ea56f69c052568a6,0d2ba6ec2c1945c21cb1ad3d2dbe333199cdff0417db2a3387b217c114c9d50d,1090687cf64d55573a5eab66e04789b7c4153e3fa2030974b912e0edc12a9b47,b047331c8dd3dcef3a309adcc8a01abf0090864631c6e8da458c18329b375f5b,f08fc5643dcab0e3009233ddb1ec3df63cbb80dd2c49456c6ac1842d8bac542d,dc2b822b87481fab237ce8360722395ccf9ae743ce3f2c46490ae81c7f314d70,1.0,,0.007428068969976105,not_converged,9,0,0,115,d333c9d4bf529ed634b151faec9c344a3239db77ca0e9067b0ba2c76148f8e25,eligible_cluster_arithmetic_mean,,,,6606755
nbaiot_main_cluster_threshold_seed0,2026-10-03T09:37:30.911249+00:00,cb5f3a90c207060361c25b730ab4e5d96306c19c,0,nbaiot,nbaiot_main,cluster_threshold,9,98badfa9249cfdc738456f4638696bcf11a048c2c83a00486f9a44e015df93b9,82d6be1e3d87298171f801ec6da7873f8de5d65b8f7b47c2109c93cffd15b5c4,82d6be1e3d87298171f801ec6da7873f8de5d65b8f7b47c2109c93cffd15b5c4,bafa2b27320855a604d84061febbd7d061c7090307301d1cdd48fba5ed1b9775,1090687cf64d55573a5eab66e04789b7c4153e3fa2030974b912e0edc12a9b47,b047331c8dd3dcef3a309adcc8a01abf0090864631c6e8da458c18329b375f5b,f08fc5643dcab0e3009233ddb1ec3df63cbb80dd2c49456c6ac1842d8bac542d,dc2b822b87481fab237ce8360722395ccf9ae743ce3f2c46490ae81c7f314d70,1.0,,0.023236548073533432,not_converged,9,0,0,115,d333c9d4bf529ed634b151faec9c344a3239db77ca0e9067b0ba2c76148f8e25,eligible_cluster_arithmetic_mean,,,,6606755
nbaiot_main_cluster_threshold_seed5,2026-10-03T09:37:30.911249+00:00,cb5f3a90c207060361c25b730ab4e5d96306c19c,5,nbaiot,nbaiot_main,cluster_threshold,9,98badfa9249cfdc738456f4638696bcf11a048c2c83a00486f9a44e015df93b9,2d9d514de3a1388ba5a5753bb805c4fd63f59c8a742632a99d7057436f4ebd0d,2d9d514de3a1388ba5a5753bb805c4fd63f59c8a742632a99d7057436f4ebd0d,f862031e21a046ea1a2bc2109cd99483aea6ac0f3912cd59ab07cfcbd349bff3,1090687cf64d55573a5eab66e04789b7c4153e3fa2030974b912e0edc12a9b47,b047331c8dd3dcef3a309adcc8a01abf0090864631c6e8da458c18329b375f5b,f08fc5643dcab0e3009233ddb1ec3df63cbb80dd2c49456c6ac1842d8bac542d,dc2b822b87481fab237ce8360722395ccf9ae743ce3f2c46490ae81c7f314d70,1.0,,0.012088155568171645,not_converged,9,0,0,115,d333c9d4bf529ed634b151faec9c344a3239db77ca0e9067b0ba2c76148f8e25,eligible_cluster_arithmetic_mean,,,,6606755
nbaiot_main_global_threshold_seed3,2026-10-03T09:37:30.911249+00:00,cb5f3a90c207060361c25b730ab4e5d96306c19c,3,nbaiot,nbaiot_main,global_threshold,9,98badfa9249cfdc738456f4638696bcf11a048c2c83a00486f9a44e015df93b9,ed4e02a88a49afbc90d72a81c65dec809ec91fa4d0993c20ea56f69c052568a6,ed4e02a88a49afbc90d72a81c65dec809ec91fa4d0993c20ea56f69c052568a6,8d75c3cbef30a800f088d29fc3ea7f9db4e04957bdb01deb32b4cbee27c3034f,1090687cf64d55573a5eab66e04789b7c4153e3fa2030974b912e0edc12a9b47,b047331c8dd3dcef3a309adcc8a01abf0090864631c6e8da458c18329b375f5b,f08fc5643dcab0e3009233ddb1ec3df63cbb80dd2c49456c6ac1842d8bac542d,dc2b822b87481fab237ce8360722395ccf9ae743ce3f2c46490ae81c7f314d70,1.0,,0.007428068969976105,not_converged,9,0,0,115,d333c9d4bf529ed634b151faec9c344a3239db77ca0e9067b0ba2c76148f8e25,eligible_client_arithmetic_mean,,,,6606755
nbaiot_main_cluster_threshold_seed4,2026-10-03T09:37:30.911249+00:00,cb5f3a90c207060361c25b730ab4e5d96306c19c,4,nbaiot,nbaiot_main,cluster_threshold,9,98badfa9249cfdc738456f4638696bcf11a048c2c83a00486f9a44e015df93b9,d0394ac7e34c1ba9250eab61df629c2d066855596824263461cd586cb34035bb,d0394ac7e34c1ba9250eab61df629c2d066855596824263461cd586cb34035bb,a25477393120e28fc02935d01789617725678f9c5b8c2742bbe282189e4c6042,1090687cf64d55573a5eab66e04789b7c4153e3fa2030974b912e0edc12a9b47,b047331c8dd3dcef3a309adcc8a01abf0090864631c6e8da458c18329b375f5b,f08fc5643dcab0e3009233ddb1ec3df63cbb80dd2c49456c6ac1842d8bac542d,dc2b822b87481fab237ce8360722395ccf9ae743ce3f2c46490ae81c7f314d70,1.0,,0.014611787123593015,not_converged,9,0,0,115,d333c9d4bf529ed634b151faec9c344a3239db77ca0e9067b0ba2c76148f8e25,eligible_cluster_arithmetic_mean,,,,6606755
nbaiot_main_cluster_threshold_seed2,2026-10-03T09:37:30.911249+00:00,cb5f3a90c207060361c25b730ab4e5d96306c19c,2,nbaiot,nbaiot_main,cluster_threshold,9,98badfa9249cfdc738456f4638696bcf11a048c2c83a00486f9a44e015df93b9,46a27db41700ca14b07d6afc545dcee65442a6b925c9b60b0527a3cd197e0bdc,46a27db41700ca14b07d6afc545dcee65442a6b925c9b60b0527a3cd197e0bdc,f024f3ec26288b0e449dde24d643fa18e8d005f8b1c38b7fe92ada95899bfd42,1090687cf64d55573a5eab66e04789b7c4153e3fa2030974b912e0edc12a9b47,b047331c8dd3dcef3a309adcc8a01abf0090864631c6e8da458c18329b375f5b,f08fc5643dcab0e3009233ddb1ec3df63cbb80dd2c49456c6ac1842d8bac542d,dc2b822b87481fab237ce8360722395ccf9ae743ce3f2c46490ae81c7f314d70,1.0,,0.008787087930790981,not_converged,9,0,0,115,d333c9d4bf529ed634b151faec9c344a3239db77ca0e9067b0ba2c76148f8e25,eligible_cluster_arithmetic_mean,,,,6606755
