stage,seed,global_cv_fpr,local_cv_fpr,cluster_cv_fpr,global_cv_tpr,local_cv_tpr,cluster_cv_tpr,global_macro_f1_mean,local_macro_f1_mean,cluster_macro_f1_mean,global_macro_f1_p10,local_macro_f1_p10,cluster_macro_f1_p10,global_auroc_mean,local_auroc_mean,cluster_auroc_mean,global_pr_auc_mean,local_pr_auc_mean,cluster_pr_auc_mean,global_mean_fpr,local_mean_fpr,cluster_mean_fpr,global_std_fpr,local_std_fpr,cluster_std_fpr,global_iqr_fpr,local_iqr_fpr,cluster_iqr_fpr,global_worst_client_fpr,local_worst_client_fpr,cluster_worst_client_fpr,global_worst_client_tpr,local_worst_client_tpr,cluster_worst_client_tpr,global_worst_client_macro_f1,local_worst_client_macro_f1,cluster_worst_client_macro_f1,global_worst_client_balanced_accuracy,local_worst_client_balanced_accuracy,cluster_worst_client_balanced_accuracy,delta_cv_fpr_global_minus_local,delta_cv_fpr_global_minus_cluster,delta_cv_tpr_global_minus_local,delta_cv_tpr_global_minus_cluster,delta_macro_f1_global_minus_local,delta_macro_f1_global_minus_cluster,delta_pr_auc_global_minus_local,delta_pr_auc_global_minus_cluster,delta_auroc_global_minus_local,delta_auroc_global_minus_cluster,global_convergence_round,local_convergence_round,cluster_convergence_round,global_tau_global,local_tau_global,cluster_tau_global,coverage_ratio,status
nbaiot_main,0,0.8732563153915941,0.28884603565644135,0.5138062538625278,0.2324360519691338,0.31783067564301853,0.3052434771966173,0.5721310141098431,0.6043642902191898,0.5441663775156743,0.4118043658316919,0.2991392011555886,0.29908351185396476,,,,,,,0.04036124189372809,0.04269669461466752,0.04395389343414018,0.03738372016628354,0.013080878980950015,0.023953721625507556,0.031006948216206035,0.011625677628283176,0.015518207740009164,0.12495528794563014,0.06096528365791702,0.09932037677357816,0.35118520859671304,0.35119785082174465,0.35119785082174465,0.29096314217205965,0.29025122421502525,0.2901706830765286,0.6610288077652505,0.6508759927595509,0.6497393062008695,0.5844102797351527,0.35945006152906633,-0.08539462367388473,-0.07280742522748351,-0.032233276109346676,0.027964636594168812,,,,,,,,0.367237195289797,0.367237195289797,0.367237195289797,9/9,PASS
nbaiot_main,1,0.9041428293763859,0.3293597459612031,0.5726793770118808,0.30494663924179405,0.30525249834885626,0.316853088005966,0.5560360584508098,0.544253345368076,0.5987103299114507,0.29789654732866955,0.2992190469085558,0.298754760678874,,,,,,,0.04375004385590219,0.046443152948296054,0.04554527332577005,0.041955779688790086,0.016224393681057696,0.027665028233363132,0.03471177565782979,0.016780830322844782,0.01072181466700893,0.13127459162990343,0.07662997459779848,0.1111243591272207,0.3511725663716814,0.3511946902654867,0.3511662452591656,0.29095565061789225,0.2903097538076785,0.29095190480004357,0.6341055748706748,0.651726927400433,0.6460750291291797,0.5747830834151828,0.33146345236450514,-0.00030585910706221187,-0.011906448764171962,0.01178271308273382,-0.042674271460640845,,,,,,,,0.36143672631846474,0.36143672631846474,0.36143672631846474,9/9,PASS
nbaiot_main,2,0.8906070040979728,0.39692865795957766,0.6383986889865348,0.24740672607388522,0.3178240343413967,0.30524044615195256,0.6928521196714912,0.6045056976949114,0.5441529608340694,0.4325313610147634,0.29960919283693016,0.29969045217433626,,,,,,,0.04071242308717473,0.04184332515175537,0.04014618290072346,0.03845823232071943,0.017616308461766962,0.027183946484676015,0.03332857851822853,0.02020665630224807,0.006343220738645277,0.12865148444020508,0.06519898391193904,0.10909741266245379,0.35118520859671304,0.3512231352718078,0.35119152970922884,0.29096314217205965,0.2902812823366099,0.2909668879083795,0.6610288077652505,0.6511017637143353,0.6598952760413115,0.4936783461383951,0.25220831511143793,-0.0704173082675115,-0.057833720078067336,0.08834642197657983,0.1486991588374218,,,,,,,,0.41835228490332754,0.41835228490332754,0.41835228490332754,9/9,PASS
nbaiot_main,3,0.9517239033146623,0.28990102045811866,0.5692024053495331,0.3049400150354355,0.31785585543607237,0.30523968741108054,0.5563850110080886,0.6043496979936802,0.5440081887930769,0.2981873353864983,0.2997216241915481,0.29924325402735114,,,,,,,0.040922257800413114,0.042710964398883555,0.04212679905975747,0.04130920388810048,0.013133043509223683,0.025433225920546358,0.03149195231652989,0.01300972259888332,0.014218190328657978,0.13079766304995827,0.06689246401354784,0.10230118039823537,0.3511820480404551,0.35123577749683943,0.3511883691529709,0.2909612692937089,0.2903340625822733,0.2909650150436165,0.6379510909425882,0.6517474710161094,0.6535713266826788,0.6618228828565436,0.38252149796512913,-0.012915840400636869,-0.0002996723756450437,-0.04796468698559164,0.012376822215011685,,,,,,,,0.40975172316862474,0.40975172316862474,0.40975172316862474,9/9,PASS
nbaiot_main,4,0.8862521216694994,0.40951097894733024,0.7416667019230492,0.3049150148928159,0.31781511410523733,0.30497963059411937,0.5570089154267946,0.60429944261163,0.5543396272461689,0.29890251831421094,0.2993750599985214,0.2993466153200539,,,,,,,0.04038079493106475,0.04292726974352252,0.05163715220561662,0.03795844503390043,0.01864554483557729,0.040620692721374065,0.0322988416114476,0.01140572301860946,0.02698046907793211,0.12698223441039705,0.06858594411515664,0.1350550381033023,0.3511820480404551,0.3512010113780025,0.35121997471554994,0.2909612692937089,0.29027322775832903,0.29007300495946653,0.6477037663874188,0.6511617446773502,0.6481874241295852,0.47674114272216916,0.14458541974645023,-0.012900099212421412,-6.461570130344985e-05,-0.047290527184835396,0.0026692881806257285,,,,,,,,0.3677247440235484,0.3677247440235484,0.3677247440235484,9/9,PASS
nbaiot_main,5,0.9350665131923959,0.2935518890188882,0.47812033956274924,0.24739608594152088,0.3177942164249567,0.2475112634334992,0.6931229487093273,0.6048130051502003,0.7428527478355901,0.43240876771089864,0.2996223347049769,0.43457722971728974,,,,,,,0.04055748321047945,0.04103939209174614,0.042262946883780766,0.040224417391929744,0.01277797575265436,0.02143252092819145,0.032342004499575305,0.016817963570705932,0.006378821823681373,0.13306307380469776,0.059973768928103015,0.09109335876952426,0.3511946902654867,0.3512231352718078,0.35536041501584786,0.2909637326182699,0.29034671576935717,0.3017230409879443,0.6609625056897198,0.652025321543264,0.6576546429574339,0.6415146241735077,0.4569461736296466,-0.07039813048343582,-0.00011517749197831328,0.08830994355912702,-0.04972979912626274,,,,,,,,0.37401881122754627,0.37401881122754627,0.37401881122754627,9/9,PASS
nbaiot_main,6,0.896518562023417,0.33542692466811136,0.6623625021270033,0.2474064323603071,0.31784262247319883,0.3052505208254799,0.6923975641851216,0.6044370699692094,0.5439079141444835,0.4322532768684891,0.2994861668971549,0.29958450103941114,,,,,,,0.04296367291900092,0.0428906885266879,0.042592751792792066,0.0408542223990058,0.015259390942266998,0.02992317681065913,0.029613688983280442,0.020070266341188893,0.008847464243005459,0.13628234171932754,0.06176225110289734,0.11792059139143914,0.35117888748419723,0.35120417193426046,0.3511883691529709,0.29095939640856416,0.290345561633694,0.2909650150436165,0.6610256472089926,0.6521579256943255,0.6585545031808402,0.5610916373553057,0.23415605989641364,-0.07043619011289173,-0.05784408846517278,0.08796049421591212,0.14848965004063808,,,,,,,,0.33413859659598777,0.33413859659598777,0.33413859659598777,9/9,PASS
nbaiot_main,7,0.8482716786748465,0.4076031149276968,0.8812678256348209,0.24734866937112202,0.13273263985965988,0.2473753156198841,0.7472091408858861,0.8174774002219233,0.6893866457508991,0.43370603883200853,0.46955512065489,0.43262234213423495,,,,,,,0.043050476985648484,0.046061128904012184,0.04948667834702461,0.03873371888658353,0.01991353369591902,0.04625646923325161,0.036428182893274035,0.014827021562779354,0.015768356677745506,0.12769762728031478,0.07917019475021168,0.1710414902624894,0.35117888748419723,0.7279984754067975,0.35118520859671304,0.29095939640856416,0.4673747818640818,0.2909581140904272,0.6610256472089926,0.8397811858714059,0.660957764855333,0.44066856374714974,-0.032996146959974326,0.11461602951146213,-2.6646248762085545e-05,-0.0702682593360372,0.05782249513498694,,,,,,,,0.35454095357822024,0.35454095357822024,0.35454095357822024,9/9,PASS
nbaiot_main,8,0.9386608158740558,0.2766754711606727,0.6894477073768264,0.24739524393636436,0.22938492877771616,0.321079910180042,0.6922606259710107,0.8545402368520316,0.6565681121100567,0.43243770305693563,0.43698875761601996,0.2997315054456148,,,,,,,0.041727704867487204,0.04067004134843966,0.041302987575468096,0.04154410890008218,0.011934975542154004,0.030203624313928912,0.03297702200918101,0.01736051537280875,0.008822108072842932,0.13175152020984857,0.053892929533802314,0.11684750208656254,0.3511757269279393,0.35518088847068147,0.3511820480404551,0.29096757943449525,0.3019534045594794,0.2909612692937089,0.6611661527506989,0.6612930432979739,0.6608747056696278,0.6619853447133831,0.24921310849722944,0.018010315158648205,-0.07368466624367764,-0.16227961088102094,0.035692513860953956,,,,,,,,0.41360510935386013,0.41360510935386013,0.41360510935386013,9/9,PASS
nbaiot_main,9,0.9999702702538593,0.3627960372872001,0.53459284610986,0.2324515056192805,0.3178698863789367,0.305279491558339,0.5721631025296848,0.6043670302566665,0.5441957066044281,0.411991649661932,0.299651356460725,0.29963285258144545,,,,,,,0.03777091150379342,0.040108571387870946,0.036930162756089416,0.04006091044778698,0.015433910918326504,0.020940190371901278,0.030192670592372198,0.01713450859555644,0.00903147753253689,0.12984380589006797,0.06435224386113463,0.08501251937522356,0.3511820480404551,0.35120417193426046,0.35118520859671304,0.2909612692937089,0.290305297324228,0.29096314217205965,0.6610272274871215,0.6515895824149847,0.6597376848741219,0.6371742329666592,0.4653774241439993,-0.08541838075965622,-0.07282798593905851,-0.03220392772698166,0.027967395925256766,,,,,,,,0.4124522379702991,0.4124522379702991,0.4124522379702991,9/9,PASS
