run_id,seed,stage,policy,client_id,threshold_value,threshold_source,calibration_pending,tau_global,threshold_aggregation_method,local_tau_i
nbaiot_main_global_threshold_seed2,2,nbaiot_main,global_threshold,Danmini_Doorbell,0.41835228490332754,global,False,0.41835228490332754,eligible_client_arithmetic_mean,0.5307115793228157
nbaiot_main_global_threshold_seed2,2,nbaiot_main,global_threshold,Ecobee_Thermostat,0.41835228490332754,global,False,0.41835228490332754,eligible_client_arithmetic_mean,0.3728890880942342
nbaiot_main_global_threshold_seed2,2,nbaiot_main,global_threshold,Ennio_Doorbell,0.41835228490332754,global,False,0.41835228490332754,eligible_client_arithmetic_mean,0.17023086026310913
nbaiot_main_global_threshold_seed2,2,nbaiot_main,global_threshold,Philips_B120N10_Baby_Monitor,0.41835228490332754,global,False,0.41835228490332754,eligible_client_arithmetic_mean,0.12037581540644188
nbaiot_main_global_threshold_seed2,2,nbaiot_main,global_threshold,Provision_PT_737E_Security_Camera,0.41835228490332754,global,False,0.41835228490332754,eligible_client_arithmetic_mean,0.14296980425715447
nbaiot_main_global_threshold_seed2,2,nbaiot_main,global_threshold,Provision_PT_838_Security_Camera,0.41835228490332754,global,False,0.41835228490332754,eligible_client_arithmetic_mean,0.20205160081386572
nbaiot_main_global_threshold_seed2,2,nbaiot_main,global_threshold,Samsung_SNH_1011_N_Webcam,0.41835228490332754,global,False,0.41835228490332754,eligible_client_arithmetic_mean,0.729207208752631
nbaiot_main_global_threshold_seed2,2,nbaiot_main,global_threshold,SimpleHome_XCS7_1002_WHT_Security_Camera,0.41835228490332754,global,False,0.41835228490332754,eligible_client_arithmetic_mean,0.7881907701492309
nbaiot_main_global_threshold_seed2,2,nbaiot_main,global_threshold,SimpleHome_XCS7_1003_WHT_Security_Camera,0.41835228490332754,global,False,0.41835228490332754,eligible_client_arithmetic_mean,0.708543837070465
nbaiot_main_global_threshold_seed1,1,nbaiot_main,global_threshold,Danmini_Doorbell,0.36143672631846474,global,False,0.36143672631846474,eligible_client_arithmetic_mean,0.5272560834884646
nbaiot_main_global_threshold_seed1,1,nbaiot_main,global_threshold,Ecobee_Thermostat,0.36143672631846474,global,False,0.36143672631846474,eligible_client_arithmetic_mean,0.2933110132813453
nbaiot_main_global_threshold_seed1,1,nbaiot_main,global_threshold,Ennio_Doorbell,0.36143672631846474,global,False,0.36143672631846474,eligible_client_arithmetic_mean,0.15765685588121414
nbaiot_main_global_threshold_seed1,1,nbaiot_main,global_threshold,Philips_B120N10_Baby_Monitor,0.36143672631846474,global,False,0.36143672631846474,eligible_client_arithmetic_mean,0.10005206912756012
nbaiot_main_global_threshold_seed1,1,nbaiot_main,global_threshold,Provision_PT_737E_Security_Camera,0.36143672631846474,global,False,0.36143672631846474,eligible_client_arithmetic_mean,0.12246210798621172
nbaiot_main_global_threshold_seed1,1,nbaiot_main,global_threshold,Provision_PT_838_Security_Camera,0.36143672631846474,global,False,0.36143672631846474,eligible_client_arithmetic_mean,0.15789328143000608
nbaiot_main_global_threshold_seed1,1,nbaiot_main,global_threshold,Samsung_SNH_1011_N_Webcam,0.36143672631846474,global,False,0.36143672631846474,eligible_client_arithmetic_mean,0.6536970734596248
nbaiot_main_global_threshold_seed1,1,nbaiot_main,global_threshold,SimpleHome_XCS7_1002_WHT_Security_Camera,0.36143672631846474,global,False,0.36143672631846474,eligible_client_arithmetic_mean,0.6463016748428344
nbaiot_main_global_threshold_seed1,1,nbaiot_main,global_threshold,SimpleHome_XCS7_1003_WHT_Security_Camera,0.36143672631846474,global,False,0.36143672631846474,eligible_client_arithmetic_mean,0.5943003773689214
nbaiot_main_global_threshold_seed0,0,nbaiot_main,global_threshold,Danmini_Doorbell,0.367237195289797,global,False,0.367237195289797,eligible_client_arithmetic_mean,0.48428599834442165
nbaiot_main_global_threshold_seed0,0,nbaiot_main,global_threshold,Ecobee_Thermostat,0.367237195289797,global,False,0.367237195289797,eligible_client_arithmetic_mean,0.2936508029699321
nbaiot_main_global_threshold_seed0,0,nbaiot_main,global_threshold,Ennio_Doorbell,0.367237195289797,global,False,0.367237195289797,eligible_client_arithmetic_mean,0.1552039250731467
nbaiot_main_global_threshold_seed0,0,nbaiot_main,global_threshold,Philips_B120N10_Baby_Monitor,0.367237195289797,global,False,0.367237195289797,eligible_client_arithmetic_mean,0.1157731659710408
nbaiot_main_global_threshold_seed0,0,nbaiot_main,global_threshold,Provision_PT_737E_Security_Camera,0.367237195289797,global,False,0.367237195289797,eligible_client_arithmetic_mean,0.15585540756583213
nbaiot_main_global_threshold_seed0,0,nbaiot_main,global_threshold,Provision_PT_838_Security_Camera,0.367237195289797,global,False,0.367237195289797,eligible_client_arithmetic_mean,0.18494317904114727
nbaiot_main_global_threshold_seed0,0,nbaiot_main,global_threshold,Samsung_SNH_1011_N_Webcam,0.367237195289797,global,False,0.367237195289797,eligible_client_arithmetic_mean,0.5030703723430626
nbaiot_main_global_threshold_seed0,0,nbaiot_main,global_threshold,SimpleHome_XCS7_1002_WHT_Security_Camera,0.367237195289797,global,False,0.367237195289797,eligible_client_arithmetic_mean,0.8101808905601501
nbaiot_main_global_threshold_seed0,0,nbaiot_main,global_threshold,SimpleHome_XCS7_1003_WHT_Security_Camera,0.367237195289797,global,False,0.367237195289797,eligible_client_arithmetic_mean,0.6021710157394398
nbaiot_main_cluster_threshold_seed1,1,nbaiot_main,cluster_threshold,Danmini_Doorbell,0.4462033376097678,cluster,False,0.36143672631846474,eligible_cluster_arithmetic_mean,0.5272560834884646
nbaiot_main_cluster_threshold_seed1,1,nbaiot_main,cluster_threshold,Ecobee_Thermostat,0.5113043551643671,cluster,False,0.36143672631846474,eligible_cluster_arithmetic_mean,0.2933110132813453
nbaiot_main_cluster_threshold_seed1,1,nbaiot_main,cluster_threshold,Ennio_Doorbell,0.4462033376097678,cluster,False,0.36143672631846474,eligible_cluster_arithmetic_mean,0.15765685588121414
nbaiot_main_cluster_threshold_seed1,1,nbaiot_main,cluster_threshold,Philips_B120N10_Baby_Monitor,0.1268024861812593,cluster,False,0.36143672631846474,eligible_cluster_arithmetic_mean,0.10005206912756012
nbaiot_main_cluster_threshold_seed1,1,nbaiot_main,cluster_threshold,Provision_PT_737E_Security_Camera,0.1268024861812593,cluster,False,0.36143672631846474,eligible_cluster_arithmetic_mean,0.12246210798621172
nbaiot_main_cluster_threshold_seed1,1,nbaiot_main,cluster_threshold,Provision_PT_838_Security_Camera,0.1268024861812593,cluster,False,0.36143672631846474,eligible_cluster_arithmetic_mean,0.15789328143000608
nbaiot_main_cluster_threshold_seed1,1,nbaiot_main,cluster_threshold,Samsung_SNH_1011_N_Webcam,0.4462033376097678,cluster,False,0.36143672631846474,eligible_cluster_arithmetic_mean,0.6536970734596248
nbaiot_main_cluster_threshold_seed1,1,nbaiot_main,cluster_threshold,SimpleHome_XCS7_1002_WHT_Security_Camera,0.5113043551643671,cluster,False,0.36143672631846474,eligible_cluster_arithmetic_mean,0.6463016748428344
nbaiot_main_cluster_threshold_seed1,1,nbaiot_main,cluster_threshold,SimpleHome_XCS7_1003_WHT_Security_Camera,0.5113043551643671,cluster,False,0.36143672631846474,eligible_cluster_arithmetic_mean,0.5943003773689214
nbaiot_main_cluster_threshold_seed8,8,nbaiot_main,cluster_threshold,Danmini_Doorbell,0.3372433017939329,cluster,False,0.41360510935386013,eligible_cluster_arithmetic_mean,0.4855330705642701
nbaiot_main_cluster_threshold_seed8,8,nbaiot_main,cluster_threshold,Ecobee_Thermostat,0.6652199771255253,cluster,False,0.41360510935386013,eligible_cluster_arithmetic_mean,0.33148062676191253
nbaiot_main_cluster_threshold_seed8,8,nbaiot_main,cluster_threshold,Ennio_Doorbell,0.3372433017939329,cluster,False,0.41360510935386013,eligible_cluster_arithmetic_mean,0.1889535330235958
nbaiot_main_cluster_threshold_seed8,8,nbaiot_main,cluster_threshold,Philips_B120N10_Baby_Monitor,0.12902649069825808,cluster,False,0.41360510935386013,eligible_cluster_arithmetic_mean,0.12199610956013204
nbaiot_main_cluster_threshold_seed8,8,nbaiot_main,cluster_threshold,Provision_PT_737E_Security_Camera,0.12902649069825808,cluster,False,0.41360510935386013,eligible_cluster_arithmetic_mean,0.1171332750469446
nbaiot_main_cluster_threshold_seed8,8,nbaiot_main,cluster_threshold,Provision_PT_838_Security_Camera,0.12902649069825808,cluster,False,0.41360510935386013,eligible_cluster_arithmetic_mean,0.1479500874876976
nbaiot_main_cluster_threshold_seed8,8,nbaiot_main,cluster_threshold,Samsung_SNH_1011_N_Webcam,0.6652199771255253,cluster,False,0.41360510935386013,eligible_cluster_arithmetic_mean,0.7008317053318023
nbaiot_main_cluster_threshold_seed8,8,nbaiot_main,cluster_threshold,SimpleHome_XCS7_1002_WHT_Security_Camera,0.6652199771255253,cluster,False,0.41360510935386013,eligible_cluster_arithmetic_mean,0.9889944791793823
nbaiot_main_cluster_threshold_seed8,8,nbaiot_main,cluster_threshold,SimpleHome_XCS7_1003_WHT_Security_Camera,0.6652199771255253,cluster,False,0.41360510935386013,eligible_cluster_arithmetic_mean,0.6395730972290039
nbaiot_main_cluster_threshold_seed9,9,nbaiot_main,cluster_threshold,Danmini_Doorbell,0.3114573031663896,cluster,False,0.4124522379702991,eligible_cluster_arithmetic_mean,0.45583250522613555
nbaiot_main_cluster_threshold_seed9,9,nbaiot_main,cluster_threshold,Ecobee_Thermostat,0.6715922754257916,cluster,False,0.4124522379702991,eligible_cluster_arithmetic_mean,0.27302483469247785
nbaiot_main_cluster_threshold_seed9,9,nbaiot_main,cluster_threshold,Ennio_Doorbell,0.3114573031663896,cluster,False,0.4124522379702991,eligible_cluster_arithmetic_mean,0.16708210110664362
nbaiot_main_cluster_threshold_seed9,9,nbaiot_main,cluster_threshold,Philips_B120N10_Baby_Monitor,0.13426214456558228,cluster,False,0.4124522379702991,eligible_cluster_arithmetic_mean,0.10738971382379538
nbaiot_main_cluster_threshold_seed9,9,nbaiot_main,cluster_threshold,Provision_PT_737E_Security_Camera,0.13426214456558228,cluster,False,0.4124522379702991,eligible_cluster_arithmetic_mean,0.119672293961048
nbaiot_main_cluster_threshold_seed9,9,nbaiot_main,cluster_threshold,Provision_PT_838_Security_Camera,0.13426214456558228,cluster,False,0.4124522379702991,eligible_cluster_arithmetic_mean,0.17572442591190343
nbaiot_main_cluster_threshold_seed9,9,nbaiot_main,cluster_threshold,Samsung_SNH_1011_N_Webcam,0.6715922754257916,cluster,False,0.4124522379702991,eligible_cluster_arithmetic_mean,0.8005066782236094
nbaiot_main_cluster_threshold_seed9,9,nbaiot_main,cluster_threshold,SimpleHome_XCS7_1002_WHT_Security_Camera,0.6715922754257916,cluster,False,0.4124522379702991,eligible_cluster_arithmetic_mean,0.846114432811737
nbaiot_main_cluster_threshold_seed9,9,nbaiot_main,cluster_threshold,SimpleHome_XCS7_1003_WHT_Security_Camera,0.6715922754257916,cluster,False,0.4124522379702991,eligible_cluster_arithmetic_mean,0.7667231559753418
nbaiot_main_cluster_threshold_seed6,6,nbaiot_main,cluster_threshold,Danmini_Doorbell,0.2899723317474128,cluster,False,0.33413859659598777,eligible_cluster_arithmetic_mean,0.44087109565734894
nbaiot_main_cluster_threshold_seed6,6,nbaiot_main,cluster_threshold,Ecobee_Thermostat,0.5073996763676368,cluster,False,0.33413859659598777,eligible_cluster_arithmetic_mean,0.28632404059171657
nbaiot_main_cluster_threshold_seed6,6,nbaiot_main,cluster_threshold,Ennio_Doorbell,0.2899723317474128,cluster,False,0.33413859659598777,eligible_cluster_arithmetic_mean,0.1390735678374767
nbaiot_main_cluster_threshold_seed6,6,nbaiot_main,cluster_threshold,Philips_B120N10_Baby_Monitor,0.13256800013283887,cluster,False,0.33413859659598777,eligible_cluster_arithmetic_mean,0.1176329143345356
nbaiot_main_cluster_threshold_seed6,6,nbaiot_main,cluster_threshold,Provision_PT_737E_Security_Camera,0.13256800013283887,cluster,False,0.33413859659598777,eligible_cluster_arithmetic_mean,0.12041728235781189
nbaiot_main_cluster_threshold_seed6,6,nbaiot_main,cluster_threshold,Provision_PT_838_Security_Camera,0.13256800013283887,cluster,False,0.33413859659598777,eligible_cluster_arithmetic_mean,0.15965380370616913
nbaiot_main_cluster_threshold_seed6,6,nbaiot_main,cluster_threshold,Samsung_SNH_1011_N_Webcam,0.5073996763676368,cluster,False,0.33413859659598777,eligible_cluster_arithmetic_mean,0.5300369143486022
nbaiot_main_cluster_threshold_seed6,6,nbaiot_main,cluster_threshold,SimpleHome_XCS7_1002_WHT_Security_Camera,0.5073996763676368,cluster,False,0.33413859659598777,eligible_cluster_arithmetic_mean,0.6216105937957752
nbaiot_main_cluster_threshold_seed6,6,nbaiot_main,cluster_threshold,SimpleHome_XCS7_1003_WHT_Security_Camera,0.5073996763676368,cluster,False,0.33413859659598777,eligible_cluster_arithmetic_mean,0.5916271567344534
nbaiot_main_cluster_threshold_seed7,7,nbaiot_main,cluster_threshold,Danmini_Doorbell,0.29773987233638766,cluster,False,0.35454095357822024,eligible_cluster_arithmetic_mean,0.4322259664535529
nbaiot_main_cluster_threshold_seed7,7,nbaiot_main,cluster_threshold,Ecobee_Thermostat,0.1865983528085052,cluster,False,0.35454095357822024,eligible_cluster_arithmetic_mean,0.27588356584310497
nbaiot_main_cluster_threshold_seed7,7,nbaiot_main,cluster_threshold,Ennio_Doorbell,0.29773987233638766,cluster,False,0.35454095357822024,eligible_cluster_arithmetic_mean,0.1632537782192225
nbaiot_main_cluster_threshold_seed7,7,nbaiot_main,cluster_threshold,Philips_B120N10_Baby_Monitor,0.1865983528085052,cluster,False,0.35454095357822024,eligible_cluster_arithmetic_mean,0.1072599854320288
nbaiot_main_cluster_threshold_seed7,7,nbaiot_main,cluster_threshold,Provision_PT_737E_Security_Camera,0.1865983528085052,cluster,False,0.35454095357822024,eligible_cluster_arithmetic_mean,0.17040315195918074
nbaiot_main_cluster_threshold_seed7,7,nbaiot_main,cluster_threshold,Provision_PT_838_Security_Camera,0.1865983528085052,cluster,False,0.35454095357822024,eligible_cluster_arithmetic_mean,0.1928467079997063
nbaiot_main_cluster_threshold_seed7,7,nbaiot_main,cluster_threshold,Samsung_SNH_1011_N_Webcam,0.6163318087657286,cluster,False,0.35454095357822024,eligible_cluster_arithmetic_mean,0.6497595101594924
nbaiot_main_cluster_threshold_seed7,7,nbaiot_main,cluster_threshold,SimpleHome_XCS7_1002_WHT_Security_Camera,0.6163318087657286,cluster,False,0.35454095357822024,eligible_cluster_arithmetic_mean,0.5387758135795585
nbaiot_main_cluster_threshold_seed7,7,nbaiot_main,cluster_threshold,SimpleHome_XCS7_1003_WHT_Security_Camera,0.6163318087657286,cluster,False,0.35454095357822024,eligible_cluster_arithmetic_mean,0.6604601025581347
nbaiot_main_global_threshold_seed4,4,nbaiot_main,global_threshold,Danmini_Doorbell,0.3677247440235484,global,False,0.3677247440235484,eligible_client_arithmetic_mean,0.5199504017829916
nbaiot_main_global_threshold_seed4,4,nbaiot_main,global_threshold,Ecobee_Thermostat,0.3677247440235484,global,False,0.3677247440235484,eligible_client_arithmetic_mean,0.2886346548795699
nbaiot_main_global_threshold_seed4,4,nbaiot_main,global_threshold,Ennio_Doorbell,0.3677247440235484,global,False,0.3677247440235484,eligible_client_arithmetic_mean,0.1567363202571869
nbaiot_main_global_threshold_seed4,4,nbaiot_main,global_threshold,Philips_B120N10_Baby_Monitor,0.3677247440235484,global,False,0.3677247440235484,eligible_client_arithmetic_mean,0.11443072669208056
nbaiot_main_global_threshold_seed4,4,nbaiot_main,global_threshold,Provision_PT_737E_Security_Camera,0.3677247440235484,global,False,0.3677247440235484,eligible_client_arithmetic_mean,0.11401620507240294
nbaiot_main_global_threshold_seed4,4,nbaiot_main,global_threshold,Provision_PT_838_Security_Camera,0.3677247440235484,global,False,0.3677247440235484,eligible_client_arithmetic_mean,0.16513502970337873
nbaiot_main_global_threshold_seed4,4,nbaiot_main,global_threshold,Samsung_SNH_1011_N_Webcam,0.3677247440235484,global,False,0.3677247440235484,eligible_client_arithmetic_mean,0.6142655909061424
nbaiot_main_global_threshold_seed4,4,nbaiot_main,global_threshold,SimpleHome_XCS7_1002_WHT_Security_Camera,0.3677247440235484,global,False,0.3677247440235484,eligible_client_arithmetic_mean,0.7305568456649779
nbaiot_main_global_threshold_seed4,4,nbaiot_main,global_threshold,SimpleHome_XCS7_1003_WHT_Security_Camera,0.3677247440235484,global,False,0.3677247440235484,eligible_client_arithmetic_mean,0.6057969212532044
nbaiot_main_global_threshold_seed5,5,nbaiot_main,global_threshold,Danmini_Doorbell,0.37401881122754627,global,False,0.37401881122754627,eligible_client_arithmetic_mean,0.46541510820388804
nbaiot_main_global_threshold_seed5,5,nbaiot_main,global_threshold,Ecobee_Thermostat,0.37401881122754627,global,False,0.37401881122754627,eligible_client_arithmetic_mean,0.2973048508167266
nbaiot_main_global_threshold_seed5,5,nbaiot_main,global_threshold,Ennio_Doorbell,0.37401881122754627,global,False,0.37401881122754627,eligible_client_arithmetic_mean,0.15347834229469268
nbaiot_main_global_threshold_seed5,5,nbaiot_main,global_threshold,Philips_B120N10_Baby_Monitor,0.37401881122754627,global,False,0.37401881122754627,eligible_client_arithmetic_mean,0.11378398202359756
nbaiot_main_global_threshold_seed5,5,nbaiot_main,global_threshold,Provision_PT_737E_Security_Camera,0.37401881122754627,global,False,0.37401881122754627,eligible_client_arithmetic_mean,0.13738885819911956
nbaiot_main_global_threshold_seed5,5,nbaiot_main,global_threshold,Provision_PT_838_Security_Camera,0.37401881122754627,global,False,0.37401881122754627,eligible_client_arithmetic_mean,0.17794793322682384
nbaiot_main_global_threshold_seed5,5,nbaiot_main,global_threshold,Samsung_SNH_1011_N_Webcam,0.37401881122754627,global,False,0.37401881122754627,eligible_client_arithmetic_mean,0.645886906981467
nbaiot_main_global_threshold_seed5,5,nbaiot_main,global_threshold,SimpleHome_XCS7_1002_WHT_Security_Camera,0.37401881122754627,global,False,0.37401881122754627,eligible_client_arithmetic_mean,0.674453556537628
nbaiot_main_global_threshold_seed5,5,nbaiot_main,global_threshold,SimpleHome_XCS7_1003_WHT_Security_Camera,0.37401881122754627,global,False,0.37401881122754627,eligible_client_arithmetic_mean,0.7005097627639738
nbaiot_main_global_threshold_seed6,6,nbaiot_main,global_threshold,Danmini_Doorbell,0.33413859659598777,global,False,0.33413859659598777,eligible_client_arithmetic_mean,0.44087109565734894
nbaiot_main_global_threshold_seed6,6,nbaiot_main,global_threshold,Ecobee_Thermostat,0.33413859659598777,global,False,0.33413859659598777,eligible_client_arithmetic_mean,0.28632404059171657
nbaiot_main_global_threshold_seed6,6,nbaiot_main,global_threshold,Ennio_Doorbell,0.33413859659598777,global,False,0.33413859659598777,eligible_client_arithmetic_mean,0.1390735678374767
nbaiot_main_global_threshold_seed6,6,nbaiot_main,global_threshold,Philips_B120N10_Baby_Monitor,0.33413859659598777,global,False,0.33413859659598777,eligible_client_arithmetic_mean,0.1176329143345356
nbaiot_main_global_threshold_seed6,6,nbaiot_main,global_threshold,Provision_PT_737E_Security_Camera,0.33413859659598777,global,False,0.33413859659598777,eligible_client_arithmetic_mean,0.12041728235781189
nbaiot_main_global_threshold_seed6,6,nbaiot_main,global_threshold,Provision_PT_838_Security_Camera,0.33413859659598777,global,False,0.33413859659598777,eligible_client_arithmetic_mean,0.15965380370616913
nbaiot_main_global_threshold_seed6,6,nbaiot_main,global_threshold,Samsung_SNH_1011_N_Webcam,0.33413859659598777,global,False,0.33413859659598777,eligible_client_arithmetic_mean,0.5300369143486022
nbaiot_main_global_threshold_seed6,6,nbaiot_main,global_threshold,SimpleHome_XCS7_1002_WHT_Security_Camera,0.33413859659598777,global,False,0.33413859659598777,eligible_client_arithmetic_mean,0.6216105937957752
nbaiot_main_global_threshold_seed6,6,nbaiot_main,global_threshold,SimpleHome_XCS7_1003_WHT_Security_Camera,0.33413859659598777,global,False,0.33413859659598777,eligible_client_arithmetic_mean,0.5916271567344534
nbaiot_main_global_threshold_seed7,7,nbaiot_main,global_threshold,Danmini_Doorbell,0.35454095357822024,global,False,0.35454095357822024,eligible_client_arithmetic_mean,0.4322259664535529
nbaiot_main_global_threshold_seed7,7,nbaiot_main,global_threshold,Ecobee_Thermostat,0.35454095357822024,global,False,0.35454095357822024,eligible_client_arithmetic_mean,0.27588356584310497
nbaiot_main_global_threshold_seed7,7,nbaiot_main,global_threshold,Ennio_Doorbell,0.35454095357822024,global,False,0.35454095357822024,eligible_client_arithmetic_mean,0.1632537782192225
nbaiot_main_global_threshold_seed7,7,nbaiot_main,global_threshold,Philips_B120N10_Baby_Monitor,0.35454095357822024,global,False,0.35454095357822024,eligible_client_arithmetic_mean,0.1072599854320288
nbaiot_main_global_threshold_seed7,7,nbaiot_main,global_threshold,Provision_PT_737E_Security_Camera,0.35454095357822024,global,False,0.35454095357822024,eligible_client_arithmetic_mean,0.17040315195918074
nbaiot_main_global_threshold_seed7,7,nbaiot_main,global_threshold,Provision_PT_838_Security_Camera,0.35454095357822024,global,False,0.35454095357822024,eligible_client_arithmetic_mean,0.1928467079997063
nbaiot_main_global_threshold_seed7,7,nbaiot_main,global_threshold,Samsung_SNH_1011_N_Webcam,0.35454095357822024,global,False,0.35454095357822024,eligible_client_arithmetic_mean,0.6497595101594924
nbaiot_main_global_threshold_seed7,7,nbaiot_main,global_threshold,SimpleHome_XCS7_1002_WHT_Security_Camera,0.35454095357822024,global,False,0.35454095357822024,eligible_client_arithmetic_mean,0.5387758135795585
nbaiot_main_global_threshold_seed7,7,nbaiot_main,global_threshold,SimpleHome_XCS7_1003_WHT_Security_Camera,0.35454095357822024,global,False,0.35454095357822024,eligible_client_arithmetic_mean,0.6604601025581347
nbaiot_main_global_threshold_seed8,8,nbaiot_main,global_threshold,Danmini_Doorbell,0.41360510935386013,global,False,0.41360510935386013,eligible_client_arithmetic_mean,0.4855330705642701
nbaiot_main_global_threshold_seed8,8,nbaiot_main,global_threshold,Ecobee_Thermostat,0.41360510935386013,global,False,0.41360510935386013,eligible_client_arithmetic_mean,0.33148062676191253
nbaiot_main_global_threshold_seed8,8,nbaiot_main,global_threshold,Ennio_Doorbell,0.41360510935386013,global,False,0.41360510935386013,eligible_client_arithmetic_mean,0.1889535330235958
nbaiot_main_global_threshold_seed8,8,nbaiot_main,global_threshold,Philips_B120N10_Baby_Monitor,0.41360510935386013,global,False,0.41360510935386013,eligible_client_arithmetic_mean,0.12199610956013204
nbaiot_main_global_threshold_seed8,8,nbaiot_main,global_threshold,Provision_PT_737E_Security_Camera,0.41360510935386013,global,False,0.41360510935386013,eligible_client_arithmetic_mean,0.1171332750469446
nbaiot_main_global_threshold_seed8,8,nbaiot_main,global_threshold,Provision_PT_838_Security_Camera,0.41360510935386013,global,False,0.41360510935386013,eligible_client_arithmetic_mean,0.1479500874876976
nbaiot_main_global_threshold_seed8,8,nbaiot_main,global_threshold,Samsung_SNH_1011_N_Webcam,0.41360510935386013,global,False,0.41360510935386013,eligible_client_arithmetic_mean,0.7008317053318023
nbaiot_main_global_threshold_seed8,8,nbaiot_main,global_threshold,SimpleHome_XCS7_1002_WHT_Security_Camera,0.41360510935386013,global,False,0.41360510935386013,eligible_client_arithmetic_mean,0.9889944791793823
nbaiot_main_global_threshold_seed8,8,nbaiot_main,global_threshold,SimpleHome_XCS7_1003_WHT_Security_Camera,0.41360510935386013,global,False,0.41360510935386013,eligible_client_arithmetic_mean,0.6395730972290039
nbaiot_main_global_threshold_seed9,9,nbaiot_main,global_threshold,Danmini_Doorbell,0.4124522379702991,global,False,0.4124522379702991,eligible_client_arithmetic_mean,0.45583250522613555
nbaiot_main_global_threshold_seed9,9,nbaiot_main,global_threshold,Ecobee_Thermostat,0.4124522379702991,global,False,0.4124522379702991,eligible_client_arithmetic_mean,0.27302483469247785
nbaiot_main_global_threshold_seed9,9,nbaiot_main,global_threshold,Ennio_Doorbell,0.4124522379702991,global,False,0.4124522379702991,eligible_client_arithmetic_mean,0.16708210110664362
nbaiot_main_global_threshold_seed9,9,nbaiot_main,global_threshold,Philips_B120N10_Baby_Monitor,0.4124522379702991,global,False,0.4124522379702991,eligible_client_arithmetic_mean,0.10738971382379538
nbaiot_main_global_threshold_seed9,9,nbaiot_main,global_threshold,Provision_PT_737E_Security_Camera,0.4124522379702991,global,False,0.4124522379702991,eligible_client_arithmetic_mean,0.119672293961048
nbaiot_main_global_threshold_seed9,9,nbaiot_main,global_threshold,Provision_PT_838_Security_Camera,0.4124522379702991,global,False,0.4124522379702991,eligible_client_arithmetic_mean,0.17572442591190343
nbaiot_main_global_threshold_seed9,9,nbaiot_main,global_threshold,Samsung_SNH_1011_N_Webcam,0.4124522379702991,global,False,0.4124522379702991,eligible_client_arithmetic_mean,0.8005066782236094
nbaiot_main_global_threshold_seed9,9,nbaiot_main,global_threshold,SimpleHome_XCS7_1002_WHT_Security_Camera,0.4124522379702991,global,False,0.4124522379702991,eligible_client_arithmetic_mean,0.846114432811737
nbaiot_main_global_threshold_seed9,9,nbaiot_main,global_threshold,SimpleHome_XCS7_1003_WHT_Security_Camera,0.4124522379702991,global,False,0.4124522379702991,eligible_client_arithmetic_mean,0.7667231559753418
nbaiot_main_local_threshold_seed0,0,nbaiot_main,local_threshold,Danmini_Doorbell,0.48428599834442165,local,False,0.367237195289797,per_client_percentile,0.48428599834442165
nbaiot_main_local_threshold_seed0,0,nbaiot_main,local_threshold,Ecobee_Thermostat,0.2936508029699321,local,False,0.367237195289797,per_client_percentile,0.2936508029699321
nbaiot_main_local_threshold_seed0,0,nbaiot_main,local_threshold,Ennio_Doorbell,0.1552039250731467,local,False,0.367237195289797,per_client_percentile,0.1552039250731467
nbaiot_main_local_threshold_seed0,0,nbaiot_main,local_threshold,Philips_B120N10_Baby_Monitor,0.1157731659710408,local,False,0.367237195289797,per_client_percentile,0.1157731659710408
nbaiot_main_local_threshold_seed0,0,nbaiot_main,local_threshold,Provision_PT_737E_Security_Camera,0.15585540756583213,local,False,0.367237195289797,per_client_percentile,0.15585540756583213
nbaiot_main_local_threshold_seed0,0,nbaiot_main,local_threshold,Provision_PT_838_Security_Camera,0.18494317904114727,local,False,0.367237195289797,per_client_percentile,0.18494317904114727
nbaiot_main_local_threshold_seed0,0,nbaiot_main,local_threshold,Samsung_SNH_1011_N_Webcam,0.5030703723430626,local,False,0.367237195289797,per_client_percentile,0.5030703723430626
nbaiot_main_local_threshold_seed0,0,nbaiot_main,local_threshold,SimpleHome_XCS7_1002_WHT_Security_Camera,0.8101808905601501,local,False,0.367237195289797,per_client_percentile,0.8101808905601501
nbaiot_main_local_threshold_seed0,0,nbaiot_main,local_threshold,SimpleHome_XCS7_1003_WHT_Security_Camera,0.6021710157394398,local,False,0.367237195289797,per_client_percentile,0.6021710157394398
nbaiot_main_local_threshold_seed1,1,nbaiot_main,local_threshold,Danmini_Doorbell,0.5272560834884646,local,False,0.36143672631846474,per_client_percentile,0.5272560834884646
nbaiot_main_local_threshold_seed1,1,nbaiot_main,local_threshold,Ecobee_Thermostat,0.2933110132813453,local,False,0.36143672631846474,per_client_percentile,0.2933110132813453
nbaiot_main_local_threshold_seed1,1,nbaiot_main,local_threshold,Ennio_Doorbell,0.15765685588121414,local,False,0.36143672631846474,per_client_percentile,0.15765685588121414
nbaiot_main_local_threshold_seed1,1,nbaiot_main,local_threshold,Philips_B120N10_Baby_Monitor,0.10005206912756012,local,False,0.36143672631846474,per_client_percentile,0.10005206912756012
nbaiot_main_local_threshold_seed1,1,nbaiot_main,local_threshold,Provision_PT_737E_Security_Camera,0.12246210798621172,local,False,0.36143672631846474,per_client_percentile,0.12246210798621172
nbaiot_main_local_threshold_seed1,1,nbaiot_main,local_threshold,Provision_PT_838_Security_Camera,0.15789328143000608,local,False,0.36143672631846474,per_client_percentile,0.15789328143000608
nbaiot_main_local_threshold_seed1,1,nbaiot_main,local_threshold,Samsung_SNH_1011_N_Webcam,0.6536970734596248,local,False,0.36143672631846474,per_client_percentile,0.6536970734596248
nbaiot_main_local_threshold_seed1,1,nbaiot_main,local_threshold,SimpleHome_XCS7_1002_WHT_Security_Camera,0.6463016748428344,local,False,0.36143672631846474,per_client_percentile,0.6463016748428344
nbaiot_main_local_threshold_seed1,1,nbaiot_main,local_threshold,SimpleHome_XCS7_1003_WHT_Security_Camera,0.5943003773689214,local,False,0.36143672631846474,per_client_percentile,0.5943003773689214
nbaiot_main_local_threshold_seed2,2,nbaiot_main,local_threshold,Danmini_Doorbell,0.5307115793228157,local,False,0.41835228490332754,per_client_percentile,0.5307115793228157
nbaiot_main_local_threshold_seed2,2,nbaiot_main,local_threshold,Ecobee_Thermostat,0.3728890880942342,local,False,0.41835228490332754,per_client_percentile,0.3728890880942342
nbaiot_main_local_threshold_seed2,2,nbaiot_main,local_threshold,Ennio_Doorbell,0.17023086026310913,local,False,0.41835228490332754,per_client_percentile,0.17023086026310913
nbaiot_main_local_threshold_seed2,2,nbaiot_main,local_threshold,Philips_B120N10_Baby_Monitor,0.12037581540644188,local,False,0.41835228490332754,per_client_percentile,0.12037581540644188
nbaiot_main_local_threshold_seed2,2,nbaiot_main,local_threshold,Provision_PT_737E_Security_Camera,0.14296980425715447,local,False,0.41835228490332754,per_client_percentile,0.14296980425715447
nbaiot_main_local_threshold_seed2,2,nbaiot_main,local_threshold,Provision_PT_838_Security_Camera,0.20205160081386572,local,False,0.41835228490332754,per_client_percentile,0.20205160081386572
nbaiot_main_local_threshold_seed2,2,nbaiot_main,local_threshold,Samsung_SNH_1011_N_Webcam,0.729207208752631,local,False,0.41835228490332754,per_client_percentile,0.729207208752631
nbaiot_main_local_threshold_seed2,2,nbaiot_main,local_threshold,SimpleHome_XCS7_1002_WHT_Security_Camera,0.7881907701492309,local,False,0.41835228490332754,per_client_percentile,0.7881907701492309
nbaiot_main_local_threshold_seed2,2,nbaiot_main,local_threshold,SimpleHome_XCS7_1003_WHT_Security_Camera,0.708543837070465,local,False,0.41835228490332754,per_client_percentile,0.708543837070465
nbaiot_main_local_threshold_seed3,3,nbaiot_main,local_threshold,Danmini_Doorbell,0.4731938600540162,local,False,0.40975172316862474,per_client_percentile,0.4731938600540162
nbaiot_main_local_threshold_seed3,3,nbaiot_main,local_threshold,Ecobee_Thermostat,0.26930424869060493,local,False,0.40975172316862474,per_client_percentile,0.26930424869060493
nbaiot_main_local_threshold_seed3,3,nbaiot_main,local_threshold,Ennio_Doorbell,0.1751981854438781,local,False,0.40975172316862474,per_client_percentile,0.1751981854438781
nbaiot_main_local_threshold_seed3,3,nbaiot_main,local_threshold,Philips_B120N10_Baby_Monitor,0.1274134851992131,local,False,0.40975172316862474,per_client_percentile,0.1274134851992131
nbaiot_main_local_threshold_seed3,3,nbaiot_main,local_threshold,Provision_PT_737E_Security_Camera,0.12445045150816438,local,False,0.40975172316862474,per_client_percentile,0.12445045150816438
nbaiot_main_local_threshold_seed3,3,nbaiot_main,local_threshold,Provision_PT_838_Security_Camera,0.14416954666376114,local,False,0.40975172316862474,per_client_percentile,0.14416954666376114
nbaiot_main_local_threshold_seed3,3,nbaiot_main,local_threshold,Samsung_SNH_1011_N_Webcam,0.9982847481966018,local,False,0.40975172316862474,per_client_percentile,0.9982847481966018
nbaiot_main_local_threshold_seed3,3,nbaiot_main,local_threshold,SimpleHome_XCS7_1002_WHT_Security_Camera,0.8133240938186642,local,False,0.40975172316862474,per_client_percentile,0.8133240938186642
nbaiot_main_local_threshold_seed3,3,nbaiot_main,local_threshold,SimpleHome_XCS7_1003_WHT_Security_Camera,0.5624268889427184,local,False,0.40975172316862474,per_client_percentile,0.5624268889427184
nbaiot_main_local_threshold_seed4,4,nbaiot_main,local_threshold,Danmini_Doorbell,0.5199504017829916,local,False,0.3677247440235484,per_client_percentile,0.5199504017829916
nbaiot_main_local_threshold_seed4,4,nbaiot_main,local_threshold,Ecobee_Thermostat,0.2886346548795699,local,False,0.3677247440235484,per_client_percentile,0.2886346548795699
nbaiot_main_local_threshold_seed4,4,nbaiot_main,local_threshold,Ennio_Doorbell,0.1567363202571869,local,False,0.3677247440235484,per_client_percentile,0.1567363202571869
nbaiot_main_local_threshold_seed4,4,nbaiot_main,local_threshold,Philips_B120N10_Baby_Monitor,0.11443072669208056,local,False,0.3677247440235484,per_client_percentile,0.11443072669208056
nbaiot_main_local_threshold_seed4,4,nbaiot_main,local_threshold,Provision_PT_737E_Security_Camera,0.11401620507240294,local,False,0.3677247440235484,per_client_percentile,0.11401620507240294
nbaiot_main_local_threshold_seed4,4,nbaiot_main,local_threshold,Provision_PT_838_Security_Camera,0.16513502970337873,local,False,0.3677247440235484,per_client_percentile,0.16513502970337873
nbaiot_main_local_threshold_seed4,4,nbaiot_main,local_threshold,Samsung_SNH_1011_N_Webcam,0.6142655909061424,local,False,0.3677247440235484,per_client_percentile,0.6142655909061424
nbaiot_main_local_threshold_seed4,4,nbaiot_main,local_threshold,SimpleHome_XCS7_1002_WHT_Security_Camera,0.7305568456649779,local,False,0.3677247440235484,per_client_percentile,0.7305568456649779
nbaiot_main_local_threshold_seed4,4,nbaiot_main,local_threshold,SimpleHome_XCS7_1003_WHT_Security_Camera,0.6057969212532044,local,False,0.3677247440235484,per_client_percentile,0.6057969212532044
nbaiot_main_local_threshold_seed5,5,nbaiot_main,local_threshold,Danmini_Doorbell,0.46541510820388804,local,False,0.37401881122754627,per_client_percentile,0.46541510820388804
nbaiot_main_local_threshold_seed5,5,nbaiot_main,local_threshold,Ecobee_Thermostat,0.2973048508167266,local,False,0.37401881122754627,per_client_percentile,0.2973048508167266
nbaiot_main_local_threshold_seed5,5,nbaiot_main,local_threshold,Ennio_Doorbell,0.15347834229469268,local,False,0.37401881122754627,per_client_percentile,0.15347834229469268
nbaiot_main_local_threshold_seed5,5,nbaiot_main,local_threshold,Philips_B120N10_Baby_Monitor,0.11378398202359756,local,False,0.37401881122754627,per_client_percentile,0.11378398202359756
nbaiot_main_local_threshold_seed5,5,nbaiot_main,local_threshold,Provision_PT_737E_Security_Camera,0.13738885819911956,local,False,0.37401881122754627,per_client_percentile,0.13738885819911956
nbaiot_main_local_threshold_seed5,5,nbaiot_main,local_threshold,Provision_PT_838_Security_Camera,0.17794793322682384,local,False,0.37401881122754627,per_client_percentile,0.17794793322682384
nbaiot_main_local_threshold_seed5,5,nbaiot_main,local_threshold,Samsung_SNH_1011_N_Webcam,0.645886906981467,local,False,0.37401881122754627,per_client_percentile,0.645886906981467
nbaiot_main_local_threshold_seed5,5,nbaiot_main,local_threshold,SimpleHome_XCS7_1002_WHT_Security_Camera,0.674453556537628,local,False,0.37401881122754627,per_client_percentile,0.674453556537628
nbaiot_main_local_threshold_seed5,5,nbaiot_main,local_threshold,SimpleHome_XCS7_1003_WHT_Security_Camera,0.7005097627639738,local,False,0.37401881122754627,per_client_percentile,0.7005097627639738
nbaiot_main_local_threshold_seed6,6,nbaiot_main,local_threshold,Danmini_Doorbell,0.44087109565734894,local,False,0.33413859659598777,per_client_percentile,0.44087109565734894
nbaiot_main_local_threshold_seed6,6,nbaiot_main,local_threshold,Ecobee_Thermostat,0.28632404059171657,local,False,0.33413859659598777,per_client_percentile,0.28632404059171657
nbaiot_main_local_threshold_seed6,6,nbaiot_main,local_threshold,Ennio_Doorbell,0.1390735678374767,local,False,0.33413859659598777,per_client_percentile,0.1390735678374767
nbaiot_main_local_threshold_seed6,6,nbaiot_main,local_threshold,Philips_B120N10_Baby_Monitor,0.1176329143345356,local,False,0.33413859659598777,per_client_percentile,0.1176329143345356
nbaiot_main_local_threshold_seed6,6,nbaiot_main,local_threshold,Provision_PT_737E_Security_Camera,0.12041728235781189,local,False,0.33413859659598777,per_client_percentile,0.12041728235781189
nbaiot_main_local_threshold_seed6,6,nbaiot_main,local_threshold,Provision_PT_838_Security_Camera,0.15965380370616913,local,False,0.33413859659598777,per_client_percentile,0.15965380370616913
nbaiot_main_local_threshold_seed6,6,nbaiot_main,local_threshold,Samsung_SNH_1011_N_Webcam,0.5300369143486022,local,False,0.33413859659598777,per_client_percentile,0.5300369143486022
nbaiot_main_local_threshold_seed6,6,nbaiot_main,local_threshold,SimpleHome_XCS7_1002_WHT_Security_Camera,0.6216105937957752,local,False,0.33413859659598777,per_client_percentile,0.6216105937957752
nbaiot_main_local_threshold_seed6,6,nbaiot_main,local_threshold,SimpleHome_XCS7_1003_WHT_Security_Camera,0.5916271567344534,local,False,0.33413859659598777,per_client_percentile,0.5916271567344534
nbaiot_main_local_threshold_seed7,7,nbaiot_main,local_threshold,Danmini_Doorbell,0.4322259664535529,local,False,0.35454095357822024,per_client_percentile,0.4322259664535529
nbaiot_main_local_threshold_seed7,7,nbaiot_main,local_threshold,Ecobee_Thermostat,0.27588356584310497,local,False,0.35454095357822024,per_client_percentile,0.27588356584310497
nbaiot_main_local_threshold_seed7,7,nbaiot_main,local_threshold,Ennio_Doorbell,0.1632537782192225,local,False,0.35454095357822024,per_client_percentile,0.1632537782192225
nbaiot_main_local_threshold_seed7,7,nbaiot_main,local_threshold,Philips_B120N10_Baby_Monitor,0.1072599854320288,local,False,0.35454095357822024,per_client_percentile,0.1072599854320288
nbaiot_main_local_threshold_seed7,7,nbaiot_main,local_threshold,Provision_PT_737E_Security_Camera,0.17040315195918074,local,False,0.35454095357822024,per_client_percentile,0.17040315195918074
nbaiot_main_local_threshold_seed7,7,nbaiot_main,local_threshold,Provision_PT_838_Security_Camera,0.1928467079997063,local,False,0.35454095357822024,per_client_percentile,0.1928467079997063
nbaiot_main_local_threshold_seed7,7,nbaiot_main,local_threshold,Samsung_SNH_1011_N_Webcam,0.6497595101594924,local,False,0.35454095357822024,per_client_percentile,0.6497595101594924
nbaiot_main_local_threshold_seed7,7,nbaiot_main,local_threshold,SimpleHome_XCS7_1002_WHT_Security_Camera,0.5387758135795585,local,False,0.35454095357822024,per_client_percentile,0.5387758135795585
nbaiot_main_local_threshold_seed7,7,nbaiot_main,local_threshold,SimpleHome_XCS7_1003_WHT_Security_Camera,0.6604601025581347,local,False,0.35454095357822024,per_client_percentile,0.6604601025581347
nbaiot_main_local_threshold_seed8,8,nbaiot_main,local_threshold,Danmini_Doorbell,0.4855330705642701,local,False,0.41360510935386013,per_client_percentile,0.4855330705642701
nbaiot_main_local_threshold_seed8,8,nbaiot_main,local_threshold,Ecobee_Thermostat,0.33148062676191253,local,False,0.41360510935386013,per_client_percentile,0.33148062676191253
nbaiot_main_local_threshold_seed8,8,nbaiot_main,local_threshold,Ennio_Doorbell,0.1889535330235958,local,False,0.41360510935386013,per_client_percentile,0.1889535330235958
nbaiot_main_local_threshold_seed8,8,nbaiot_main,local_threshold,Philips_B120N10_Baby_Monitor,0.12199610956013204,local,False,0.41360510935386013,per_client_percentile,0.12199610956013204
nbaiot_main_local_threshold_seed8,8,nbaiot_main,local_threshold,Provision_PT_737E_Security_Camera,0.1171332750469446,local,False,0.41360510935386013,per_client_percentile,0.1171332750469446
nbaiot_main_local_threshold_seed8,8,nbaiot_main,local_threshold,Provision_PT_838_Security_Camera,0.1479500874876976,local,False,0.41360510935386013,per_client_percentile,0.1479500874876976
nbaiot_main_local_threshold_seed8,8,nbaiot_main,local_threshold,Samsung_SNH_1011_N_Webcam,0.7008317053318023,local,False,0.41360510935386013,per_client_percentile,0.7008317053318023
nbaiot_main_local_threshold_seed8,8,nbaiot_main,local_threshold,SimpleHome_XCS7_1002_WHT_Security_Camera,0.9889944791793823,local,False,0.41360510935386013,per_client_percentile,0.9889944791793823
nbaiot_main_local_threshold_seed8,8,nbaiot_main,local_threshold,SimpleHome_XCS7_1003_WHT_Security_Camera,0.6395730972290039,local,False,0.41360510935386013,per_client_percentile,0.6395730972290039
nbaiot_main_local_threshold_seed9,9,nbaiot_main,local_threshold,Danmini_Doorbell,0.45583250522613555,local,False,0.4124522379702991,per_client_percentile,0.45583250522613555
nbaiot_main_local_threshold_seed9,9,nbaiot_main,local_threshold,Ecobee_Thermostat,0.27302483469247785,local,False,0.4124522379702991,per_client_percentile,0.27302483469247785
nbaiot_main_local_threshold_seed9,9,nbaiot_main,local_threshold,Ennio_Doorbell,0.16708210110664362,local,False,0.4124522379702991,per_client_percentile,0.16708210110664362
nbaiot_main_local_threshold_seed9,9,nbaiot_main,local_threshold,Philips_B120N10_Baby_Monitor,0.10738971382379538,local,False,0.4124522379702991,per_client_percentile,0.10738971382379538
nbaiot_main_local_threshold_seed9,9,nbaiot_main,local_threshold,Provision_PT_737E_Security_Camera,0.119672293961048,local,False,0.4124522379702991,per_client_percentile,0.119672293961048
nbaiot_main_local_threshold_seed9,9,nbaiot_main,local_threshold,Provision_PT_838_Security_Camera,0.17572442591190343,local,False,0.4124522379702991,per_client_percentile,0.17572442591190343
nbaiot_main_local_threshold_seed9,9,nbaiot_main,local_threshold,Samsung_SNH_1011_N_Webcam,0.8005066782236094,local,False,0.4124522379702991,per_client_percentile,0.8005066782236094
nbaiot_main_local_threshold_seed9,9,nbaiot_main,local_threshold,SimpleHome_XCS7_1002_WHT_Security_Camera,0.846114432811737,local,False,0.4124522379702991,per_client_percentile,0.846114432811737
nbaiot_main_local_threshold_seed9,9,nbaiot_main,local_threshold,SimpleHome_XCS7_1003_WHT_Security_Camera,0.7667231559753418,local,False,0.4124522379702991,per_client_percentile,0.7667231559753418
nbaiot_main_cluster_threshold_seed3,3,nbaiot_main,cluster_threshold,Danmini_Doorbell,0.32419602274894715,cluster,False,0.40975172316862474,eligible_cluster_arithmetic_mean,0.4731938600540162
nbaiot_main_cluster_threshold_seed3,3,nbaiot_main,cluster_threshold,Ecobee_Thermostat,0.6608349949121474,cluster,False,0.40975172316862474,eligible_cluster_arithmetic_mean,0.26930424869060493
nbaiot_main_cluster_threshold_seed3,3,nbaiot_main,cluster_threshold,Ennio_Doorbell,0.32419602274894715,cluster,False,0.40975172316862474,eligible_cluster_arithmetic_mean,0.1751981854438781
nbaiot_main_cluster_threshold_seed3,3,nbaiot_main,cluster_threshold,Philips_B120N10_Baby_Monitor,0.1320111611237129,cluster,False,0.40975172316862474,eligible_cluster_arithmetic_mean,0.1274134851992131
nbaiot_main_cluster_threshold_seed3,3,nbaiot_main,cluster_threshold,Provision_PT_737E_Security_Camera,0.1320111611237129,cluster,False,0.40975172316862474,eligible_cluster_arithmetic_mean,0.12445045150816438
nbaiot_main_cluster_threshold_seed3,3,nbaiot_main,cluster_threshold,Provision_PT_838_Security_Camera,0.1320111611237129,cluster,False,0.40975172316862474,eligible_cluster_arithmetic_mean,0.14416954666376114
nbaiot_main_cluster_threshold_seed3,3,nbaiot_main,cluster_threshold,Samsung_SNH_1011_N_Webcam,0.6608349949121474,cluster,False,0.40975172316862474,eligible_cluster_arithmetic_mean,0.9982847481966018
nbaiot_main_cluster_threshold_seed3,3,nbaiot_main,cluster_threshold,SimpleHome_XCS7_1002_WHT_Security_Camera,0.6608349949121474,cluster,False,0.40975172316862474,eligible_cluster_arithmetic_mean,0.8133240938186642
nbaiot_main_cluster_threshold_seed3,3,nbaiot_main,cluster_threshold,SimpleHome_XCS7_1003_WHT_Security_Camera,0.6608349949121474,cluster,False,0.40975172316862474,eligible_cluster_arithmetic_mean,0.5624268889427184
nbaiot_main_cluster_threshold_seed0,0,nbaiot_main,cluster_threshold,Danmini_Doorbell,0.49367818534374214,cluster,False,0.367237195289797,eligible_cluster_arithmetic_mean,0.48428599834442165
nbaiot_main_cluster_threshold_seed0,0,nbaiot_main,cluster_threshold,Ecobee_Thermostat,0.5686675697565073,cluster,False,0.367237195289797,eligible_cluster_arithmetic_mean,0.2936508029699321
nbaiot_main_cluster_threshold_seed0,0,nbaiot_main,cluster_threshold,Ennio_Doorbell,0.15294391941279173,cluster,False,0.367237195289797,eligible_cluster_arithmetic_mean,0.1552039250731467
nbaiot_main_cluster_threshold_seed0,0,nbaiot_main,cluster_threshold,Philips_B120N10_Baby_Monitor,0.15294391941279173,cluster,False,0.367237195289797,eligible_cluster_arithmetic_mean,0.1157731659710408
nbaiot_main_cluster_threshold_seed0,0,nbaiot_main,cluster_threshold,Provision_PT_737E_Security_Camera,0.15294391941279173,cluster,False,0.367237195289797,eligible_cluster_arithmetic_mean,0.15585540756583213
nbaiot_main_cluster_threshold_seed0,0,nbaiot_main,cluster_threshold,Provision_PT_838_Security_Camera,0.15294391941279173,cluster,False,0.367237195289797,eligible_cluster_arithmetic_mean,0.18494317904114727
nbaiot_main_cluster_threshold_seed0,0,nbaiot_main,cluster_threshold,Samsung_SNH_1011_N_Webcam,0.49367818534374214,cluster,False,0.367237195289797,eligible_cluster_arithmetic_mean,0.5030703723430626
nbaiot_main_cluster_threshold_seed0,0,nbaiot_main,cluster_threshold,SimpleHome_XCS7_1002_WHT_Security_Camera,0.5686675697565073,cluster,False,0.367237195289797,eligible_cluster_arithmetic_mean,0.8101808905601501
nbaiot_main_cluster_threshold_seed0,0,nbaiot_main,cluster_threshold,SimpleHome_XCS7_1003_WHT_Security_Camera,0.5686675697565073,cluster,False,0.367237195289797,eligible_cluster_arithmetic_mean,0.6021710157394398
nbaiot_main_cluster_threshold_seed5,5,nbaiot_main,cluster_threshold,Danmini_Doorbell,0.46541510820388804,cluster,False,0.37401881122754627,eligible_cluster_arithmetic_mean,0.46541510820388804
nbaiot_main_cluster_threshold_seed5,5,nbaiot_main,cluster_threshold,Ecobee_Thermostat,0.5795387692749489,cluster,False,0.37401881122754627,eligible_cluster_arithmetic_mean,0.2973048508167266
nbaiot_main_cluster_threshold_seed5,5,nbaiot_main,cluster_threshold,Ennio_Doorbell,0.1456497789360584,cluster,False,0.37401881122754627,eligible_cluster_arithmetic_mean,0.15347834229469268
nbaiot_main_cluster_threshold_seed5,5,nbaiot_main,cluster_threshold,Philips_B120N10_Baby_Monitor,0.1456497789360584,cluster,False,0.37401881122754627,eligible_cluster_arithmetic_mean,0.11378398202359756
nbaiot_main_cluster_threshold_seed5,5,nbaiot_main,cluster_threshold,Provision_PT_737E_Security_Camera,0.1456497789360584,cluster,False,0.37401881122754627,eligible_cluster_arithmetic_mean,0.13738885819911956
nbaiot_main_cluster_threshold_seed5,5,nbaiot_main,cluster_threshold,Provision_PT_838_Security_Camera,0.1456497789360584,cluster,False,0.37401881122754627,eligible_cluster_arithmetic_mean,0.17794793322682384
nbaiot_main_cluster_threshold_seed5,5,nbaiot_main,cluster_threshold,Samsung_SNH_1011_N_Webcam,0.5795387692749489,cluster,False,0.37401881122754627,eligible_cluster_arithmetic_mean,0.645886906981467
nbaiot_main_cluster_threshold_seed5,5,nbaiot_main,cluster_threshold,SimpleHome_XCS7_1002_WHT_Security_Camera,0.5795387692749489,cluster,False,0.37401881122754627,eligible_cluster_arithmetic_mean,0.674453556537628
nbaiot_main_cluster_threshold_seed5,5,nbaiot_main,cluster_threshold,SimpleHome_XCS7_1003_WHT_Security_Camera,0.5795387692749489,cluster,False,0.37401881122754627,eligible_cluster_arithmetic_mean,0.7005097627639738
nbaiot_main_global_threshold_seed3,3,nbaiot_main,global_threshold,Danmini_Doorbell,0.40975172316862474,global,False,0.40975172316862474,eligible_client_arithmetic_mean,0.4731938600540162
nbaiot_main_global_threshold_seed3,3,nbaiot_main,global_threshold,Ecobee_Thermostat,0.40975172316862474,global,False,0.40975172316862474,eligible_client_arithmetic_mean,0.26930424869060493
nbaiot_main_global_threshold_seed3,3,nbaiot_main,global_threshold,Ennio_Doorbell,0.40975172316862474,global,False,0.40975172316862474,eligible_client_arithmetic_mean,0.1751981854438781
nbaiot_main_global_threshold_seed3,3,nbaiot_main,global_threshold,Philips_B120N10_Baby_Monitor,0.40975172316862474,global,False,0.40975172316862474,eligible_client_arithmetic_mean,0.1274134851992131
nbaiot_main_global_threshold_seed3,3,nbaiot_main,global_threshold,Provision_PT_737E_Security_Camera,0.40975172316862474,global,False,0.40975172316862474,eligible_client_arithmetic_mean,0.12445045150816438
nbaiot_main_global_threshold_seed3,3,nbaiot_main,global_threshold,Provision_PT_838_Security_Camera,0.40975172316862474,global,False,0.40975172316862474,eligible_client_arithmetic_mean,0.14416954666376114
nbaiot_main_global_threshold_seed3,3,nbaiot_main,global_threshold,Samsung_SNH_1011_N_Webcam,0.40975172316862474,global,False,0.40975172316862474,eligible_client_arithmetic_mean,0.9982847481966018
nbaiot_main_global_threshold_seed3,3,nbaiot_main,global_threshold,SimpleHome_XCS7_1002_WHT_Security_Camera,0.40975172316862474,global,False,0.40975172316862474,eligible_client_arithmetic_mean,0.8133240938186642
nbaiot_main_global_threshold_seed3,3,nbaiot_main,global_threshold,SimpleHome_XCS7_1003_WHT_Security_Camera,0.40975172316862474,global,False,0.40975172316862474,eligible_client_arithmetic_mean,0.5624268889427184
nbaiot_main_cluster_threshold_seed4,4,nbaiot_main,cluster_threshold,Danmini_Doorbell,0.617642439901829,cluster,False,0.3677247440235484,eligible_cluster_arithmetic_mean,0.5199504017829916
nbaiot_main_cluster_threshold_seed4,4,nbaiot_main,cluster_threshold,Ecobee_Thermostat,0.20153269078582522,cluster,False,0.3677247440235484,eligible_cluster_arithmetic_mean,0.2886346548795699
nbaiot_main_cluster_threshold_seed4,4,nbaiot_main,cluster_threshold,Ennio_Doorbell,0.14529585167765618,cluster,False,0.3677247440235484,eligible_cluster_arithmetic_mean,0.1567363202571869
nbaiot_main_cluster_threshold_seed4,4,nbaiot_main,cluster_threshold,Philips_B120N10_Baby_Monitor,0.20153269078582522,cluster,False,0.3677247440235484,eligible_cluster_arithmetic_mean,0.11443072669208056
nbaiot_main_cluster_threshold_seed4,4,nbaiot_main,cluster_threshold,Provision_PT_737E_Security_Camera,0.14529585167765618,cluster,False,0.3677247440235484,eligible_cluster_arithmetic_mean,0.11401620507240294
nbaiot_main_cluster_threshold_seed4,4,nbaiot_main,cluster_threshold,Provision_PT_838_Security_Camera,0.14529585167765618,cluster,False,0.3677247440235484,eligible_cluster_arithmetic_mean,0.16513502970337873
nbaiot_main_cluster_threshold_seed4,4,nbaiot_main,cluster_threshold,Samsung_SNH_1011_N_Webcam,0.617642439901829,cluster,False,0.3677247440235484,eligible_cluster_arithmetic_mean,0.6142655909061424
nbaiot_main_cluster_threshold_seed4,4,nbaiot_main,cluster_threshold,SimpleHome_XCS7_1002_WHT_Security_Camera,0.617642439901829,cluster,False,0.3677247440235484,eligible_cluster_arithmetic_mean,0.7305568456649779
nbaiot_main_cluster_threshold_seed4,4,nbaiot_main,cluster_threshold,SimpleHome_XCS7_1003_WHT_Security_Camera,0.617642439901829,cluster,False,0.3677247440235484,eligible_cluster_arithmetic_mean,0.6057969212532044
nbaiot_main_cluster_threshold_seed2,2,nbaiot_main,cluster_threshold,Danmini_Doorbell,0.35047121979296236,cluster,False,0.41835228490332754,eligible_cluster_arithmetic_mean,0.5307115793228157
nbaiot_main_cluster_threshold_seed2,2,nbaiot_main,cluster_threshold,Ecobee_Thermostat,0.6497077260166403,cluster,False,0.41835228490332754,eligible_cluster_arithmetic_mean,0.3728890880942342
nbaiot_main_cluster_threshold_seed2,2,nbaiot_main,cluster_threshold,Ennio_Doorbell,0.35047121979296236,cluster,False,0.41835228490332754,eligible_cluster_arithmetic_mean,0.17023086026310913
nbaiot_main_cluster_threshold_seed2,2,nbaiot_main,cluster_threshold,Philips_B120N10_Baby_Monitor,0.15513240682582072,cluster,False,0.41835228490332754,eligible_cluster_arithmetic_mean,0.12037581540644188
nbaiot_main_cluster_threshold_seed2,2,nbaiot_main,cluster_threshold,Provision_PT_737E_Security_Camera,0.15513240682582072,cluster,False,0.41835228490332754,eligible_cluster_arithmetic_mean,0.14296980425715447
nbaiot_main_cluster_threshold_seed2,2,nbaiot_main,cluster_threshold,Provision_PT_838_Security_Camera,0.15513240682582072,cluster,False,0.41835228490332754,eligible_cluster_arithmetic_mean,0.20205160081386572
nbaiot_main_cluster_threshold_seed2,2,nbaiot_main,cluster_threshold,Samsung_SNH_1011_N_Webcam,0.6497077260166403,cluster,False,0.41835228490332754,eligible_cluster_arithmetic_mean,0.729207208752631
nbaiot_main_cluster_threshold_seed2,2,nbaiot_main,cluster_threshold,SimpleHome_XCS7_1002_WHT_Security_Camera,0.6497077260166403,cluster,False,0.41835228490332754,eligible_cluster_arithmetic_mean,0.7881907701492309
nbaiot_main_cluster_threshold_seed2,2,nbaiot_main,cluster_threshold,SimpleHome_XCS7_1003_WHT_Security_Camera,0.6497077260166403,cluster,False,0.41835228490332754,eligible_cluster_arithmetic_mean,0.708543837070465
