run_id,seed,stage,policy,metric,direction,worst_client_id,worst_value,eligible_pool_size
nbaiot_main_global_threshold_seed2,2,nbaiot_main,global_threshold,fpr,max_is_worst,SimpleHome_XCS7_1002_WHT_Security_Camera,0.12865148444020508,9
nbaiot_main_global_threshold_seed2,2,nbaiot_main,global_threshold,tpr,min_is_worst,Ennio_Doorbell,0.35118520859671304,9
nbaiot_main_global_threshold_seed2,2,nbaiot_main,global_threshold,macro_f1,min_is_worst,Ennio_Doorbell,0.29096314217205965,9
nbaiot_main_global_threshold_seed2,2,nbaiot_main,global_threshold,balanced_accuracy,min_is_worst,Ennio_Doorbell,0.6610288077652505,9
nbaiot_main_global_threshold_seed1,1,nbaiot_main,global_threshold,fpr,max_is_worst,SimpleHome_XCS7_1002_WHT_Security_Camera,0.13127459162990343,9
nbaiot_main_global_threshold_seed1,1,nbaiot_main,global_threshold,tpr,min_is_worst,Ennio_Doorbell,0.3511725663716814,9
nbaiot_main_global_threshold_seed1,1,nbaiot_main,global_threshold,macro_f1,min_is_worst,Ennio_Doorbell,0.29095565061789225,9
nbaiot_main_global_threshold_seed1,1,nbaiot_main,global_threshold,balanced_accuracy,min_is_worst,Samsung_SNH_1011_N_Webcam,0.6341055748706748,9
nbaiot_main_global_threshold_seed0,0,nbaiot_main,global_threshold,fpr,max_is_worst,SimpleHome_XCS7_1002_WHT_Security_Camera,0.12495528794563014,9
nbaiot_main_global_threshold_seed0,0,nbaiot_main,global_threshold,tpr,min_is_worst,Ennio_Doorbell,0.35118520859671304,9
nbaiot_main_global_threshold_seed0,0,nbaiot_main,global_threshold,macro_f1,min_is_worst,Ennio_Doorbell,0.29096314217205965,9
nbaiot_main_global_threshold_seed0,0,nbaiot_main,global_threshold,balanced_accuracy,min_is_worst,Ennio_Doorbell,0.6610288077652505,9
nbaiot_main_cluster_threshold_seed1,1,nbaiot_main,cluster_threshold,fpr,max_is_worst,SimpleHome_XCS7_1002_WHT_Security_Camera,0.1111243591272207,9
nbaiot_main_cluster_threshold_seed1,1,nbaiot_main,cluster_threshold,tpr,min_is_worst,Ennio_Doorbell,0.3511662452591656,9
nbaiot_main_cluster_threshold_seed1,1,nbaiot_main,cluster_threshold,macro_f1,min_is_worst,Ennio_Doorbell,0.29095190480004357,9
nbaiot_main_cluster_threshold_seed1,1,nbaiot_main,cluster_threshold,balanced_accuracy,min_is_worst,Samsung_SNH_1011_N_Webcam,0.6460750291291797,9
nbaiot_main_cluster_threshold_seed8,8,nbaiot_main,cluster_threshold,fpr,max_is_worst,SimpleHome_XCS7_1002_WHT_Security_Camera,0.11684750208656254,9
nbaiot_main_cluster_threshold_seed8,8,nbaiot_main,cluster_threshold,tpr,min_is_worst,Ennio_Doorbell,0.3511820480404551,9
nbaiot_main_cluster_threshold_seed8,8,nbaiot_main,cluster_threshold,macro_f1,min_is_worst,Ennio_Doorbell,0.2909612692937089,9
nbaiot_main_cluster_threshold_seed8,8,nbaiot_main,cluster_threshold,balanced_accuracy,min_is_worst,Samsung_SNH_1011_N_Webcam,0.6608747056696278,9
nbaiot_main_cluster_threshold_seed9,9,nbaiot_main,cluster_threshold,fpr,max_is_worst,SimpleHome_XCS7_1002_WHT_Security_Camera,0.08501251937522356,9
nbaiot_main_cluster_threshold_seed9,9,nbaiot_main,cluster_threshold,tpr,min_is_worst,Ennio_Doorbell,0.35118520859671304,9
nbaiot_main_cluster_threshold_seed9,9,nbaiot_main,cluster_threshold,macro_f1,min_is_worst,Ennio_Doorbell,0.29096314217205965,9
nbaiot_main_cluster_threshold_seed9,9,nbaiot_main,cluster_threshold,balanced_accuracy,min_is_worst,Samsung_SNH_1011_N_Webcam,0.6597376848741219,9
nbaiot_main_cluster_threshold_seed6,6,nbaiot_main,cluster_threshold,fpr,max_is_worst,SimpleHome_XCS7_1002_WHT_Security_Camera,0.11792059139143914,9
nbaiot_main_cluster_threshold_seed6,6,nbaiot_main,cluster_threshold,tpr,min_is_worst,Ennio_Doorbell,0.3511883691529709,9
nbaiot_main_cluster_threshold_seed6,6,nbaiot_main,cluster_threshold,macro_f1,min_is_worst,Ennio_Doorbell,0.2909650150436165,9
nbaiot_main_cluster_threshold_seed6,6,nbaiot_main,cluster_threshold,balanced_accuracy,min_is_worst,Samsung_SNH_1011_N_Webcam,0.6585545031808402,9
nbaiot_main_cluster_threshold_seed7,7,nbaiot_main,cluster_threshold,fpr,max_is_worst,Ecobee_Thermostat,0.1710414902624894,9
nbaiot_main_cluster_threshold_seed7,7,nbaiot_main,cluster_threshold,tpr,min_is_worst,Ennio_Doorbell,0.35118520859671304,9
nbaiot_main_cluster_threshold_seed7,7,nbaiot_main,cluster_threshold,macro_f1,min_is_worst,Ennio_Doorbell,0.2909581140904272,9
nbaiot_main_cluster_threshold_seed7,7,nbaiot_main,cluster_threshold,balanced_accuracy,min_is_worst,Ennio_Doorbell,0.660957764855333,9
nbaiot_main_global_threshold_seed4,4,nbaiot_main,global_threshold,fpr,max_is_worst,SimpleHome_XCS7_1002_WHT_Security_Camera,0.12698223441039705,9
nbaiot_main_global_threshold_seed4,4,nbaiot_main,global_threshold,tpr,min_is_worst,Ennio_Doorbell,0.3511820480404551,9
nbaiot_main_global_threshold_seed4,4,nbaiot_main,global_threshold,macro_f1,min_is_worst,Ennio_Doorbell,0.2909612692937089,9
nbaiot_main_global_threshold_seed4,4,nbaiot_main,global_threshold,balanced_accuracy,min_is_worst,Samsung_SNH_1011_N_Webcam,0.6477037663874188,9
nbaiot_main_global_threshold_seed5,5,nbaiot_main,global_threshold,fpr,max_is_worst,SimpleHome_XCS7_1002_WHT_Security_Camera,0.13306307380469776,9
nbaiot_main_global_threshold_seed5,5,nbaiot_main,global_threshold,tpr,min_is_worst,Ennio_Doorbell,0.3511946902654867,9
nbaiot_main_global_threshold_seed5,5,nbaiot_main,global_threshold,macro_f1,min_is_worst,Ennio_Doorbell,0.2909637326182699,9
nbaiot_main_global_threshold_seed5,5,nbaiot_main,global_threshold,balanced_accuracy,min_is_worst,Ennio_Doorbell,0.6609625056897198,9
nbaiot_main_global_threshold_seed6,6,nbaiot_main,global_threshold,fpr,max_is_worst,SimpleHome_XCS7_1002_WHT_Security_Camera,0.13628234171932754,9
nbaiot_main_global_threshold_seed6,6,nbaiot_main,global_threshold,tpr,min_is_worst,Ennio_Doorbell,0.35117888748419723,9
nbaiot_main_global_threshold_seed6,6,nbaiot_main,global_threshold,macro_f1,min_is_worst,Ennio_Doorbell,0.29095939640856416,9
nbaiot_main_global_threshold_seed6,6,nbaiot_main,global_threshold,balanced_accuracy,min_is_worst,Ennio_Doorbell,0.6610256472089926,9
nbaiot_main_global_threshold_seed7,7,nbaiot_main,global_threshold,fpr,max_is_worst,SimpleHome_XCS7_1002_WHT_Security_Camera,0.12769762728031478,9
nbaiot_main_global_threshold_seed7,7,nbaiot_main,global_threshold,tpr,min_is_worst,Ennio_Doorbell,0.35117888748419723,9
nbaiot_main_global_threshold_seed7,7,nbaiot_main,global_threshold,macro_f1,min_is_worst,Ennio_Doorbell,0.29095939640856416,9
nbaiot_main_global_threshold_seed7,7,nbaiot_main,global_threshold,balanced_accuracy,min_is_worst,Ennio_Doorbell,0.6610256472089926,9
nbaiot_main_global_threshold_seed8,8,nbaiot_main,global_threshold,fpr,max_is_worst,SimpleHome_XCS7_1002_WHT_Security_Camera,0.13175152020984857,9
nbaiot_main_global_threshold_seed8,8,nbaiot_main,global_threshold,tpr,min_is_worst,Ennio_Doorbell,0.3511757269279393,9
nbaiot_main_global_threshold_seed8,8,nbaiot_main,global_threshold,macro_f1,min_is_worst,Ennio_Doorbell,0.29096757943449525,9
nbaiot_main_global_threshold_seed8,8,nbaiot_main,global_threshold,balanced_accuracy,min_is_worst,Ennio_Doorbell,0.6611661527506989,9
nbaiot_main_global_threshold_seed9,9,nbaiot_main,global_threshold,fpr,max_is_worst,SimpleHome_XCS7_1002_WHT_Security_Camera,0.12984380589006797,9
nbaiot_main_global_threshold_seed9,9,nbaiot_main,global_threshold,tpr,min_is_worst,Ennio_Doorbell,0.3511820480404551,9
nbaiot_main_global_threshold_seed9,9,nbaiot_main,global_threshold,macro_f1,min_is_worst,Ennio_Doorbell,0.2909612692937089,9
nbaiot_main_global_threshold_seed9,9,nbaiot_main,global_threshold,balanced_accuracy,min_is_worst,Ennio_Doorbell,0.6610272274871215,9
nbaiot_main_local_threshold_seed0,0,nbaiot_main,local_threshold,fpr,max_is_worst,Ecobee_Thermostat,0.06096528365791702,9
nbaiot_main_local_threshold_seed0,0,nbaiot_main,local_threshold,tpr,min_is_worst,Ennio_Doorbell,0.35119785082174465,9
nbaiot_main_local_threshold_seed0,0,nbaiot_main,local_threshold,macro_f1,min_is_worst,Ennio_Doorbell,0.29025122421502525,9
nbaiot_main_local_threshold_seed0,0,nbaiot_main,local_threshold,balanced_accuracy,min_is_worst,Ennio_Doorbell,0.6508759927595509,9
nbaiot_main_local_threshold_seed1,1,nbaiot_main,local_threshold,fpr,max_is_worst,Ecobee_Thermostat,0.07662997459779848,9
nbaiot_main_local_threshold_seed1,1,nbaiot_main,local_threshold,tpr,min_is_worst,Ennio_Doorbell,0.3511946902654867,9
nbaiot_main_local_threshold_seed1,1,nbaiot_main,local_threshold,macro_f1,min_is_worst,Ennio_Doorbell,0.2903097538076785,9
nbaiot_main_local_threshold_seed1,1,nbaiot_main,local_threshold,balanced_accuracy,min_is_worst,Ennio_Doorbell,0.651726927400433,9
nbaiot_main_local_threshold_seed2,2,nbaiot_main,local_threshold,fpr,max_is_worst,Ecobee_Thermostat,0.06519898391193904,9
nbaiot_main_local_threshold_seed2,2,nbaiot_main,local_threshold,tpr,min_is_worst,Ennio_Doorbell,0.3512231352718078,9
nbaiot_main_local_threshold_seed2,2,nbaiot_main,local_threshold,macro_f1,min_is_worst,Ennio_Doorbell,0.2902812823366099,9
nbaiot_main_local_threshold_seed2,2,nbaiot_main,local_threshold,balanced_accuracy,min_is_worst,Ennio_Doorbell,0.6511017637143353,9
nbaiot_main_local_threshold_seed3,3,nbaiot_main,local_threshold,fpr,max_is_worst,Ecobee_Thermostat,0.06689246401354784,9
nbaiot_main_local_threshold_seed3,3,nbaiot_main,local_threshold,tpr,min_is_worst,Ennio_Doorbell,0.35123577749683943,9
nbaiot_main_local_threshold_seed3,3,nbaiot_main,local_threshold,macro_f1,min_is_worst,Ennio_Doorbell,0.2903340625822733,9
nbaiot_main_local_threshold_seed3,3,nbaiot_main,local_threshold,balanced_accuracy,min_is_worst,Ennio_Doorbell,0.6517474710161094,9
nbaiot_main_local_threshold_seed4,4,nbaiot_main,local_threshold,fpr,max_is_worst,Ecobee_Thermostat,0.06858594411515664,9
nbaiot_main_local_threshold_seed4,4,nbaiot_main,local_threshold,tpr,min_is_worst,Ennio_Doorbell,0.3512010113780025,9
nbaiot_main_local_threshold_seed4,4,nbaiot_main,local_threshold,macro_f1,min_is_worst,Ennio_Doorbell,0.29027322775832903,9
nbaiot_main_local_threshold_seed4,4,nbaiot_main,local_threshold,balanced_accuracy,min_is_worst,Ennio_Doorbell,0.6511617446773502,9
nbaiot_main_local_threshold_seed5,5,nbaiot_main,local_threshold,fpr,max_is_worst,SimpleHome_XCS7_1002_WHT_Security_Camera,0.059973768928103015,9
nbaiot_main_local_threshold_seed5,5,nbaiot_main,local_threshold,tpr,min_is_worst,Ennio_Doorbell,0.3512231352718078,9
nbaiot_main_local_threshold_seed5,5,nbaiot_main,local_threshold,macro_f1,min_is_worst,Ennio_Doorbell,0.29034671576935717,9
nbaiot_main_local_threshold_seed5,5,nbaiot_main,local_threshold,balanced_accuracy,min_is_worst,Ennio_Doorbell,0.652025321543264,9
nbaiot_main_local_threshold_seed6,6,nbaiot_main,local_threshold,fpr,max_is_worst,SimpleHome_XCS7_1002_WHT_Security_Camera,0.06176225110289734,9
nbaiot_main_local_threshold_seed6,6,nbaiot_main,local_threshold,tpr,min_is_worst,Ennio_Doorbell,0.35120417193426046,9
nbaiot_main_local_threshold_seed6,6,nbaiot_main,local_threshold,macro_f1,min_is_worst,Ennio_Doorbell,0.290345561633694,9
nbaiot_main_local_threshold_seed6,6,nbaiot_main,local_threshold,balanced_accuracy,min_is_worst,Ennio_Doorbell,0.6521579256943255,9
nbaiot_main_local_threshold_seed7,7,nbaiot_main,local_threshold,fpr,max_is_worst,Ecobee_Thermostat,0.07917019475021168,9
nbaiot_main_local_threshold_seed7,7,nbaiot_main,local_threshold,tpr,min_is_worst,Provision_PT_737E_Security_Camera,0.7279984754067975,9
nbaiot_main_local_threshold_seed7,7,nbaiot_main,local_threshold,macro_f1,min_is_worst,Provision_PT_737E_Security_Camera,0.4673747818640818,9
nbaiot_main_local_threshold_seed7,7,nbaiot_main,local_threshold,balanced_accuracy,min_is_worst,Provision_PT_737E_Security_Camera,0.8397811858714059,9
nbaiot_main_local_threshold_seed8,8,nbaiot_main,local_threshold,fpr,max_is_worst,SimpleHome_XCS7_1002_WHT_Security_Camera,0.053892929533802314,9
nbaiot_main_local_threshold_seed8,8,nbaiot_main,local_threshold,tpr,min_is_worst,Samsung_SNH_1011_N_Webcam,0.35518088847068147,9
nbaiot_main_local_threshold_seed8,8,nbaiot_main,local_threshold,macro_f1,min_is_worst,Samsung_SNH_1011_N_Webcam,0.3019534045594794,9
nbaiot_main_local_threshold_seed8,8,nbaiot_main,local_threshold,balanced_accuracy,min_is_worst,Samsung_SNH_1011_N_Webcam,0.6612930432979739,9
nbaiot_main_local_threshold_seed9,9,nbaiot_main,local_threshold,fpr,max_is_worst,Ecobee_Thermostat,0.06435224386113463,9
nbaiot_main_local_threshold_seed9,9,nbaiot_main,local_threshold,tpr,min_is_worst,Ennio_Doorbell,0.35120417193426046,9
nbaiot_main_local_threshold_seed9,9,nbaiot_main,local_threshold,macro_f1,min_is_worst,Ennio_Doorbell,0.290305297324228,9
nbaiot_main_local_threshold_seed9,9,nbaiot_main,local_threshold,balanced_accuracy,min_is_worst,Ennio_Doorbell,0.6515895824149847,9
nbaiot_main_cluster_threshold_seed3,3,nbaiot_main,cluster_threshold,fpr,max_is_worst,SimpleHome_XCS7_1002_WHT_Security_Camera,0.10230118039823537,9
nbaiot_main_cluster_threshold_seed3,3,nbaiot_main,cluster_threshold,tpr,min_is_worst,Ennio_Doorbell,0.3511883691529709,9
nbaiot_main_cluster_threshold_seed3,3,nbaiot_main,cluster_threshold,macro_f1,min_is_worst,Ennio_Doorbell,0.2909650150436165,9
nbaiot_main_cluster_threshold_seed3,3,nbaiot_main,cluster_threshold,balanced_accuracy,min_is_worst,Samsung_SNH_1011_N_Webcam,0.6535713266826788,9
nbaiot_main_cluster_threshold_seed0,0,nbaiot_main,cluster_threshold,fpr,max_is_worst,SimpleHome_XCS7_1002_WHT_Security_Camera,0.09932037677357816,9
nbaiot_main_cluster_threshold_seed0,0,nbaiot_main,cluster_threshold,tpr,min_is_worst,Ennio_Doorbell,0.35119785082174465,9
nbaiot_main_cluster_threshold_seed0,0,nbaiot_main,cluster_threshold,macro_f1,min_is_worst,Ennio_Doorbell,0.2901706830765286,9
nbaiot_main_cluster_threshold_seed0,0,nbaiot_main,cluster_threshold,balanced_accuracy,min_is_worst,Ennio_Doorbell,0.6497393062008695,9
nbaiot_main_cluster_threshold_seed5,5,nbaiot_main,cluster_threshold,fpr,max_is_worst,SimpleHome_XCS7_1002_WHT_Security_Camera,0.09109335876952426,9
nbaiot_main_cluster_threshold_seed5,5,nbaiot_main,cluster_threshold,tpr,min_is_worst,Samsung_SNH_1011_N_Webcam,0.35536041501584786,9
nbaiot_main_cluster_threshold_seed5,5,nbaiot_main,cluster_threshold,macro_f1,min_is_worst,Samsung_SNH_1011_N_Webcam,0.3017230409879443,9
nbaiot_main_cluster_threshold_seed5,5,nbaiot_main,cluster_threshold,balanced_accuracy,min_is_worst,Samsung_SNH_1011_N_Webcam,0.6576546429574339,9
nbaiot_main_global_threshold_seed3,3,nbaiot_main,global_threshold,fpr,max_is_worst,SimpleHome_XCS7_1002_WHT_Security_Camera,0.13079766304995827,9
nbaiot_main_global_threshold_seed3,3,nbaiot_main,global_threshold,tpr,min_is_worst,Ennio_Doorbell,0.3511820480404551,9
nbaiot_main_global_threshold_seed3,3,nbaiot_main,global_threshold,macro_f1,min_is_worst,Ennio_Doorbell,0.2909612692937089,9
nbaiot_main_global_threshold_seed3,3,nbaiot_main,global_threshold,balanced_accuracy,min_is_worst,Samsung_SNH_1011_N_Webcam,0.6379510909425882,9
nbaiot_main_cluster_threshold_seed4,4,nbaiot_main,cluster_threshold,fpr,max_is_worst,Ecobee_Thermostat,0.1350550381033023,9
nbaiot_main_cluster_threshold_seed4,4,nbaiot_main,cluster_threshold,tpr,min_is_worst,Ennio_Doorbell,0.35121997471554994,9
nbaiot_main_cluster_threshold_seed4,4,nbaiot_main,cluster_threshold,macro_f1,min_is_worst,Ennio_Doorbell,0.29007300495946653,9
nbaiot_main_cluster_threshold_seed4,4,nbaiot_main,cluster_threshold,balanced_accuracy,min_is_worst,Ennio_Doorbell,0.6481874241295852,9
nbaiot_main_cluster_threshold_seed2,2,nbaiot_main,cluster_threshold,fpr,max_is_worst,SimpleHome_XCS7_1002_WHT_Security_Camera,0.10909741266245379,9
nbaiot_main_cluster_threshold_seed2,2,nbaiot_main,cluster_threshold,tpr,min_is_worst,Ennio_Doorbell,0.35119152970922884,9
nbaiot_main_cluster_threshold_seed2,2,nbaiot_main,cluster_threshold,macro_f1,min_is_worst,Ennio_Doorbell,0.2909668879083795,9
nbaiot_main_cluster_threshold_seed2,2,nbaiot_main,cluster_threshold,balanced_accuracy,min_is_worst,Samsung_SNH_1011_N_Webcam,0.6598952760413115,9
